dataset,frame_id,split,kind,level,seed,max_range_m,min_object_points,n_points,n_objects,n_fov,fov_ratio,box_score,pixel_shift_p50,delta_time_ms
kitti_mini,000001,calibration,yaw,-3.000000000,21,70.000000000,5,120060,3,18634,0.155205730,0.000000000,44.094630224,
kitti_mini,000001,calibration,yaw,-2.000000000,21,70.000000000,5,120060,3,18624,0.155122439,0.094179894,29.472165486,
kitti_mini,000001,calibration,yaw,-1.000000000,21,70.000000000,5,120060,3,18632,0.155189072,0.547619048,14.776124284,
kitti_mini,000001,calibration,yaw,-0.500000000,21,70.000000000,5,120060,3,18630,0.155172414,0.762433862,7.399991440,
kitti_mini,000001,calibration,yaw,0.000000000,21,70.000000000,5,120060,3,18627,0.155147426,1.000000000,0.000000000,
kitti_mini,000001,calibration,yaw,0.500000000,21,70.000000000,5,120060,3,18626,0.155139097,0.770899471,7.394755428,
kitti_mini,000001,calibration,yaw,1.000000000,21,70.000000000,5,120060,3,18627,0.155147426,0.292063492,14.757784664,
kitti_mini,000001,calibration,yaw,2.000000000,21,70.000000000,5,120060,3,18630,0.155172414,0.033333333,29.391056951,
kitti_mini,000001,calibration,yaw,3.000000000,21,70.000000000,5,120060,3,18632,0.155189072,0.000000000,43.900843736,
kitti_mini,000001,calibration,translation_z,0.000000000,21,70.000000000,5,120060,3,18627,0.155147426,1.000000000,0.000000000,
kitti_mini,000001,calibration,translation_z,0.020000000,21,70.000000000,5,120060,3,18816,0.156721639,1.000000000,1.155344007,
kitti_mini,000001,calibration,translation_z,0.050000000,21,70.000000000,5,120060,3,19082,0.158937198,1.000000000,2.888287590,
kitti_mini,000001,calibration,translation_z,0.100000000,21,70.000000000,5,120060,3,19486,0.162302182,1.000000000,5.776333771,
kitti_mini,000004,evaluation,yaw,-3.000000000,21,70.000000000,5,115795,2,18895,0.163176303,0.116883117,44.020620431,
kitti_mini,000004,evaluation,yaw,-2.000000000,21,70.000000000,5,115795,2,18913,0.163331750,0.419830170,29.446466207,
kitti_mini,000004,evaluation,yaw,-1.000000000,21,70.000000000,5,115795,2,18926,0.163444017,0.736013986,14.764505554,
kitti_mini,000004,evaluation,yaw,-0.500000000,21,70.000000000,5,115795,2,18922,0.163409474,0.909840160,7.392457520,
kitti_mini,000004,evaluation,yaw,0.000000000,21,70.000000000,5,115795,2,18909,0.163297206,1.000000000,0.000000000,
kitti_mini,000004,evaluation,yaw,0.500000000,21,70.000000000,5,115795,2,18899,0.163210847,0.910089910,7.391530832,
kitti_mini,000004,evaluation,yaw,1.000000000,21,70.000000000,5,115795,2,18878,0.163029492,0.749000999,14.757055668,
kitti_mini,000004,evaluation,yaw,2.000000000,21,70.000000000,5,115795,2,18821,0.162537243,0.478271728,29.416879834,
kitti_mini,000004,evaluation,yaw,3.000000000,21,70.000000000,5,115795,2,18811,0.162450883,0.136363636,43.982087505,
kitti_mini,000004,evaluation,translation_z,0.000000000,21,70.000000000,5,115795,2,18909,0.163297206,1.000000000,0.000000000,
kitti_mini,000004,evaluation,translation_z,0.020000000,21,70.000000000,5,115795,2,19093,0.164886221,1.000000000,0.996209932,
kitti_mini,000004,evaluation,translation_z,0.050000000,21,70.000000000,5,115795,2,19343,0.167045209,1.000000000,2.490470988,
kitti_mini,000004,evaluation,translation_z,0.100000000,21,70.000000000,5,115795,2,19758,0.170629129,1.000000000,4.980762513,
kitti_mini,000007,evaluation,yaw,-3.000000000,21,70.000000000,5,122083,4,19315,0.158212036,0.060209424,43.714724264,
kitti_mini,000007,evaluation,yaw,-2.000000000,21,70.000000000,5,122083,4,19308,0.158154698,0.196679526,29.215202262,
kitti_mini,000007,evaluation,yaw,-1.000000000,21,70.000000000,5,122083,4,19163,0.156966981,0.583932213,14.623873637,
kitti_mini,000007,evaluation,yaw,-0.500000000,21,70.000000000,5,122083,4,19151,0.156868688,0.929826398,7.322581517,
kitti_mini,000007,evaluation,yaw,0.000000000,21,70.000000000,5,122083,4,19223,0.157458450,1.000000000,0.000000000,
kitti_mini,000007,evaluation,yaw,0.500000000,21,70.000000000,5,122083,4,19233,0.157540362,0.786183522,7.327228563,
kitti_mini,000007,evaluation,yaw,1.000000000,21,70.000000000,5,122083,4,19188,0.157171760,0.487914026,14.631292063,
kitti_mini,000007,evaluation,yaw,2.000000000,21,70.000000000,5,122083,4,19036,0.155926706,0.141430146,29.174538526,
kitti_mini,000007,evaluation,yaw,3.000000000,21,70.000000000,5,122083,4,19068,0.156188822,0.054973822,43.616060359,
kitti_mini,000007,evaluation,translation_z,0.000000000,21,70.000000000,5,122083,4,19223,0.157458450,1.000000000,0.000000000,
kitti_mini,000007,evaluation,translation_z,0.020000000,21,70.000000000,5,122083,4,19404,0.158941048,1.000000000,0.961289703,
kitti_mini,000007,evaluation,translation_z,0.050000000,21,70.000000000,5,122083,4,19642,0.160890542,1.000000000,2.403174126,
kitti_mini,000007,evaluation,translation_z,0.100000000,21,70.000000000,5,122083,4,20070,0.164396353,1.000000000,4.806181160,
kitti_mini,000008,evaluation,yaw,-3.000000000,21,70.000000000,5,122128,6,16963,0.138895257,0.504215731,42.885346192,
kitti_mini,000008,evaluation,yaw,-2.000000000,21,70.000000000,5,122128,6,16970,0.138952574,0.654888356,28.665492136,
kitti_mini,000008,evaluation,yaw,-1.000000000,21,70.000000000,5,122128,6,17025,0.139402922,0.778622504,14.380159253,
kitti_mini,000008,evaluation,yaw,-0.500000000,21,70.000000000,5,122128,6,17062,0.139705882,0.828881798,7.203306703,
kitti_mini,000008,evaluation,yaw,0.000000000,21,70.000000000,5,122128,6,17102,0.140033408,0.843847730,0.000000000,
kitti_mini,000008,evaluation,yaw,0.500000000,21,70.000000000,5,122128,6,17145,0.140385497,0.828518581,7.207921033,
kitti_mini,000008,evaluation,yaw,1.000000000,21,70.000000000,5,122128,6,17180,0.140672082,0.779524023,14.394319951,
kitti_mini,000008,evaluation,yaw,2.000000000,21,70.000000000,5,122128,6,17248,0.141228875,0.638279645,28.738673128,
kitti_mini,000008,evaluation,yaw,3.000000000,21,70.000000000,5,122128,6,17300,0.141654657,0.528579018,43.013170123,
kitti_mini,000008,evaluation,translation_z,0.000000000,21,70.000000000,5,122128,6,17102,0.140033408,0.843847730,0.000000000,
kitti_mini,000008,evaluation,translation_z,0.020000000,21,70.000000000,5,122128,6,17296,0.141621905,0.847958798,1.456266966,
kitti_mini,000008,evaluation,translation_z,0.050000000,21,70.000000000,5,122128,6,17573,0.143890017,0.851477403,3.640552193,
kitti_mini,000008,evaluation,translation_z,0.100000000,21,70.000000000,5,122128,6,17999,0.147378161,0.844315217,7.280720346,
kitti_mini,000009,evaluation,yaw,-3.000000000,21,70.000000000,5,123229,1,19240,0.156132079,0.319634703,43.759637465,
kitti_mini,000009,evaluation,yaw,-2.000000000,21,70.000000000,5,123229,1,19237,0.156107734,0.566210046,29.264566189,
kitti_mini,000009,evaluation,yaw,-1.000000000,21,70.000000000,5,123229,1,19226,0.156018470,0.803652968,14.675043222,
kitti_mini,000009,evaluation,yaw,-0.500000000,21,70.000000000,5,123229,1,19224,0.156002240,0.936073059,7.346788972,
kitti_mini,000009,evaluation,yaw,0.000000000,21,70.000000000,5,123229,1,19208,0.155872400,1.000000000,0.000000000,
kitti_mini,000009,evaluation,yaw,0.500000000,21,70.000000000,5,123229,1,19209,0.155880515,0.926940639,7.345557086,
kitti_mini,000009,evaluation,yaw,1.000000000,21,70.000000000,5,123229,1,19192,0.155742561,0.821917808,14.666329541,
kitti_mini,000009,evaluation,yaw,2.000000000,21,70.000000000,5,123229,1,19178,0.155628951,0.547945205,29.238567122,
kitti_mini,000009,evaluation,yaw,3.000000000,21,70.000000000,5,123229,1,19178,0.155628951,0.301369863,43.723042165,
kitti_mini,000009,evaluation,translation_z,0.000000000,21,70.000000000,5,123229,1,19208,0.155872400,1.000000000,0.000000000,
kitti_mini,000009,evaluation,translation_z,0.020000000,21,70.000000000,5,123229,1,19402,0.157446705,1.000000000,0.950406022,
kitti_mini,000009,evaluation,translation_z,0.050000000,21,70.000000000,5,123229,1,19647,0.159434873,1.000000000,2.375966048,
kitti_mini,000009,evaluation,translation_z,0.100000000,21,70.000000000,5,123229,1,20060,0.162786357,1.000000000,4.751253969,
kitti_mini,000010,calibration,yaw,-3.000000000,21,70.000000000,5,115166,9,16434,0.142698366,0.361775098,43.414050567,
kitti_mini,000010,calibration,yaw,-2.000000000,21,70.000000000,5,115166,9,16373,0.142168696,0.517046275,29.003533680,
kitti_mini,000010,calibration,yaw,-1.000000000,21,70.000000000,5,115166,9,16302,0.141552194,0.721786381,14.526074862,
kitti_mini,000010,calibration,yaw,-0.500000000,21,70.000000000,5,115166,9,16248,0.141083306,0.821580146,7.268811733,
kitti_mini,000010,calibration,yaw,0.000000000,21,70.000000000,5,115166,9,16211,0.140762030,0.907598784,0.000000000,
kitti_mini,000010,calibration,yaw,0.500000000,21,70.000000000,5,115166,9,16161,0.140327875,0.866917465,7.262709858,
kitti_mini,000010,calibration,yaw,1.000000000,21,70.000000000,5,115166,9,16124,0.140006599,0.712190275,14.501882118,
kitti_mini,000010,calibration,yaw,2.000000000,21,70.000000000,5,115166,9,16055,0.139407464,0.479976476,28.903518390,
kitti_mini,000010,calibration,yaw,3.000000000,21,70.000000000,5,115166,9,16029,0.139181703,0.355003913,43.214381978,
kitti_mini,000010,calibration,translation_z,0.000000000,21,70.000000000,5,115166,9,16211,0.140762030,0.907598784,0.000000000,
kitti_mini,000010,calibration,translation_z,0.020000000,21,70.000000000,5,115166,9,16393,0.142342358,0.899990789,1.147241440,
kitti_mini,000010,calibration,translation_z,0.050000000,21,70.000000000,5,115166,9,16622,0.144330792,0.894132818,2.868032200,
kitti_mini,000010,calibration,translation_z,0.100000000,21,70.000000000,5,115166,9,17026,0.147838772,0.893833653,5.735826412,
kitti_mini,000011,evaluation,yaw,-3.000000000,21,70.000000000,5,107921,6,19787,0.183347078,0.073901172,43.443815063,
kitti_mini,000011,evaluation,yaw,-2.000000000,21,70.000000000,5,107921,6,19831,0.183754784,0.248516065,29.024210027,
kitti_mini,000011,evaluation,yaw,-1.000000000,21,70.000000000,5,107921,6,19888,0.184282948,0.537298977,14.557428663,
kitti_mini,000011,evaluation,yaw,-0.500000000,21,70.000000000,5,107921,6,19910,0.184486801,0.727785353,7.292702264,
kitti_mini,000011,evaluation,yaw,0.000000000,21,70.000000000,5,107921,6,19901,0.184403406,0.842841700,0.000000000,
kitti_mini,000011,evaluation,yaw,0.500000000,21,70.000000000,5,107921,6,19901,0.184403406,0.713871203,7.290201888,
kitti_mini,000011,evaluation,yaw,1.000000000,21,70.000000000,5,107921,6,19907,0.184459002,0.523450661,14.560492972,
kitti_mini,000011,evaluation,yaw,2.000000000,21,70.000000000,5,107921,6,19918,0.184560929,0.254275445,29.060460947,
kitti_mini,000011,evaluation,yaw,3.000000000,21,70.000000000,5,107921,6,19903,0.184421938,0.101634250,43.500772125,
kitti_mini,000011,evaluation,translation_z,0.000000000,21,70.000000000,5,107921,6,19901,0.184403406,0.842841700,0.000000000,
kitti_mini,000011,evaluation,translation_z,0.020000000,21,70.000000000,5,107921,6,20102,0.186265880,0.843200564,1.087530302,
kitti_mini,000011,evaluation,translation_z,0.050000000,21,70.000000000,5,107921,6,20351,0.188573123,0.843405629,2.718761525,
kitti_mini,000011,evaluation,translation_z,0.100000000,21,70.000000000,5,107921,6,20763,0.192390730,0.841214416,5.437308968,
kitti_mini,000012,evaluation,yaw,-3.000000000,21,70.000000000,5,118494,2,18220,0.153763060,0.000000000,43.905211821,
kitti_mini,000012,evaluation,yaw,-2.000000000,21,70.000000000,5,118494,2,18272,0.154201901,0.064102564,29.336323241,
kitti_mini,000012,evaluation,yaw,-1.000000000,21,70.000000000,5,118494,2,18291,0.154362246,0.461538462,14.690424003,
kitti_mini,000012,evaluation,yaw,-0.500000000,21,70.000000000,5,118494,2,18308,0.154505713,0.846153846,7.351186037,
kitti_mini,000012,evaluation,yaw,0.000000000,21,70.000000000,5,118494,2,18337,0.154750451,1.000000000,0.000000000,
kitti_mini,000012,evaluation,yaw,0.500000000,21,70.000000000,5,118494,2,18334,0.154725134,0.948717949,7.331643746,
kitti_mini,000012,evaluation,yaw,1.000000000,21,70.000000000,5,118494,2,18365,0.154986750,0.717948718,14.628406551,
kitti_mini,000012,evaluation,yaw,2.000000000,21,70.000000000,5,118494,2,18403,0.155307442,0.089743590,29.160827874,
kitti_mini,000012,evaluation,yaw,3.000000000,21,70.000000000,5,118494,2,18433,0.155560619,0.000000000,43.621802253,
kitti_mini,000012,evaluation,translation_z,0.000000000,21,70.000000000,5,118494,2,18337,0.154750451,1.000000000,0.000000000,
kitti_mini,000012,evaluation,translation_z,0.020000000,21,70.000000000,5,118494,2,18495,0.156083852,1.000000000,0.933309324,
kitti_mini,000012,evaluation,translation_z,0.050000000,21,70.000000000,5,118494,2,18731,0.158075514,1.000000000,2.333226056,
kitti_mini,000012,evaluation,translation_z,0.100000000,21,70.000000000,5,118494,2,19162,0.161712829,1.000000000,4.666294604,
kitti_mini,000015,evaluation,yaw,-3.000000000,21,70.000000000,5,122469,5,18260,0.149098956,0.146225101,42.714500454,
kitti_mini,000015,evaluation,yaw,-2.000000000,21,70.000000000,5,122469,5,18285,0.149303089,0.225168679,28.550464924,
kitti_mini,000015,evaluation,yaw,-1.000000000,21,70.000000000,5,122469,5,18305,0.149466396,0.567799908,14.299047767,
kitti_mini,000015,evaluation,yaw,-0.500000000,21,70.000000000,5,122469,5,18305,0.149466396,0.808308920,7.159659772,
kitti_mini,000015,evaluation,yaw,0.000000000,21,70.000000000,5,122469,5,18292,0.149360246,0.794880150,0.000000000,
kitti_mini,000015,evaluation,yaw,0.500000000,21,70.000000000,5,122469,5,18337,0.149727686,0.535207190,7.172476289,
kitti_mini,000015,evaluation,yaw,1.000000000,21,70.000000000,5,122469,5,18399,0.150233937,0.262296107,14.329517672,
kitti_mini,000015,evaluation,yaw,2.000000000,21,70.000000000,5,122469,5,18428,0.150470731,0.118110653,28.565764434,
kitti_mini,000015,evaluation,yaw,3.000000000,21,70.000000000,5,122469,5,18498,0.151042305,0.065102030,42.712895857,
kitti_mini,000015,evaluation,translation_z,0.000000000,21,70.000000000,5,122469,5,18292,0.149360246,0.794880150,0.000000000,
kitti_mini,000015,evaluation,translation_z,0.020000000,21,70.000000000,5,122469,5,18529,0.151295430,0.796758245,1.466219337,
kitti_mini,000015,evaluation,translation_z,0.050000000,21,70.000000000,5,122469,5,18823,0.153696037,0.799797343,3.665581669,
kitti_mini,000015,evaluation,translation_z,0.100000000,21,70.000000000,5,122469,5,19277,0.157403098,0.803212061,7.331187526,
kitti_mini,000016,evaluation,yaw,-3.000000000,21,70.000000000,5,111849,5,17593,0.157292421,0.403556525,43.039392104,
kitti_mini,000016,evaluation,yaw,-2.000000000,21,70.000000000,5,111849,5,17620,0.157533818,0.569390769,28.767369872,
kitti_mini,000016,evaluation,yaw,-1.000000000,21,70.000000000,5,111849,5,17625,0.157578521,0.866503034,14.425118549,
kitti_mini,000016,evaluation,yaw,-0.500000000,21,70.000000000,5,111849,5,17627,0.157596402,0.951797593,7.224823017,
kitti_mini,000016,evaluation,yaw,0.000000000,21,70.000000000,5,111849,5,17611,0.157453352,0.971721112,0.000000000,
kitti_mini,000016,evaluation,yaw,0.500000000,21,70.000000000,5,111849,5,17609,0.157435471,0.855837715,7.224721774,
kitti_mini,000016,evaluation,yaw,1.000000000,21,70.000000000,5,111849,5,17611,0.157453352,0.736647183,14.430159900,
kitti_mini,000016,evaluation,yaw,2.000000000,21,70.000000000,5,111849,5,17629,0.157614284,0.443866621,28.801308051,
kitti_mini,000016,evaluation,yaw,3.000000000,21,70.000000000,5,111849,5,17679,0.158061315,0.322813791,43.139270178,
kitti_mini,000016,evaluation,translation_z,0.000000000,21,70.000000000,5,111849,5,17611,0.157453352,0.971721112,0.000000000,
kitti_mini,000016,evaluation,translation_z,0.020000000,21,70.000000000,5,111849,5,17812,0.159250418,0.973281326,1.173620459,
kitti_mini,000016,evaluation,translation_z,0.050000000,21,70.000000000,5,111849,5,18085,0.161691209,0.975426621,2.933976429,
kitti_mini,000016,evaluation,translation_z,0.100000000,21,70.000000000,5,111849,5,18491,0.165321103,0.979424671,5.867703815,
kitti_mini,000019,calibration,yaw,-3.000000000,21,70.000000000,5,115458,4,18399,0.159356649,0.386071903,43.882830780,
kitti_mini,000019,calibration,yaw,-2.000000000,21,70.000000000,5,115458,4,18485,0.160101509,0.502613891,29.357702377,
kitti_mini,000019,calibration,yaw,-1.000000000,21,70.000000000,5,115458,4,18526,0.160456616,0.740908834,14.726758725,
kitti_mini,000019,calibration,yaw,-0.500000000,21,70.000000000,5,115458,4,18551,0.160673145,0.866156221,7.375801800,
kitti_mini,000019,calibration,yaw,0.000000000,21,70.000000000,5,115458,4,18578,0.160906996,0.909221902,0.000000000,
kitti_mini,000019,calibration,yaw,0.500000000,21,70.000000000,5,115458,4,18614,0.161218798,0.810588521,7.377683548,
kitti_mini,000019,calibration,yaw,1.000000000,21,70.000000000,5,115458,4,18645,0.161487294,0.664246947,14.735842334,
kitti_mini,000019,calibration,yaw,2.000000000,21,70.000000000,5,115458,4,18698,0.161946335,0.481030281,29.380502340,
kitti_mini,000019,calibration,yaw,3.000000000,21,70.000000000,5,115458,4,18722,0.162154203,0.393008432,43.923171512,
kitti_mini,000019,calibration,translation_z,0.000000000,21,70.000000000,5,115458,4,18578,0.160906996,0.909221902,0.000000000,
kitti_mini,000019,calibration,translation_z,0.020000000,21,70.000000000,5,115458,4,18778,0.162639228,0.910368090,1.736659660,
kitti_mini,000019,calibration,translation_z,0.050000000,21,70.000000000,5,115458,4,19000,0.164562005,0.906605965,4.341485689,
kitti_mini,000019,calibration,translation_z,0.100000000,21,70.000000000,5,115458,4,19468,0.168615427,0.901114012,8.682426569,
kitti_mini,000021,evaluation,yaw,-3.000000000,21,70.000000000,5,124914,8,19886,0.159197528,0.377792798,43.608143691,
kitti_mini,000021,evaluation,yaw,-2.000000000,21,70.000000000,5,124914,8,19826,0.158717197,0.549881733,29.136648461,
kitti_mini,000021,evaluation,yaw,-1.000000000,21,70.000000000,5,124914,8,19781,0.158356950,0.703791068,14.610163044,
kitti_mini,000021,evaluation,yaw,-0.500000000,21,70.000000000,5,124914,8,19780,0.158348944,0.849219868,7.314971296,
kitti_mini,000021,evaluation,yaw,0.000000000,21,70.000000000,5,124914,8,19790,0.158428999,0.889824798,0.000000000,
kitti_mini,000021,evaluation,yaw,0.500000000,21,70.000000000,5,124914,8,19784,0.158380966,0.885949188,7.321518083,
kitti_mini,000021,evaluation,yaw,1.000000000,21,70.000000000,5,124914,8,19793,0.158453016,0.856374422,14.624970005,
kitti_mini,000021,evaluation,yaw,2.000000000,21,70.000000000,5,124914,8,19807,0.158565093,0.733199855,29.185239518,
kitti_mini,000021,evaluation,yaw,3.000000000,21,70.000000000,5,124914,8,19829,0.158741214,0.513996609,43.644208942,
kitti_mini,000021,evaluation,translation_z,0.000000000,21,70.000000000,5,124914,8,19790,0.158428999,0.889824798,0.000000000,
kitti_mini,000021,evaluation,translation_z,0.020000000,21,70.000000000,5,124914,8,19988,0.160014090,0.890835580,1.267629054,
kitti_mini,000021,evaluation,translation_z,0.050000000,21,70.000000000,5,124914,8,20246,0.162079511,0.889583589,3.168985431,
kitti_mini,000021,evaluation,translation_z,0.100000000,21,70.000000000,5,124914,8,20637,0.165209664,0.856223830,6.337680205,
kitti_mini,000023,evaluation,yaw,-3.000000000,21,70.000000000,5,120166,3,18570,0.154536225,0.000000000,44.078432757,
kitti_mini,000023,evaluation,yaw,-2.000000000,21,70.000000000,5,120166,3,18573,0.154561190,0.161122661,29.470458648,
kitti_mini,000023,evaluation,yaw,-1.000000000,21,70.000000000,5,120166,3,18576,0.154586156,0.527027027,14.775644684,
kitti_mini,000023,evaluation,yaw,-0.500000000,21,70.000000000,5,120166,3,18587,0.154677696,0.741441441,7.400350623,
kitti_mini,000023,evaluation,yaw,0.000000000,21,70.000000000,5,120166,3,18579,0.154611121,1.000000000,0.000000000,
kitti_mini,000023,evaluation,yaw,0.500000000,21,70.000000000,5,120166,3,18577,0.154594478,0.756826057,7.394546477,
kitti_mini,000023,evaluation,yaw,1.000000000,21,70.000000000,5,120166,3,18575,0.154577834,0.373180873,14.758870635,
kitti_mini,000023,evaluation,yaw,2.000000000,21,70.000000000,5,120166,3,18584,0.154652730,0.045045045,29.399304884,
kitti_mini,000023,evaluation,yaw,3.000000000,21,70.000000000,5,120166,3,18586,0.154669374,0.000000000,43.909499874,
kitti_mini,000023,evaluation,translation_z,0.000000000,21,70.000000000,5,120166,3,18579,0.154611121,1.000000000,0.000000000,
kitti_mini,000023,evaluation,translation_z,0.020000000,21,70.000000000,5,120166,3,18772,0.156217233,1.000000000,1.162286535,
kitti_mini,000023,evaluation,translation_z,0.050000000,21,70.000000000,5,120166,3,19036,0.158414194,1.000000000,2.905643069,
kitti_mini,000023,evaluation,translation_z,0.100000000,21,70.000000000,5,120166,3,19438,0.161759566,1.000000000,5.811041930,
kitti_mini,000025,evaluation,yaw,-3.000000000,21,70.000000000,5,115419,6,17398,0.150737747,0.465980915,42.629643896,
kitti_mini,000025,evaluation,yaw,-2.000000000,21,70.000000000,5,115419,6,17377,0.150555801,0.573269059,28.470648430,
kitti_mini,000025,evaluation,yaw,-1.000000000,21,70.000000000,5,115419,6,17392,0.150685762,0.656797981,14.265571961,
kitti_mini,000025,evaluation,yaw,-0.500000000,21,70.000000000,5,115419,6,17387,0.150642442,0.733383151,7.141035792,
kitti_mini,000025,evaluation,yaw,0.000000000,21,70.000000000,5,115419,6,17378,0.150564465,0.850770786,0.000000000,
kitti_mini,000025,evaluation,yaw,0.500000000,21,70.000000000,5,115419,6,17383,0.150607786,0.628333675,7.141316598,
kitti_mini,000025,evaluation,yaw,1.000000000,21,70.000000000,5,115419,6,17389,0.150659770,0.480542058,14.271497510,
kitti_mini,000025,evaluation,yaw,2.000000000,21,70.000000000,5,115419,6,17390,0.150668434,0.361688779,28.490642577,
kitti_mini,000025,evaluation,yaw,3.000000000,21,70.000000000,5,115419,6,17363,0.150434504,0.267221302,42.657394817,
kitti_mini,000025,evaluation,translation_z,0.000000000,21,70.000000000,5,115419,6,17378,0.150564465,0.850770786,0.000000000,
kitti_mini,000025,evaluation,translation_z,0.020000000,21,70.000000000,5,115419,6,17534,0.151916062,0.851781653,1.317497437,
kitti_mini,000025,evaluation,translation_z,0.050000000,21,70.000000000,5,115419,6,17732,0.153631551,0.852413445,3.293649359,
kitti_mini,000025,evaluation,translation_z,0.100000000,21,70.000000000,5,115419,6,18148,0.157235810,0.789311153,6.586984632,
kitti_mini,000031,evaluation,yaw,-3.000000000,21,70.000000000,5,121227,6,18920,0.156070842,0.550546097,43.413927874,
kitti_mini,000031,evaluation,yaw,-2.000000000,21,70.000000000,5,121227,6,18883,0.155765630,0.666554175,29.090442175,
kitti_mini,000031,evaluation,yaw,-1.000000000,21,70.000000000,5,121227,6,18857,0.155551156,0.864941434,14.629939067,
kitti_mini,000031,evaluation,yaw,-0.500000000,21,70.000000000,5,121227,6,18859,0.155567654,0.945634712,7.333275648,
kitti_mini,000031,evaluation,yaw,0.000000000,21,70.000000000,5,121227,6,18848,0.155476915,1.000000000,0.000000000,
kitti_mini,000031,evaluation,yaw,0.500000000,21,70.000000000,5,121227,6,18829,0.155320184,0.959893560,7.341807081,
kitti_mini,000031,evaluation,yaw,1.000000000,21,70.000000000,5,121227,6,18789,0.154990225,0.868748872,14.665862365,
kitti_mini,000031,evaluation,yaw,2.000000000,21,70.000000000,5,121227,6,18735,0.154544780,0.669640374,29.257514912,
kitti_mini,000031,evaluation,yaw,3.000000000,21,70.000000000,5,121227,6,18683,0.154115832,0.538001898,43.788413148,
kitti_mini,000031,evaluation,translation_z,0.000000000,21,70.000000000,5,121227,6,18848,0.155476915,1.000000000,0.000000000,
kitti_mini,000031,evaluation,translation_z,0.020000000,21,70.000000000,5,121227,6,19018,0.156879243,1.000000000,1.209947630,
kitti_mini,000031,evaluation,translation_z,0.050000000,21,70.000000000,5,121227,6,19248,0.158776510,0.993677043,3.024789649,
kitti_mini,000031,evaluation,translation_z,0.100000000,21,70.000000000,5,121227,6,19703,0.162529799,0.981031128,6.049314560,
kitti_mini,000032,calibration,yaw,-3.000000000,21,70.000000000,5,118489,10,19409,0.163804235,0.636511241,43.555251232,
kitti_mini,000032,calibration,yaw,-2.000000000,21,70.000000000,5,118489,10,19412,0.163829554,0.764540434,29.167611220,
kitti_mini,000032,calibration,yaw,-1.000000000,21,70.000000000,5,118489,10,19411,0.163821114,0.913803329,14.630728174,
kitti_mini,000032,calibration,yaw,-0.500000000,21,70.000000000,5,118489,10,19408,0.163795795,0.968562114,7.327404024,
kitti_mini,000032,calibration,yaw,0.000000000,21,70.000000000,5,118489,10,19407,0.163787356,0.999852071,0.000000000,
kitti_mini,000032,calibration,yaw,0.500000000,21,70.000000000,5,118489,10,19419,0.163888631,0.960253728,7.333226756,
kitti_mini,000032,calibration,yaw,1.000000000,21,70.000000000,5,118489,10,19418,0.163880191,0.876084570,14.644736037,
kitti_mini,000032,calibration,yaw,2.000000000,21,70.000000000,5,118489,10,19420,0.163897071,0.692568808,29.205058901,
kitti_mini,000032,calibration,yaw,3.000000000,21,70.000000000,5,118489,10,19424,0.163930829,0.571151609,43.663730210,
kitti_mini,000032,calibration,translation_z,0.000000000,21,70.000000000,5,118489,10,19407,0.163787356,0.999852071,0.000000000,
kitti_mini,000032,calibration,translation_z,0.020000000,21,70.000000000,5,118489,10,19595,0.165374001,1.000000000,1.225709327,
kitti_mini,000032,calibration,translation_z,0.050000000,21,70.000000000,5,118489,10,19854,0.167559858,0.997630662,3.064191811,
kitti_mini,000032,calibration,translation_z,0.100000000,21,70.000000000,5,118489,10,20251,0.170910380,0.983708122,6.128111949,
kitti_mini,000043,evaluation,yaw,-3.000000000,21,70.000000000,5,122478,4,19543,0.159563350,0.000000000,43.343628352,
kitti_mini,000043,evaluation,yaw,-2.000000000,21,70.000000000,5,122478,4,19550,0.159620503,0.053465174,29.021036762,
kitti_mini,000043,evaluation,yaw,-1.000000000,21,70.000000000,5,122478,4,19601,0.160036905,0.651755746,14.558347028,
kitti_mini,000043,evaluation,yaw,-0.500000000,21,70.000000000,5,122478,4,19597,0.160004246,0.922131201,7.290309893,
kitti_mini,000043,evaluation,yaw,0.000000000,21,70.000000000,5,122478,4,19633,0.160298176,0.980293834,0.000000000,
kitti_mini,000043,evaluation,yaw,0.500000000,21,70.000000000,5,122478,4,19667,0.160575777,0.804882888,7.288399191,
kitti_mini,000043,evaluation,yaw,1.000000000,21,70.000000000,5,122478,4,19691,0.160771730,0.455381180,14.556126430,
kitti_mini,000043,evaluation,yaw,2.000000000,21,70.000000000,5,122478,4,19747,0.161228955,0.026860415,29.033222334,
kitti_mini,000043,evaluation,yaw,3.000000000,21,70.000000000,5,122478,4,19789,0.161571874,0.000000000,43.436603766,
kitti_mini,000043,evaluation,translation_z,0.000000000,21,70.000000000,5,122478,4,19633,0.160298176,0.980293834,0.000000000,
kitti_mini,000043,evaluation,translation_z,0.020000000,21,70.000000000,5,122478,4,19836,0.161955617,0.980293834,1.344870065,
kitti_mini,000043,evaluation,translation_z,0.050000000,21,70.000000000,5,122478,4,20104,0.164143765,0.971556127,3.362077056,
kitti_mini,000043,evaluation,translation_z,0.100000000,21,70.000000000,5,122478,4,20516,0.167507634,0.971556127,6.723827119,
kitti_mini,000048,evaluation,yaw,-3.000000000,21,70.000000000,5,122572,4,19750,0.161129785,0.000000000,43.377172249,
kitti_mini,000048,evaluation,yaw,-2.000000000,21,70.000000000,5,122572,4,19803,0.161562184,0.126404994,28.995248068,
kitti_mini,000048,evaluation,yaw,-1.000000000,21,70.000000000,5,122572,4,19826,0.161749829,0.690349148,14.540191631,
kitti_mini,000048,evaluation,yaw,-0.500000000,21,70.000000000,5,122572,4,19780,0.161374539,0.912794168,7.276362926,
kitti_mini,000048,evaluation,yaw,0.000000000,21,70.000000000,5,122572,4,19776,0.161341905,0.932577029,0.000000000,
kitti_mini,000048,evaluation,yaw,0.500000000,21,70.000000000,5,122572,4,19799,0.161529550,0.739567228,7.275894897,
kitti_mini,000048,evaluation,yaw,1.000000000,21,70.000000000,5,122572,4,19810,0.161619293,0.361032209,14.526807449,
kitti_mini,000048,evaluation,yaw,2.000000000,21,70.000000000,5,122572,4,19841,0.161872206,0.004424779,28.966283199,
kitti_mini,000048,evaluation,yaw,3.000000000,21,70.000000000,5,122572,4,19855,0.161986424,0.000000000,43.292316178,
kitti_mini,000048,evaluation,translation_z,0.000000000,21,70.000000000,5,122572,4,19776,0.161341905,0.932577029,0.000000000,
kitti_mini,000048,evaluation,translation_z,0.020000000,21,70.000000000,5,122572,4,20007,0.163226512,0.932577029,1.487036409,
kitti_mini,000048,evaluation,translation_z,0.050000000,21,70.000000000,5,122572,4,20321,0.165788271,0.932577029,3.717625296,
kitti_mini,000048,evaluation,translation_z,0.100000000,21,70.000000000,5,122572,4,20744,0.169239304,0.932577029,7.435058531,
kitti_mini,000049,evaluation,yaw,-3.000000000,21,70.000000000,5,112972,17,17412,0.154126686,0.539064111,43.244081144,
kitti_mini,000049,evaluation,yaw,-2.000000000,21,70.000000000,5,112972,17,17512,0.155011861,0.668137127,28.934694163,
kitti_mini,000049,evaluation,yaw,-1.000000000,21,70.000000000,5,112972,17,17608,0.155861629,0.868436791,14.532465446,
kitti_mini,000049,evaluation,yaw,-0.500000000,21,70.000000000,5,112972,17,17655,0.156277662,0.949287539,7.283122577,
kitti_mini,000049,evaluation,yaw,0.000000000,21,70.000000000,5,112972,17,17715,0.156808767,0.975722217,0.000000000,
kitti_mini,000049,evaluation,yaw,0.500000000,21,70.000000000,5,112972,17,17756,0.157171689,0.945427355,7.294342065,
kitti_mini,000049,evaluation,yaw,1.000000000,21,70.000000000,5,112972,17,17796,0.157525759,0.878249945,14.578702855,
kitti_mini,000049,evaluation,yaw,2.000000000,21,70.000000000,5,112972,17,17851,0.158012605,0.782943586,29.127484720,
kitti_mini,000049,evaluation,yaw,3.000000000,21,70.000000000,5,112972,17,17853,0.158030308,0.675436705,43.603205646,
kitti_mini,000049,evaluation,translation_z,0.000000000,21,70.000000000,5,112972,17,17715,0.156808767,0.975722217,0.000000000,
kitti_mini,000049,evaluation,translation_z,0.020000000,21,70.000000000,5,112972,17,17884,0.158304713,0.976218319,1.198929703,
kitti_mini,000049,evaluation,translation_z,0.050000000,21,70.000000000,5,112972,17,18097,0.160190136,0.958903699,2.997246290,
kitti_mini,000049,evaluation,translation_z,0.100000000,21,70.000000000,5,112972,17,18545,0.164155720,0.921651629,5.994232706,
kitti_mini,000061,evaluation,yaw,-3.000000000,21,70.000000000,5,125142,5,19573,0.156406322,0.202633156,42.421993518,
kitti_mini,000061,evaluation,yaw,-2.000000000,21,70.000000000,5,125142,5,19606,0.156670023,0.347668722,28.349806417,
kitti_mini,000061,evaluation,yaw,-1.000000000,21,70.000000000,5,125142,5,19649,0.157013633,0.621355374,14.214018320,
kitti_mini,000061,evaluation,yaw,-0.500000000,21,70.000000000,5,125142,5,19681,0.157269342,0.814108711,7.116378694,
kitti_mini,000061,evaluation,yaw,0.000000000,21,70.000000000,5,125142,5,19707,0.157477106,0.848979592,0.000000000,
kitti_mini,000061,evaluation,yaw,0.500000000,21,70.000000000,5,125142,5,19731,0.157668888,0.789844984,7.119847082,
kitti_mini,000061,evaluation,yaw,1.000000000,21,70.000000000,5,125142,5,19749,0.157812725,0.669878219,14.223524396,
kitti_mini,000061,evaluation,yaw,2.000000000,21,70.000000000,5,125142,5,19804,0.158252225,0.411227044,28.390377580,
kitti_mini,000061,evaluation,yaw,3.000000000,21,70.000000000,5,125142,5,19855,0.158659763,0.239099055,42.512144581,
kitti_mini,000061,evaluation,translation_z,0.000000000,21,70.000000000,5,125142,5,19707,0.157477106,0.848979592,0.000000000,
kitti_mini,000061,evaluation,translation_z,0.020000000,21,70.000000000,5,125142,5,19884,0.158891499,0.848979592,0.945040776,
kitti_mini,000061,evaluation,translation_z,0.050000000,21,70.000000000,5,125142,5,20100,0.160617538,0.848979592,2.362553484,
kitti_mini,000061,evaluation,translation_z,0.100000000,21,70.000000000,5,125142,5,20537,0.164109572,0.848979592,4.724945455,
nuscenes_mini_subset,scene-0103_000,calibration,yaw,-3.000000000,21,70.000000000,5,34519,4,3008,0.087140415,0.000000000,74.833868602,-35.186000000
nuscenes_mini_subset,scene-0103_000,calibration,yaw,-2.000000000,21,70.000000000,5,34519,4,2989,0.086589994,0.000000000,49.970221619,-35.186000000
nuscenes_mini_subset,scene-0103_000,calibration,yaw,-1.000000000,21,70.000000000,5,34519,4,2963,0.085836786,0.404861111,25.023778913,-35.186000000
nuscenes_mini_subset,scene-0103_000,calibration,yaw,-0.500000000,21,70.000000000,5,34519,4,2954,0.085576060,0.868750000,12.524620806,-35.186000000
nuscenes_mini_subset,scene-0103_000,calibration,yaw,0.000000000,21,70.000000000,5,34519,4,2938,0.085112547,1.000000000,0.000000000,-35.186000000
nuscenes_mini_subset,scene-0103_000,calibration,yaw,0.500000000,21,70.000000000,5,34519,4,2926,0.084764912,0.950000000,12.506346281,-35.186000000
nuscenes_mini_subset,scene-0103_000,calibration,yaw,1.000000000,21,70.000000000,5,34519,4,2913,0.084388308,0.513194444,24.990945180,-35.186000000
nuscenes_mini_subset,scene-0103_000,calibration,yaw,2.000000000,21,70.000000000,5,34519,4,2888,0.083664069,0.031250000,49.886339204,-35.186000000
nuscenes_mini_subset,scene-0103_000,calibration,yaw,3.000000000,21,70.000000000,5,34519,4,2868,0.083084678,0.000000000,74.687836797,-35.186000000
nuscenes_mini_subset,scene-0103_000,calibration,translation_z,0.000000000,21,70.000000000,5,34519,4,2938,0.085112547,1.000000000,0.000000000,-35.186000000
nuscenes_mini_subset,scene-0103_000,calibration,translation_z,0.020000000,21,70.000000000,5,34519,4,2956,0.085633999,1.000000000,1.911180586,-35.186000000
nuscenes_mini_subset,scene-0103_000,calibration,translation_z,0.050000000,21,70.000000000,5,34519,4,2977,0.086242359,1.000000000,4.777364296,-35.186000000
nuscenes_mini_subset,scene-0103_000,calibration,translation_z,0.100000000,21,70.000000000,5,34519,4,3080,0.089226223,1.000000000,9.552772001,-35.186000000
nuscenes_mini_subset,scene-0103_001,evaluation,yaw,-3.000000000,21,70.000000000,5,34477,5,3038,0.088116715,0.000000000,75.085322036,-35.621000000
nuscenes_mini_subset,scene-0103_001,evaluation,yaw,-2.000000000,21,70.000000000,5,34477,5,3019,0.087565623,0.000000000,50.132820082,-35.621000000
nuscenes_mini_subset,scene-0103_001,evaluation,yaw,-1.000000000,21,70.000000000,5,34477,5,2993,0.086811498,0.460000000,25.106735734,-35.621000000
nuscenes_mini_subset,scene-0103_001,evaluation,yaw,-0.500000000,21,70.000000000,5,34477,5,2987,0.086637468,0.919047619,12.568430470,-35.621000000
nuscenes_mini_subset,scene-0103_001,evaluation,yaw,0.000000000,21,70.000000000,5,34477,5,2983,0.086521449,0.990476190,0.000000000,-35.621000000
nuscenes_mini_subset,scene-0103_001,evaluation,yaw,0.500000000,21,70.000000000,5,34477,5,2972,0.086202396,0.886666667,12.561833868,-35.621000000
nuscenes_mini_subset,scene-0103_001,evaluation,yaw,1.000000000,21,70.000000000,5,34477,5,2959,0.085825333,0.553333333,25.099738684,-35.621000000
nuscenes_mini_subset,scene-0103_001,evaluation,yaw,2.000000000,21,70.000000000,5,34477,5,2941,0.085303246,0.133333333,50.057452662,-35.621000000
nuscenes_mini_subset,scene-0103_001,evaluation,yaw,3.000000000,21,70.000000000,5,34477,5,2930,0.084984192,0.009523810,74.897368040,-35.621000000
nuscenes_mini_subset,scene-0103_001,evaluation,translation_z,0.000000000,21,70.000000000,5,34477,5,2983,0.086521449,0.990476190,0.000000000,-35.621000000
nuscenes_mini_subset,scene-0103_001,evaluation,translation_z,0.020000000,21,70.000000000,5,34477,5,3000,0.087014531,0.990476190,1.785028110,-35.621000000
nuscenes_mini_subset,scene-0103_001,evaluation,translation_z,0.050000000,21,70.000000000,5,34477,5,3020,0.087594628,0.990476190,4.462053474,-35.621000000
nuscenes_mini_subset,scene-0103_001,evaluation,translation_z,0.100000000,21,70.000000000,5,34477,5,3125,0.090640137,0.990476190,8.922384815,-35.621000000
nuscenes_mini_subset,scene-0103_002,evaluation,yaw,-3.000000000,21,70.000000000,5,34627,4,3067,0.088572501,0.000000000,74.825384282,-35.489000000
nuscenes_mini_subset,scene-0103_002,evaluation,yaw,-2.000000000,21,70.000000000,5,34627,4,3054,0.088197072,0.068181818,49.982934310,-35.489000000
nuscenes_mini_subset,scene-0103_002,evaluation,yaw,-1.000000000,21,70.000000000,5,34627,4,3062,0.088428105,0.560795455,25.076354218,-35.489000000
nuscenes_mini_subset,scene-0103_002,evaluation,yaw,-0.500000000,21,70.000000000,5,34627,4,3066,0.088543622,0.918750000,12.553587876,-35.489000000
nuscenes_mini_subset,scene-0103_002,evaluation,yaw,0.000000000,21,70.000000000,5,34627,4,3058,0.088312588,1.000000000,0.000000000,-35.489000000
nuscenes_mini_subset,scene-0103_002,evaluation,yaw,0.500000000,21,70.000000000,5,34627,4,3052,0.088139313,0.800568182,12.542944629,-35.489000000
nuscenes_mini_subset,scene-0103_002,evaluation,yaw,1.000000000,21,70.000000000,5,34627,4,3045,0.087937159,0.396590909,25.040931709,-35.489000000
nuscenes_mini_subset,scene-0103_002,evaluation,yaw,2.000000000,21,70.000000000,5,34627,4,3024,0.087330696,0.022727273,49.928944807,-35.489000000
nuscenes_mini_subset,scene-0103_002,evaluation,yaw,3.000000000,21,70.000000000,5,34627,4,3007,0.086839749,0.000000000,74.730434101,-35.489000000
nuscenes_mini_subset,scene-0103_002,evaluation,translation_z,0.000000000,21,70.000000000,5,34627,4,3058,0.088312588,1.000000000,0.000000000,-35.489000000
nuscenes_mini_subset,scene-0103_002,evaluation,translation_z,0.020000000,21,70.000000000,5,34627,4,3075,0.088803535,1.000000000,1.584264611,-35.489000000
nuscenes_mini_subset,scene-0103_002,evaluation,translation_z,0.050000000,21,70.000000000,5,34627,4,3097,0.089438877,1.000000000,3.960255580,-35.489000000
nuscenes_mini_subset,scene-0103_002,evaluation,translation_z,0.100000000,21,70.000000000,5,34627,4,3199,0.092384555,1.000000000,7.919158368,-35.489000000
nuscenes_mini_subset,scene-0103_003,evaluation,yaw,-3.000000000,21,70.000000000,5,34655,5,3076,0.088760641,0.166666667,74.726681839,-35.365000000
nuscenes_mini_subset,scene-0103_003,evaluation,yaw,-2.000000000,21,70.000000000,5,34655,5,3071,0.088616361,0.343809524,49.924215351,-35.365000000
nuscenes_mini_subset,scene-0103_003,evaluation,yaw,-1.000000000,21,70.000000000,5,34655,5,3076,0.088760641,0.797857143,25.031513295,-35.365000000
nuscenes_mini_subset,scene-0103_003,evaluation,yaw,-0.500000000,21,70.000000000,5,34655,5,3070,0.088587505,1.000000000,12.528422436,-35.365000000
nuscenes_mini_subset,scene-0103_003,evaluation,yaw,0.000000000,21,70.000000000,5,34655,5,3079,0.088847208,1.000000000,0.000000000,-35.365000000
nuscenes_mini_subset,scene-0103_003,evaluation,yaw,0.500000000,21,70.000000000,5,34655,5,3079,0.088847208,0.971428571,12.539216654,-35.365000000
nuscenes_mini_subset,scene-0103_003,evaluation,yaw,1.000000000,21,70.000000000,5,34655,5,3083,0.088962632,0.747857143,25.042867581,-35.365000000
nuscenes_mini_subset,scene-0103_003,evaluation,yaw,2.000000000,21,70.000000000,5,34655,5,3081,0.088904920,0.280476190,49.994761193,-35.365000000
nuscenes_mini_subset,scene-0103_003,evaluation,yaw,3.000000000,21,70.000000000,5,34655,5,3068,0.088529794,0.100000000,74.807448926,-35.365000000
nuscenes_mini_subset,scene-0103_003,evaluation,translation_z,0.000000000,21,70.000000000,5,34655,5,3079,0.088847208,1.000000000,0.000000000,-35.365000000
nuscenes_mini_subset,scene-0103_003,evaluation,translation_z,0.020000000,21,70.000000000,5,34655,5,3096,0.089337758,1.000000000,1.661481599,-35.365000000
nuscenes_mini_subset,scene-0103_003,evaluation,translation_z,0.050000000,21,70.000000000,5,34655,5,3118,0.089972587,1.000000000,4.153253641,-35.365000000
nuscenes_mini_subset,scene-0103_003,evaluation,translation_z,0.100000000,21,70.000000000,5,34655,5,3218,0.092858173,1.000000000,8.305006531,-35.365000000
nuscenes_mini_subset,scene-0103_004,evaluation,yaw,-3.000000000,21,70.000000000,5,34745,9,3050,0.087782415,0.096436059,75.139692930,-35.788000000
nuscenes_mini_subset,scene-0103_004,evaluation,yaw,-2.000000000,21,70.000000000,5,34745,9,3063,0.088156569,0.112421384,50.216551039,-35.788000000
nuscenes_mini_subset,scene-0103_004,evaluation,yaw,-1.000000000,21,70.000000000,5,34745,9,3051,0.087811196,0.501747484,25.158232483,-35.788000000
nuscenes_mini_subset,scene-0103_004,evaluation,yaw,-0.500000000,21,70.000000000,5,34745,9,3049,0.087753634,0.770723104,12.596875513,-35.788000000
nuscenes_mini_subset,scene-0103_004,evaluation,yaw,0.000000000,21,70.000000000,5,34745,9,3050,0.087782415,0.841750842,0.000000000,-35.788000000
nuscenes_mini_subset,scene-0103_004,evaluation,yaw,0.500000000,21,70.000000000,5,34745,9,3040,0.087494604,0.758698092,12.592787984,-35.788000000
nuscenes_mini_subset,scene-0103_004,evaluation,yaw,1.000000000,21,70.000000000,5,34745,9,3044,0.087609728,0.616159612,25.153624702,-35.788000000
nuscenes_mini_subset,scene-0103_004,evaluation,yaw,2.000000000,21,70.000000000,5,34745,9,3053,0.087868758,0.188862683,50.144897112,-35.788000000
nuscenes_mini_subset,scene-0103_004,evaluation,yaw,3.000000000,21,70.000000000,5,34745,9,3061,0.088099007,0.098532495,75.049715346,-35.788000000
nuscenes_mini_subset,scene-0103_004,evaluation,translation_z,0.000000000,21,70.000000000,5,34745,9,3050,0.087782415,0.841750842,0.000000000,-35.788000000
nuscenes_mini_subset,scene-0103_004,evaluation,translation_z,0.020000000,21,70.000000000,5,34745,9,3066,0.088242913,0.841750842,1.977014425,-35.788000000
nuscenes_mini_subset,scene-0103_004,evaluation,translation_z,0.050000000,21,70.000000000,5,34745,9,3087,0.088847316,0.841750842,4.941875393,-35.788000000
nuscenes_mini_subset,scene-0103_004,evaluation,translation_z,0.100000000,21,70.000000000,5,34745,9,3188,0.091754209,0.841750842,9.881549336,-35.788000000
nuscenes_mini_subset,scene-0103_005,calibration,yaw,-3.000000000,21,70.000000000,5,34685,6,3025,0.087213493,0.070189172,74.548799179,-36.226000000
nuscenes_mini_subset,scene-0103_005,calibration,yaw,-2.000000000,21,70.000000000,5,34685,6,3034,0.087472971,0.214970646,49.812123296,-36.226000000
nuscenes_mini_subset,scene-0103_005,calibration,yaw,-1.000000000,21,70.000000000,5,34685,6,3044,0.087761280,0.539750838,24.976052455,-36.226000000
nuscenes_mini_subset,scene-0103_005,calibration,yaw,-0.500000000,21,70.000000000,5,34685,6,3047,0.087847773,0.755072173,12.502362136,-36.226000000
nuscenes_mini_subset,scene-0103_005,calibration,yaw,0.000000000,21,70.000000000,5,34685,6,3053,0.088020758,0.859099804,0.000000000,-36.226000000
nuscenes_mini_subset,scene-0103_005,calibration,yaw,0.500000000,21,70.000000000,5,34685,6,3059,0.088193744,0.858121331,12.509844073,-36.226000000
nuscenes_mini_subset,scene-0103_005,calibration,yaw,1.000000000,21,70.000000000,5,34685,6,3057,0.088136082,0.703458388,24.996848380,-36.226000000
nuscenes_mini_subset,scene-0103_005,calibration,yaw,2.000000000,21,70.000000000,5,34685,6,3079,0.088770362,0.379522304,49.913711775,-36.226000000
nuscenes_mini_subset,scene-0103_005,calibration,yaw,3.000000000,21,70.000000000,5,34685,6,3092,0.089145164,0.228723636,74.754964678,-36.226000000
nuscenes_mini_subset,scene-0103_005,calibration,translation_z,0.000000000,21,70.000000000,5,34685,6,3053,0.088020758,0.859099804,0.000000000,-36.226000000
nuscenes_mini_subset,scene-0103_005,calibration,translation_z,0.020000000,21,70.000000000,5,34685,6,3070,0.088510884,0.859099804,1.995103336,-36.226000000
nuscenes_mini_subset,scene-0103_005,calibration,translation_z,0.050000000,21,70.000000000,5,34685,6,3110,0.089664120,0.859099804,4.987119348,-36.226000000
nuscenes_mini_subset,scene-0103_005,calibration,translation_z,0.100000000,21,70.000000000,5,34685,6,3198,0.092201240,0.859099804,9.972109453,-36.226000000
nuscenes_mini_subset,scene-0103_006,evaluation,yaw,-3.000000000,21,70.000000000,5,34659,5,3152,0.090943189,0.301503759,74.980460047,-36.662000000
nuscenes_mini_subset,scene-0103_006,evaluation,yaw,-2.000000000,21,70.000000000,5,34659,5,3152,0.090943189,0.553132832,50.107962756,-36.662000000
nuscenes_mini_subset,scene-0103_006,evaluation,yaw,-1.000000000,21,70.000000000,5,34659,5,3154,0.091000894,0.741854637,25.153159761,-36.662000000
nuscenes_mini_subset,scene-0103_006,evaluation,yaw,-0.500000000,21,70.000000000,5,34659,5,3153,0.090972042,0.820000000,12.594801351,-36.662000000
nuscenes_mini_subset,scene-0103_006,evaluation,yaw,0.000000000,21,70.000000000,5,34659,5,3157,0.091087452,0.880000000,0.000000000,-36.662000000
nuscenes_mini_subset,scene-0103_006,evaluation,yaw,0.500000000,21,70.000000000,5,34659,5,3160,0.091174010,0.969473684,12.595741113,-36.662000000
nuscenes_mini_subset,scene-0103_006,evaluation,yaw,1.000000000,21,70.000000000,5,34659,5,3160,0.091174010,0.872280702,25.155676925,-36.662000000
nuscenes_mini_subset,scene-0103_006,evaluation,yaw,2.000000000,21,70.000000000,5,34659,5,3160,0.091174010,0.557844612,50.195309607,-36.662000000
nuscenes_mini_subset,scene-0103_006,evaluation,yaw,3.000000000,21,70.000000000,5,34659,5,3160,0.091174010,0.401503759,75.086165345,-36.662000000
nuscenes_mini_subset,scene-0103_006,evaluation,translation_z,0.000000000,21,70.000000000,5,34659,5,3157,0.091087452,0.880000000,0.000000000,-36.662000000
nuscenes_mini_subset,scene-0103_006,evaluation,translation_z,0.020000000,21,70.000000000,5,34659,5,3174,0.091577945,0.900000000,1.943279318,-36.662000000
nuscenes_mini_subset,scene-0103_006,evaluation,translation_z,0.050000000,21,70.000000000,5,34659,5,3216,0.092789752,0.900000000,4.857563322,-36.662000000
nuscenes_mini_subset,scene-0103_006,evaluation,translation_z,0.100000000,21,70.000000000,5,34659,5,3296,0.095097954,0.900000000,9.713010805,-36.662000000
nuscenes_mini_subset,scene-0103_007,evaluation,yaw,-3.000000000,21,70.000000000,5,34667,5,3129,0.090258748,0.503253182,75.111253967,-36.529000000
nuscenes_mini_subset,scene-0103_007,evaluation,yaw,-2.000000000,21,70.000000000,5,34667,5,3127,0.090201056,0.651237624,50.173610013,-36.529000000
nuscenes_mini_subset,scene-0103_007,evaluation,yaw,-1.000000000,21,70.000000000,5,34667,5,3134,0.090402977,0.786039604,25.159427805,-36.529000000
nuscenes_mini_subset,scene-0103_007,evaluation,yaw,-0.500000000,21,70.000000000,5,34667,5,3129,0.090258748,0.895000000,12.596980922,-36.529000000
nuscenes_mini_subset,scene-0103_007,evaluation,yaw,0.000000000,21,70.000000000,5,34667,5,3131,0.090316439,1.000000000,0.000000000,-36.529000000
nuscenes_mini_subset,scene-0103_007,evaluation,yaw,0.500000000,21,70.000000000,5,34667,5,3129,0.090258748,1.000000000,12.593046854,-36.529000000
nuscenes_mini_subset,scene-0103_007,evaluation,yaw,1.000000000,21,70.000000000,5,34667,5,3128,0.090229902,0.899837984,25.155592201,-36.529000000
nuscenes_mini_subset,scene-0103_007,evaluation,yaw,2.000000000,21,70.000000000,5,34667,5,3127,0.090201056,0.631982127,50.150966079,-36.529000000
nuscenes_mini_subset,scene-0103_007,evaluation,yaw,3.000000000,21,70.000000000,5,34667,5,3127,0.090201056,0.547081137,75.029167258,-36.529000000
nuscenes_mini_subset,scene-0103_007,evaluation,translation_z,0.000000000,21,70.000000000,5,34667,5,3131,0.090316439,1.000000000,0.000000000,-36.529000000
nuscenes_mini_subset,scene-0103_007,evaluation,translation_z,0.020000000,21,70.000000000,5,34667,5,3148,0.090806819,1.000000000,2.197372737,-36.529000000
nuscenes_mini_subset,scene-0103_007,evaluation,translation_z,0.050000000,21,70.000000000,5,34667,5,3198,0.092249113,1.000000000,5.492662690,-36.529000000
nuscenes_mini_subset,scene-0103_007,evaluation,translation_z,0.100000000,21,70.000000000,5,34667,5,3277,0.094527937,1.000000000,10.982762496,-36.529000000
nuscenes_mini_subset,scene-0103_008,evaluation,yaw,-3.000000000,21,70.000000000,5,34671,5,2951,0.085114361,0.347886838,75.035375696,-36.420000000
nuscenes_mini_subset,scene-0103_008,evaluation,yaw,-2.000000000,21,70.000000000,5,34671,5,2961,0.085402786,0.443536043,50.150544615,-36.420000000
nuscenes_mini_subset,scene-0103_008,evaluation,yaw,-1.000000000,21,70.000000000,5,34671,5,2941,0.084825935,0.590191596,25.111266897,-36.420000000
nuscenes_mini_subset,scene-0103_008,evaluation,yaw,-0.500000000,21,70.000000000,5,34671,5,2929,0.084479825,0.781734770,12.559210186,-36.420000000
nuscenes_mini_subset,scene-0103_008,evaluation,yaw,0.000000000,21,70.000000000,5,34671,5,2925,0.084364454,0.809111277,0.000000000,-36.420000000
nuscenes_mini_subset,scene-0103_008,evaluation,yaw,0.500000000,21,70.000000000,5,34671,5,2927,0.084422140,0.807766990,12.553444092,-36.420000000
nuscenes_mini_subset,scene-0103_008,evaluation,yaw,1.000000000,21,70.000000000,5,34671,5,2929,0.084479825,0.766273338,25.065091465,-36.420000000
nuscenes_mini_subset,scene-0103_008,evaluation,yaw,2.000000000,21,70.000000000,5,34671,5,2935,0.084652880,0.485907305,49.978492736,-36.420000000
nuscenes_mini_subset,scene-0103_008,evaluation,yaw,3.000000000,21,70.000000000,5,34671,5,2938,0.084739408,0.353963334,74.816706905,-36.420000000
nuscenes_mini_subset,scene-0103_008,evaluation,translation_z,0.000000000,21,70.000000000,5,34671,5,2925,0.084364454,0.809111277,0.000000000,-36.420000000
nuscenes_mini_subset,scene-0103_008,evaluation,translation_z,0.020000000,21,70.000000000,5,34671,5,2940,0.084797093,0.809410007,1.954168275,-36.420000000
nuscenes_mini_subset,scene-0103_008,evaluation,translation_z,0.050000000,21,70.000000000,5,34671,5,2958,0.085316259,0.809559373,4.884814332,-36.420000000
nuscenes_mini_subset,scene-0103_008,evaluation,translation_z,0.100000000,21,70.000000000,5,34671,5,3067,0.088460096,0.809708738,9.767608148,-36.420000000
nuscenes_mini_subset,scene-0103_009,evaluation,yaw,-3.000000000,21,70.000000000,5,34638,5,2973,0.085830591,0.549152292,75.078892094,-35.747000000
nuscenes_mini_subset,scene-0103_009,evaluation,yaw,-2.000000000,21,70.000000000,5,34638,5,2976,0.085917201,0.604467050,50.190697494,-35.747000000
nuscenes_mini_subset,scene-0103_009,evaluation,yaw,-1.000000000,21,70.000000000,5,34638,5,2976,0.085917201,0.819470244,25.163906272,-35.747000000
nuscenes_mini_subset,scene-0103_009,evaluation,yaw,-0.500000000,21,70.000000000,5,34638,5,2976,0.085917201,0.899346405,12.601529684,-35.747000000
nuscenes_mini_subset,scene-0103_009,evaluation,yaw,0.000000000,21,70.000000000,5,34638,5,2974,0.085859461,0.913725490,0.000000000,-35.747000000
nuscenes_mini_subset,scene-0103_009,evaluation,yaw,0.500000000,21,70.000000000,5,34638,5,2970,0.085743981,0.903921569,12.603077628,-35.747000000
nuscenes_mini_subset,scene-0103_009,evaluation,yaw,1.000000000,21,70.000000000,5,34638,5,2975,0.085888331,0.841107671,25.172955648,-35.747000000
nuscenes_mini_subset,scene-0103_009,evaluation,yaw,2.000000000,21,70.000000000,5,34638,5,2963,0.085541890,0.598280997,50.221103788,-35.747000000
nuscenes_mini_subset,scene-0103_009,evaluation,yaw,3.000000000,21,70.000000000,5,34638,5,2964,0.085570760,0.526041575,75.166561048,-35.747000000
nuscenes_mini_subset,scene-0103_009,evaluation,translation_z,0.000000000,21,70.000000000,5,34638,5,2974,0.085859461,0.913725490,0.000000000,-35.747000000
nuscenes_mini_subset,scene-0103_009,evaluation,translation_z,0.020000000,21,70.000000000,5,34638,5,2992,0.086379121,0.913725490,1.844906552,-35.747000000
nuscenes_mini_subset,scene-0103_009,evaluation,translation_z,0.050000000,21,70.000000000,5,34638,5,3011,0.086927652,0.913725490,4.611713718,-35.747000000
nuscenes_mini_subset,scene-0103_009,evaluation,translation_z,0.100000000,21,70.000000000,5,34638,5,3114,0.089901265,0.913725490,9.221585819,-35.747000000
nuscenes_mini_subset,scene-0103_010,calibration,yaw,-3.000000000,21,70.000000000,5,34631,6,3010,0.086916347,0.361123151,75.428871744,-35.616000000
nuscenes_mini_subset,scene-0103_010,calibration,yaw,-2.000000000,21,70.000000000,5,34631,6,3027,0.087407236,0.498283536,50.425365341,-35.616000000
nuscenes_mini_subset,scene-0103_010,calibration,yaw,-1.000000000,21,70.000000000,5,34631,6,3033,0.087580491,0.719516029,25.295047379,-35.616000000
nuscenes_mini_subset,scene-0103_010,calibration,yaw,-0.500000000,21,70.000000000,5,34631,6,3039,0.087753747,0.784722222,12.662989124,-35.616000000
nuscenes_mini_subset,scene-0103_010,calibration,yaw,0.000000000,21,70.000000000,5,34631,6,3039,0.087753747,0.770833333,0.000000000,-35.616000000
nuscenes_mini_subset,scene-0103_010,calibration,yaw,0.500000000,21,70.000000000,5,34631,6,3045,0.087927002,0.721560847,12.659669149,-35.616000000
nuscenes_mini_subset,scene-0103_010,calibration,yaw,1.000000000,21,70.000000000,5,34631,6,3044,0.087898126,0.634867725,25.285842625,-35.616000000
nuscenes_mini_subset,scene-0103_010,calibration,yaw,2.000000000,21,70.000000000,5,34631,6,3045,0.087927002,0.399886522,50.399597245,-35.616000000
nuscenes_mini_subset,scene-0103_010,calibration,yaw,3.000000000,21,70.000000000,5,34631,6,3052,0.088129133,0.303567251,75.397593293,-35.616000000
nuscenes_mini_subset,scene-0103_010,calibration,translation_z,0.000000000,21,70.000000000,5,34631,6,3039,0.087753747,0.770833333,0.000000000,-35.616000000
nuscenes_mini_subset,scene-0103_010,calibration,translation_z,0.020000000,21,70.000000000,5,34631,6,3057,0.088273512,0.770833333,1.806215407,-35.616000000
nuscenes_mini_subset,scene-0103_010,calibration,translation_z,0.050000000,21,70.000000000,5,34631,6,3078,0.088879905,0.770833333,4.515021268,-35.616000000
nuscenes_mini_subset,scene-0103_010,calibration,translation_z,0.100000000,21,70.000000000,5,34631,6,3183,0.091911871,0.770833333,9.028318896,-35.616000000
nuscenes_mini_subset,scene-0103_011,evaluation,yaw,-3.000000000,21,70.000000000,5,34590,4,3011,0.087048280,0.421486928,75.667282149,-35.486000000
nuscenes_mini_subset,scene-0103_011,evaluation,yaw,-2.000000000,21,70.000000000,5,34590,4,3012,0.087077190,0.467279412,50.613564842,-35.486000000
nuscenes_mini_subset,scene-0103_011,evaluation,yaw,-1.000000000,21,70.000000000,5,34590,4,3008,0.086961550,0.575820136,25.410973350,-35.486000000
nuscenes_mini_subset,scene-0103_011,evaluation,yaw,-0.500000000,21,70.000000000,5,34590,4,3012,0.087077190,0.660096154,12.737612001,-35.486000000
nuscenes_mini_subset,scene-0103_011,evaluation,yaw,0.000000000,21,70.000000000,5,34590,4,3010,0.087019370,0.737019231,0.000000000,-35.486000000
nuscenes_mini_subset,scene-0103_011,evaluation,yaw,0.500000000,21,70.000000000,5,34590,4,3011,0.087048280,0.756250000,12.744825140,-35.486000000
nuscenes_mini_subset,scene-0103_011,evaluation,yaw,1.000000000,21,70.000000000,5,34590,4,3012,0.087077190,0.673076923,25.451340700,-35.486000000
nuscenes_mini_subset,scene-0103_011,evaluation,yaw,2.000000000,21,70.000000000,5,34590,4,3016,0.087192830,0.509049774,50.778542476,-35.486000000
nuscenes_mini_subset,scene-0103_011,evaluation,yaw,3.000000000,21,70.000000000,5,34590,4,3016,0.087192830,0.409803922,75.950254102,-35.486000000
nuscenes_mini_subset,scene-0103_011,evaluation,translation_z,0.000000000,21,70.000000000,5,34590,4,3010,0.087019370,0.737019231,0.000000000,-35.486000000
nuscenes_mini_subset,scene-0103_011,evaluation,translation_z,0.020000000,21,70.000000000,5,34590,4,3027,0.087510841,0.737019231,2.017720353,-35.486000000
nuscenes_mini_subset,scene-0103_011,evaluation,translation_z,0.050000000,21,70.000000000,5,34590,4,3049,0.088146863,0.737019231,5.043636436,-35.486000000
nuscenes_mini_subset,scene-0103_011,evaluation,translation_z,0.100000000,21,70.000000000,5,34590,4,3153,0.091153513,0.737019231,10.085058827,-35.486000000
nuscenes_mini_subset,scene-0103_012,evaluation,yaw,-3.000000000,21,70.000000000,5,34648,4,2997,0.086498499,0.493856423,75.573046990,-35.362000000
nuscenes_mini_subset,scene-0103_012,evaluation,yaw,-2.000000000,21,70.000000000,5,34648,4,2995,0.086440776,0.613224149,50.518992198,-35.362000000
nuscenes_mini_subset,scene-0103_012,evaluation,yaw,-1.000000000,21,70.000000000,5,34648,4,2998,0.086527361,0.833333333,25.335459462,-35.362000000
nuscenes_mini_subset,scene-0103_012,evaluation,yaw,-0.500000000,21,70.000000000,5,34648,4,2990,0.086296467,0.875000000,12.685343778,-35.362000000
nuscenes_mini_subset,scene-0103_012,evaluation,yaw,0.000000000,21,70.000000000,5,34648,4,2990,0.086296467,1.000000000,0.000000000,-35.362000000
nuscenes_mini_subset,scene-0103_012,evaluation,yaw,0.500000000,21,70.000000000,5,34648,4,2983,0.086094435,1.000000000,12.692566964,-35.362000000
nuscenes_mini_subset,scene-0103_012,evaluation,yaw,1.000000000,21,70.000000000,5,34648,4,2987,0.086209882,0.950447094,25.361012269,-35.362000000
nuscenes_mini_subset,scene-0103_012,evaluation,yaw,2.000000000,21,70.000000000,5,34648,4,2984,0.086123297,0.653129657,50.584126409,-35.362000000
nuscenes_mini_subset,scene-0103_012,evaluation,yaw,3.000000000,21,70.000000000,5,34648,4,2980,0.086007850,0.549719377,75.713404430,-35.362000000
nuscenes_mini_subset,scene-0103_012,evaluation,translation_z,0.000000000,21,70.000000000,5,34648,4,2990,0.086296467,1.000000000,0.000000000,-35.362000000
nuscenes_mini_subset,scene-0103_012,evaluation,translation_z,0.020000000,21,70.000000000,5,34648,4,3008,0.086815978,1.000000000,2.045118081,-35.362000000
nuscenes_mini_subset,scene-0103_012,evaluation,translation_z,0.050000000,21,70.000000000,5,34648,4,3026,0.087335488,1.000000000,5.112119125,-35.362000000
nuscenes_mini_subset,scene-0103_012,evaluation,translation_z,0.100000000,21,70.000000000,5,34648,4,3133,0.090423690,1.000000000,10.221985451,-35.362000000
nuscenes_mini_subset,scene-0103_013,evaluation,yaw,-3.000000000,21,70.000000000,5,34670,4,3042,0.087741563,0.588638926,75.901296965,-34.621000000
nuscenes_mini_subset,scene-0103_013,evaluation,yaw,-2.000000000,21,70.000000000,5,34670,4,3022,0.087164696,0.652212079,50.736012262,-34.621000000
nuscenes_mini_subset,scene-0103_013,evaluation,yaw,-1.000000000,21,70.000000000,5,34670,4,3020,0.087107009,0.859375000,25.432415513,-34.621000000
nuscenes_mini_subset,scene-0103_013,evaluation,yaw,-0.500000000,21,70.000000000,5,34670,4,3017,0.087020479,0.942708333,12.731925174,-34.621000000
nuscenes_mini_subset,scene-0103_013,evaluation,yaw,0.000000000,21,70.000000000,5,34670,4,3016,0.086991635,1.000000000,0.000000000,-34.621000000
nuscenes_mini_subset,scene-0103_013,evaluation,yaw,0.500000000,21,70.000000000,5,34670,4,3010,0.086818575,1.000000000,12.728795759,-34.621000000
nuscenes_mini_subset,scene-0103_013,evaluation,yaw,1.000000000,21,70.000000000,5,34670,4,3006,0.086703202,0.984375000,25.425136511,-34.621000000
nuscenes_mini_subset,scene-0103_013,evaluation,yaw,2.000000000,21,70.000000000,5,34670,4,3006,0.086703202,0.714409585,50.718248235,-34.621000000
nuscenes_mini_subset,scene-0103_013,evaluation,yaw,3.000000000,21,70.000000000,5,34670,4,3001,0.086558985,0.586346732,75.897243603,-34.621000000
nuscenes_mini_subset,scene-0103_013,evaluation,translation_z,0.000000000,21,70.000000000,5,34670,4,3016,0.086991635,1.000000000,0.000000000,-34.621000000
nuscenes_mini_subset,scene-0103_013,evaluation,translation_z,0.020000000,21,70.000000000,5,34670,4,3033,0.087481973,1.000000000,2.142604748,-34.621000000
nuscenes_mini_subset,scene-0103_013,evaluation,translation_z,0.050000000,21,70.000000000,5,34670,4,3055,0.088116527,1.000000000,5.355766429,-34.621000000
nuscenes_mini_subset,scene-0103_013,evaluation,translation_z,0.100000000,21,70.000000000,5,34670,4,3160,0.091145082,1.000000000,10.709048979,-34.621000000
nuscenes_mini_subset,scene-0103_014,evaluation,yaw,-3.000000000,21,70.000000000,5,34698,4,3016,0.086921436,0.636729301,76.153131634,-34.495000000
nuscenes_mini_subset,scene-0103_014,evaluation,yaw,-2.000000000,21,70.000000000,5,34698,4,3009,0.086719696,0.755813271,50.923293528,-34.495000000
nuscenes_mini_subset,scene-0103_014,evaluation,yaw,-1.000000000,21,70.000000000,5,34698,4,3009,0.086719696,0.990384615,25.544485919,-34.495000000
nuscenes_mini_subset,scene-0103_014,evaluation,yaw,-0.500000000,21,70.000000000,5,34698,4,3009,0.086719696,1.000000000,12.791369968,-34.495000000
nuscenes_mini_subset,scene-0103_014,evaluation,yaw,0.000000000,21,70.000000000,5,34698,4,3002,0.086517955,1.000000000,0.000000000,-34.495000000
nuscenes_mini_subset,scene-0103_014,evaluation,yaw,0.500000000,21,70.000000000,5,34698,4,3001,0.086489135,1.000000000,12.786006468,-34.495000000
nuscenes_mini_subset,scene-0103_014,evaluation,yaw,1.000000000,21,70.000000000,5,34698,4,2995,0.086316214,0.925014680,25.547717096,-34.495000000
nuscenes_mini_subset,scene-0103_014,evaluation,yaw,2.000000000,21,70.000000000,5,34698,4,2984,0.085999193,0.650088080,50.994053654,-34.495000000
nuscenes_mini_subset,scene-0103_014,evaluation,yaw,3.000000000,21,70.000000000,5,34698,4,2987,0.086085653,0.575176160,76.373047466,-34.495000000
nuscenes_mini_subset,scene-0103_014,evaluation,translation_z,0.000000000,21,70.000000000,5,34698,4,3002,0.086517955,1.000000000,0.000000000,-34.495000000
nuscenes_mini_subset,scene-0103_014,evaluation,translation_z,0.020000000,21,70.000000000,5,34698,4,3019,0.087007897,1.000000000,2.169475795,-34.495000000
nuscenes_mini_subset,scene-0103_014,evaluation,translation_z,0.050000000,21,70.000000000,5,34698,4,3040,0.087613119,1.000000000,5.422923944,-34.495000000
nuscenes_mini_subset,scene-0103_014,evaluation,translation_z,0.100000000,21,70.000000000,5,34698,4,3146,0.090668050,1.000000000,10.843297042,-34.495000000
nuscenes_mini_subset,scene-0103_015,calibration,yaw,-3.000000000,21,70.000000000,5,34672,7,2954,0.085198431,0.303267246,76.756219114,-34.381000000
nuscenes_mini_subset,scene-0103_015,calibration,yaw,-2.000000000,21,70.000000000,5,34672,7,2953,0.085169589,0.363153072,51.336596201,-34.381000000
nuscenes_mini_subset,scene-0103_015,calibration,yaw,-1.000000000,21,70.000000000,5,34672,7,2928,0.084448546,0.584822255,25.719124006,-34.381000000
nuscenes_mini_subset,scene-0103_015,calibration,yaw,-0.500000000,21,70.000000000,5,34672,7,2924,0.084333180,0.771783181,12.878803044,-34.381000000
nuscenes_mini_subset,scene-0103_015,calibration,yaw,0.000000000,21,70.000000000,5,34672,7,2922,0.084275496,0.872306653,0.000000000,-34.381000000
nuscenes_mini_subset,scene-0103_015,calibration,yaw,0.500000000,21,70.000000000,5,34672,7,2928,0.084448546,0.865822357,12.886522675,-34.381000000
nuscenes_mini_subset,scene-0103_015,calibration,yaw,1.000000000,21,70.000000000,5,34672,7,2930,0.084506230,0.747298210,25.744106009,-34.381000000
nuscenes_mini_subset,scene-0103_015,calibration,yaw,2.000000000,21,70.000000000,5,34672,7,2930,0.084506230,0.439291889,51.376470466,-34.381000000
nuscenes_mini_subset,scene-0103_015,calibration,yaw,3.000000000,21,70.000000000,5,34672,7,2927,0.084419705,0.374906462,76.877706151,-34.381000000
nuscenes_mini_subset,scene-0103_015,calibration,translation_z,0.000000000,21,70.000000000,5,34672,7,2922,0.084275496,0.872306653,0.000000000,-34.381000000
nuscenes_mini_subset,scene-0103_015,calibration,translation_z,0.020000000,21,70.000000000,5,34672,7,2940,0.084794647,0.872306653,2.326949271,-34.381000000
nuscenes_mini_subset,scene-0103_015,calibration,translation_z,0.050000000,21,70.000000000,5,34672,7,2960,0.085371481,0.872306653,5.816502021,-34.381000000
nuscenes_mini_subset,scene-0103_015,calibration,translation_z,0.100000000,21,70.000000000,5,34672,7,3064,0.088371020,0.872306653,11.630101352,-34.381000000
nuscenes_mini_subset,scene-0103_016,evaluation,yaw,-3.000000000,21,70.000000000,5,34711,5,2968,0.085506036,0.407336861,76.906861707,-34.232000000
nuscenes_mini_subset,scene-0103_016,evaluation,yaw,-2.000000000,21,70.000000000,5,34711,5,2960,0.085275561,0.542927690,51.430247480,-34.232000000
nuscenes_mini_subset,scene-0103_016,evaluation,yaw,-1.000000000,21,70.000000000,5,34711,5,2958,0.085217942,0.791593180,25.782966613,-34.232000000
nuscenes_mini_subset,scene-0103_016,evaluation,yaw,-0.500000000,21,70.000000000,5,34711,5,2955,0.085131515,0.900925926,12.911876732,-34.232000000
nuscenes_mini_subset,scene-0103_016,evaluation,yaw,0.000000000,21,70.000000000,5,34711,5,2944,0.084814612,0.831687243,0.000000000,-34.232000000
nuscenes_mini_subset,scene-0103_016,evaluation,yaw,0.500000000,21,70.000000000,5,34711,5,2935,0.084555328,0.758330313,12.902843159,-34.232000000
nuscenes_mini_subset,scene-0103_016,evaluation,yaw,1.000000000,21,70.000000000,5,34711,5,2933,0.084497710,0.685796429,25.780210876,-34.232000000
nuscenes_mini_subset,scene-0103_016,evaluation,yaw,2.000000000,21,70.000000000,5,34711,5,2931,0.084440091,0.562010099,51.397709961,-34.232000000
nuscenes_mini_subset,scene-0103_016,evaluation,yaw,3.000000000,21,70.000000000,5,34711,5,2928,0.084353663,0.502409380,76.933091285,-34.232000000
nuscenes_mini_subset,scene-0103_016,evaluation,translation_z,0.000000000,21,70.000000000,5,34711,5,2944,0.084814612,0.831687243,0.000000000,-34.232000000
nuscenes_mini_subset,scene-0103_016,evaluation,translation_z,0.020000000,21,70.000000000,5,34711,5,2962,0.085333180,0.831687243,2.333865372,-34.232000000
nuscenes_mini_subset,scene-0103_016,evaluation,translation_z,0.050000000,21,70.000000000,5,34711,5,2979,0.085822938,0.832510288,5.833781703,-34.232000000
nuscenes_mini_subset,scene-0103_016,evaluation,translation_z,0.100000000,21,70.000000000,5,34711,5,3086,0.088905534,0.832510288,11.664625496,-34.232000000
nuscenes_mini_subset,scene-0103_017,evaluation,yaw,-3.000000000,21,70.000000000,5,34713,6,2944,0.084809725,0.452608523,76.782110013,-34.330000000
nuscenes_mini_subset,scene-0103_017,evaluation,yaw,-2.000000000,21,70.000000000,5,34713,6,2936,0.084579264,0.570788530,51.363652894,-34.330000000
nuscenes_mini_subset,scene-0103_017,evaluation,yaw,-1.000000000,21,70.000000000,5,34713,6,2943,0.084780918,0.814217443,25.764929311,-34.330000000
nuscenes_mini_subset,scene-0103_017,evaluation,yaw,-0.500000000,21,70.000000000,5,34713,6,2945,0.084838533,0.882616487,12.907573447,-34.330000000
nuscenes_mini_subset,scene-0103_017,evaluation,yaw,0.000000000,21,70.000000000,5,34713,6,2934,0.084521649,0.916965352,0.000000000,-34.330000000
nuscenes_mini_subset,scene-0103_017,evaluation,yaw,0.500000000,21,70.000000000,5,34713,6,2940,0.084694495,0.903225806,12.902903816,-34.330000000
nuscenes_mini_subset,scene-0103_017,evaluation,yaw,1.000000000,21,70.000000000,5,34713,6,2922,0.084175957,0.789526085,25.770859679,-34.330000000
nuscenes_mini_subset,scene-0103_017,evaluation,yaw,2.000000000,21,70.000000000,5,34713,6,2898,0.083484574,0.620724564,51.408597671,-34.330000000
nuscenes_mini_subset,scene-0103_017,evaluation,yaw,3.000000000,21,70.000000000,5,34713,6,2896,0.083426958,0.468133135,76.921302329,-34.330000000
nuscenes_mini_subset,scene-0103_017,evaluation,translation_z,0.000000000,21,70.000000000,5,34713,6,2934,0.084521649,0.916965352,0.000000000,-34.330000000
nuscenes_mini_subset,scene-0103_017,evaluation,translation_z,0.020000000,21,70.000000000,5,34713,6,2951,0.085011379,0.916965352,2.204881483,-34.330000000
nuscenes_mini_subset,scene-0103_017,evaluation,translation_z,0.050000000,21,70.000000000,5,34713,6,2970,0.085558724,0.917562724,5.511409010,-34.330000000
nuscenes_mini_subset,scene-0103_017,evaluation,translation_z,0.100000000,21,70.000000000,5,34713,6,3076,0.088612335,0.917562724,11.020170042,-34.330000000
nuscenes_mini_subset,scene-0103_018,evaluation,yaw,-3.000000000,21,70.000000000,5,34775,6,2957,0.085032351,0.569706435,76.676521201,-34.775000000
nuscenes_mini_subset,scene-0103_018,evaluation,yaw,-2.000000000,21,70.000000000,5,34775,6,2952,0.084888569,0.665783092,51.245675824,-34.775000000
nuscenes_mini_subset,scene-0103_018,evaluation,yaw,-1.000000000,21,70.000000000,5,34775,6,2941,0.084572250,0.842296134,25.703555749,-34.775000000
nuscenes_mini_subset,scene-0103_018,evaluation,yaw,-0.500000000,21,70.000000000,5,34775,6,2931,0.084284687,0.883487654,12.865648447,-34.775000000
nuscenes_mini_subset,scene-0103_018,evaluation,yaw,0.000000000,21,70.000000000,5,34775,6,2930,0.084255931,0.888503086,0.000000000,-34.775000000
nuscenes_mini_subset,scene-0103_018,evaluation,yaw,0.500000000,21,70.000000000,5,34775,6,2917,0.083882099,0.868165785,12.865342332,-34.775000000
nuscenes_mini_subset,scene-0103_018,evaluation,yaw,1.000000000,21,70.000000000,5,34775,6,2925,0.084112150,0.773496531,25.708177903,-34.775000000
nuscenes_mini_subset,scene-0103_018,evaluation,yaw,2.000000000,21,70.000000000,5,34775,6,2916,0.083853343,0.733548059,51.287868596,-34.775000000
nuscenes_mini_subset,scene-0103_018,evaluation,yaw,3.000000000,21,70.000000000,5,34775,6,2890,0.083105679,0.590261124,76.780105746,-34.775000000
nuscenes_mini_subset,scene-0103_018,evaluation,translation_z,0.000000000,21,70.000000000,5,34775,6,2930,0.084255931,0.888503086,0.000000000,-34.775000000
nuscenes_mini_subset,scene-0103_018,evaluation,translation_z,0.020000000,21,70.000000000,5,34775,6,2946,0.084716032,0.888503086,2.074839541,-34.775000000
nuscenes_mini_subset,scene-0103_018,evaluation,translation_z,0.050000000,21,70.000000000,5,34775,6,2966,0.085291157,0.888503086,5.186395650,-34.775000000
nuscenes_mini_subset,scene-0103_018,evaluation,translation_z,0.100000000,21,70.000000000,5,34775,6,3072,0.088339324,0.888503086,10.370448141,-34.775000000
nuscenes_mini_subset,scene-0103_019,evaluation,yaw,-3.000000000,21,70.000000000,5,34758,7,2983,0.085821969,0.428268268,76.465626729,-35.184000000
nuscenes_mini_subset,scene-0103_019,evaluation,yaw,-2.000000000,21,70.000000000,5,34758,7,2971,0.085476725,0.600635050,51.068844484,-35.184000000
nuscenes_mini_subset,scene-0103_019,evaluation,yaw,-1.000000000,21,70.000000000,5,34758,7,2955,0.085016399,0.754040562,25.589843863,-35.184000000
nuscenes_mini_subset,scene-0103_019,evaluation,yaw,-0.500000000,21,70.000000000,5,34758,7,2944,0.084699925,0.858305462,12.805652783,-35.184000000
nuscenes_mini_subset,scene-0103_019,evaluation,yaw,0.000000000,21,70.000000000,5,34758,7,2947,0.084786236,0.878612717,0.000000000,-35.184000000
nuscenes_mini_subset,scene-0103_019,evaluation,yaw,0.500000000,21,70.000000000,5,34758,7,2938,0.084527303,0.881915772,12.806404555,-35.184000000
nuscenes_mini_subset,scene-0103_019,evaluation,yaw,1.000000000,21,70.000000000,5,34758,7,2935,0.084440992,0.804251738,25.577198298,-35.184000000
nuscenes_mini_subset,scene-0103_019,evaluation,yaw,2.000000000,21,70.000000000,5,34758,7,2931,0.084325911,0.672792612,51.040016948,-35.184000000
nuscenes_mini_subset,scene-0103_019,evaluation,yaw,3.000000000,21,70.000000000,5,34758,7,2922,0.084066977,0.494638804,76.437743731,-35.184000000
nuscenes_mini_subset,scene-0103_019,evaluation,translation_z,0.000000000,21,70.000000000,5,34758,7,2947,0.084786236,0.878612717,0.000000000,-35.184000000
nuscenes_mini_subset,scene-0103_019,evaluation,translation_z,0.020000000,21,70.000000000,5,34758,7,2963,0.085246562,0.878612717,1.921016590,-35.184000000
nuscenes_mini_subset,scene-0103_019,evaluation,translation_z,0.050000000,21,70.000000000,5,34758,7,2982,0.085793199,0.878612717,4.801942378,-35.184000000
nuscenes_mini_subset,scene-0103_019,evaluation,translation_z,0.100000000,21,70.000000000,5,34758,7,3089,0.088871627,0.878887971,9.601888431,-35.184000000
nuscenes_mini_subset,scene-0103_020,calibration,yaw,-3.000000000,21,70.000000000,5,34695,6,3006,0.086640726,0.397192682,76.326162146,-35.616000000
nuscenes_mini_subset,scene-0103_020,calibration,yaw,-2.000000000,21,70.000000000,5,34695,6,2996,0.086352500,0.593512009,50.963037647,-35.616000000
nuscenes_mini_subset,scene-0103_020,calibration,yaw,-1.000000000,21,70.000000000,5,34695,6,2989,0.086150742,0.775615650,25.546196009,-35.616000000
nuscenes_mini_subset,scene-0103_020,calibration,yaw,-0.500000000,21,70.000000000,5,34695,6,2988,0.086121920,0.828769541,12.789658630,-35.616000000
nuscenes_mini_subset,scene-0103_020,calibration,yaw,0.000000000,21,70.000000000,5,34695,6,2977,0.085804871,0.846949067,0.000000000,-35.616000000
nuscenes_mini_subset,scene-0103_020,calibration,yaw,0.500000000,21,70.000000000,5,34695,6,2969,0.085574290,0.832299546,12.788275508,-35.616000000
nuscenes_mini_subset,scene-0103_020,calibration,yaw,1.000000000,21,70.000000000,5,34695,6,2960,0.085314887,0.793282484,25.540195812,-35.616000000
nuscenes_mini_subset,scene-0103_020,calibration,yaw,2.000000000,21,70.000000000,5,34695,6,2952,0.085084306,0.620008059,50.950106596,-35.616000000
nuscenes_mini_subset,scene-0103_020,calibration,yaw,3.000000000,21,70.000000000,5,34695,6,2947,0.084940193,0.421016632,76.271993308,-35.616000000
nuscenes_mini_subset,scene-0103_020,calibration,translation_z,0.000000000,21,70.000000000,5,34695,6,2977,0.085804871,0.846949067,0.000000000,-35.616000000
nuscenes_mini_subset,scene-0103_020,calibration,translation_z,0.020000000,21,70.000000000,5,34695,6,2995,0.086323678,0.846949067,1.923829003,-35.616000000
nuscenes_mini_subset,scene-0103_020,calibration,translation_z,0.050000000,21,70.000000000,5,34695,6,3015,0.086900130,0.846949067,4.808969671,-35.616000000
nuscenes_mini_subset,scene-0103_020,calibration,translation_z,0.100000000,21,70.000000000,5,34695,6,3124,0.090041793,0.846949067,9.615930562,-35.616000000
nuscenes_mini_subset,scene-0103_021,evaluation,yaw,-3.000000000,21,70.000000000,5,34645,7,2997,0.086505989,0.281230674,76.248424122,-35.818000000
nuscenes_mini_subset,scene-0103_021,evaluation,yaw,-2.000000000,21,70.000000000,5,34645,7,2996,0.086477125,0.430380334,50.946900639,-35.818000000
nuscenes_mini_subset,scene-0103_021,evaluation,yaw,-1.000000000,21,70.000000000,5,34645,7,2991,0.086332804,0.680952381,25.531497924,-35.818000000
nuscenes_mini_subset,scene-0103_021,evaluation,yaw,-0.500000000,21,70.000000000,5,34645,7,2990,0.086303940,0.741828453,12.784508016,-35.818000000
nuscenes_mini_subset,scene-0103_021,evaluation,yaw,0.000000000,21,70.000000000,5,34645,7,2984,0.086130755,0.810170954,0.000000000,-35.818000000
nuscenes_mini_subset,scene-0103_021,evaluation,yaw,0.500000000,21,70.000000000,5,34645,7,2987,0.086217347,0.820665480,12.785664432,-35.818000000
nuscenes_mini_subset,scene-0103_021,evaluation,yaw,1.000000000,21,70.000000000,5,34645,7,2975,0.085870977,0.753710032,25.536992691,-35.818000000
nuscenes_mini_subset,scene-0103_021,evaluation,yaw,2.000000000,21,70.000000000,5,34645,7,2959,0.085409150,0.631456527,50.957938820,-35.818000000
nuscenes_mini_subset,scene-0103_021,evaluation,yaw,3.000000000,21,70.000000000,5,34645,7,2948,0.085091644,0.472813979,76.245081191,-35.818000000
nuscenes_mini_subset,scene-0103_021,evaluation,translation_z,0.000000000,21,70.000000000,5,34645,7,2984,0.086130755,0.810170954,0.000000000,-35.818000000
nuscenes_mini_subset,scene-0103_021,evaluation,translation_z,0.020000000,21,70.000000000,5,34645,7,3001,0.086621446,0.810170954,1.980703445,-35.818000000
nuscenes_mini_subset,scene-0103_021,evaluation,translation_z,0.050000000,21,70.000000000,5,34645,7,3023,0.087256458,0.810332740,4.951117328,-35.818000000
nuscenes_mini_subset,scene-0103_021,evaluation,translation_z,0.100000000,21,70.000000000,5,34645,7,3129,0.090316063,0.810332740,9.900097781,-35.818000000
nuscenes_mini_subset,scene-0103_022,evaluation,yaw,-3.000000000,21,70.000000000,5,34631,5,2974,0.085876816,0.249321628,76.259420433,-37.760000000
nuscenes_mini_subset,scene-0103_022,evaluation,yaw,-2.000000000,21,70.000000000,5,34631,5,2971,0.085790188,0.481409949,50.936519832,-37.760000000
nuscenes_mini_subset,scene-0103_022,evaluation,yaw,-1.000000000,21,70.000000000,5,34631,5,2955,0.085328174,0.679797819,25.512895880,-37.760000000
nuscenes_mini_subset,scene-0103_022,evaluation,yaw,-0.500000000,21,70.000000000,5,34631,5,2946,0.085068291,0.772471402,12.765690178,-37.760000000
nuscenes_mini_subset,scene-0103_022,evaluation,yaw,0.000000000,21,70.000000000,5,34631,5,2935,0.084750657,0.815456238,0.000000000,-37.760000000
nuscenes_mini_subset,scene-0103_022,evaluation,yaw,0.500000000,21,70.000000000,5,34631,5,2927,0.084519650,0.810986965,12.766015953,-37.760000000
nuscenes_mini_subset,scene-0103_022,evaluation,yaw,1.000000000,21,70.000000000,5,34631,5,2919,0.084288643,0.685730247,25.498363759,-37.760000000
nuscenes_mini_subset,scene-0103_022,evaluation,yaw,2.000000000,21,70.000000000,5,34631,5,2920,0.084317519,0.621553605,50.856813262,-37.760000000
nuscenes_mini_subset,scene-0103_022,evaluation,yaw,3.000000000,21,70.000000000,5,34631,5,2934,0.084721781,0.488640596,76.094192179,-37.760000000
nuscenes_mini_subset,scene-0103_022,evaluation,translation_z,0.000000000,21,70.000000000,5,34631,5,2935,0.084750657,0.815456238,0.000000000,-37.760000000
nuscenes_mini_subset,scene-0103_022,evaluation,translation_z,0.020000000,21,70.000000000,5,34631,5,2950,0.085183795,0.815456238,2.120054113,-37.760000000
nuscenes_mini_subset,scene-0103_022,evaluation,translation_z,0.050000000,21,70.000000000,5,34631,5,2970,0.085761312,0.815456238,5.299403220,-37.760000000
nuscenes_mini_subset,scene-0103_022,evaluation,translation_z,0.100000000,21,70.000000000,5,34631,5,3078,0.088879905,0.815456238,10.596367131,-37.760000000
nuscenes_mini_subset,scene-0103_023,evaluation,yaw,-3.000000000,21,70.000000000,5,34608,7,2976,0.085991678,0.263133641,76.303557585,-36.132000000
nuscenes_mini_subset,scene-0103_023,evaluation,yaw,-2.000000000,21,70.000000000,5,34608,7,2977,0.086020573,0.387104089,50.979375152,-36.132000000
nuscenes_mini_subset,scene-0103_023,evaluation,yaw,-1.000000000,21,70.000000000,5,34608,7,2979,0.086078363,0.598997879,25.559063124,-36.132000000
nuscenes_mini_subset,scene-0103_023,evaluation,yaw,-0.500000000,21,70.000000000,5,34608,7,2979,0.086078363,0.740479848,12.795618949,-36.132000000
nuscenes_mini_subset,scene-0103_023,evaluation,yaw,0.000000000,21,70.000000000,5,34608,7,2983,0.086193944,0.827371809,0.000000000,-36.132000000
nuscenes_mini_subset,scene-0103_023,evaluation,yaw,0.500000000,21,70.000000000,5,34608,7,2976,0.085991678,0.822251481,12.782526240,-36.132000000
nuscenes_mini_subset,scene-0103_023,evaluation,yaw,1.000000000,21,70.000000000,5,34608,7,2979,0.086078363,0.656082218,25.524265697,-36.132000000
nuscenes_mini_subset,scene-0103_023,evaluation,yaw,2.000000000,21,70.000000000,5,34608,7,2978,0.086049468,0.508938629,50.916867008,-36.132000000
nuscenes_mini_subset,scene-0103_023,evaluation,yaw,3.000000000,21,70.000000000,5,34608,7,2970,0.085818308,0.348701631,76.167135315,-36.132000000
nuscenes_mini_subset,scene-0103_023,evaluation,translation_z,0.000000000,21,70.000000000,5,34608,7,2983,0.086193944,0.827371809,0.000000000,-36.132000000
nuscenes_mini_subset,scene-0103_023,evaluation,translation_z,0.020000000,21,70.000000000,5,34608,7,2999,0.086656264,0.827371809,2.048134479,-36.132000000
nuscenes_mini_subset,scene-0103_023,evaluation,translation_z,0.050000000,21,70.000000000,5,34608,7,3020,0.087263061,0.827371809,5.119652033,-36.132000000
nuscenes_mini_subset,scene-0103_023,evaluation,translation_z,0.100000000,21,70.000000000,5,34608,7,3125,0.090297041,0.827371809,10.237024331,-36.132000000
nuscenes_mini_subset,scene-0103_024,evaluation,yaw,-3.000000000,21,70.000000000,5,34536,8,2944,0.085244383,0.248736451,76.097008984,-35.993000000
nuscenes_mini_subset,scene-0103_024,evaluation,yaw,-2.000000000,21,70.000000000,5,34536,8,2946,0.085302293,0.417221816,50.834475101,-35.993000000
nuscenes_mini_subset,scene-0103_024,evaluation,yaw,-1.000000000,21,70.000000000,5,34536,8,2946,0.085302293,0.644536293,25.476636393,-35.993000000
nuscenes_mini_subset,scene-0103_024,evaluation,yaw,-0.500000000,21,70.000000000,5,34536,8,2944,0.085244383,0.724077457,12.757510202,-35.993000000
nuscenes_mini_subset,scene-0103_024,evaluation,yaw,0.000000000,21,70.000000000,5,34536,8,2942,0.085186472,0.824451955,0.000000000,-35.993000000
nuscenes_mini_subset,scene-0103_024,evaluation,yaw,0.500000000,21,70.000000000,5,34536,8,2940,0.085128562,0.803397881,12.746470313,-35.993000000
nuscenes_mini_subset,scene-0103_024,evaluation,yaw,1.000000000,21,70.000000000,5,34536,8,2942,0.085186472,0.716911765,25.451130735,-35.993000000
nuscenes_mini_subset,scene-0103_024,evaluation,yaw,2.000000000,21,70.000000000,5,34536,8,2948,0.085360204,0.560330654,50.747883915,-35.993000000
nuscenes_mini_subset,scene-0103_024,evaluation,yaw,3.000000000,21,70.000000000,5,34536,8,2946,0.085302293,0.359701924,75.920823973,-35.993000000
nuscenes_mini_subset,scene-0103_024,evaluation,translation_z,0.000000000,21,70.000000000,5,34536,8,2942,0.085186472,0.824451955,0.000000000,-35.993000000
nuscenes_mini_subset,scene-0103_024,evaluation,translation_z,0.020000000,21,70.000000000,5,34536,8,2959,0.085678712,0.824451955,1.973255361,-35.993000000
nuscenes_mini_subset,scene-0103_024,evaluation,translation_z,0.050000000,21,70.000000000,5,34536,8,2978,0.086228863,0.824451955,4.932507559,-35.993000000
nuscenes_mini_subset,scene-0103_024,evaluation,translation_z,0.100000000,21,70.000000000,5,34536,8,3083,0.089269168,0.824451955,9.862913024,-35.993000000
nuscenes_mini_subset,scene-0103_025,calibration,yaw,-3.000000000,21,70.000000000,5,34511,6,2925,0.084755585,0.253524564,75.999548015,-35.329000000
nuscenes_mini_subset,scene-0103_025,calibration,yaw,-2.000000000,21,70.000000000,5,34511,6,2918,0.084552751,0.336663604,50.759205345,-35.329000000
nuscenes_mini_subset,scene-0103_025,calibration,yaw,-1.000000000,21,70.000000000,5,34511,6,2916,0.084494799,0.503818876,25.433300488,-35.329000000
nuscenes_mini_subset,scene-0103_025,calibration,yaw,-0.500000000,21,70.000000000,5,34511,6,2929,0.084871490,0.565632507,12.734906855,-35.329000000
nuscenes_mini_subset,scene-0103_025,calibration,yaw,0.000000000,21,70.000000000,5,34511,6,2926,0.084784561,0.591169208,0.000000000,-35.329000000
nuscenes_mini_subset,scene-0103_025,calibration,yaw,0.500000000,21,70.000000000,5,34511,6,2941,0.085219205,0.581851724,12.737289438,-35.329000000
nuscenes_mini_subset,scene-0103_025,calibration,yaw,1.000000000,21,70.000000000,5,34511,6,2939,0.085161253,0.531871345,25.444450202,-35.329000000
nuscenes_mini_subset,scene-0103_025,calibration,yaw,2.000000000,21,70.000000000,5,34511,6,2930,0.084900467,0.488888889,50.754281306,-35.329000000
nuscenes_mini_subset,scene-0103_025,calibration,yaw,3.000000000,21,70.000000000,5,34511,6,2930,0.084900467,0.361111111,75.909842534,-35.329000000
nuscenes_mini_subset,scene-0103_025,calibration,translation_z,0.000000000,21,70.000000000,5,34511,6,2926,0.084784561,0.591169208,0.000000000,-35.329000000
nuscenes_mini_subset,scene-0103_025,calibration,translation_z,0.020000000,21,70.000000000,5,34511,6,2943,0.085277158,0.591169208,1.939276818,-35.329000000
nuscenes_mini_subset,scene-0103_025,calibration,translation_z,0.050000000,21,70.000000000,5,34511,6,2962,0.085827707,0.591169208,4.847574059,-35.329000000
nuscenes_mini_subset,scene-0103_025,calibration,translation_z,0.100000000,21,70.000000000,5,34511,6,3068,0.088899192,0.591169208,9.693088867,-35.329000000
nuscenes_mini_subset,scene-0103_026,evaluation,yaw,-3.000000000,21,70.000000000,5,34538,5,2874,0.083212693,0.237398374,75.829098696,-35.202000000
nuscenes_mini_subset,scene-0103_026,evaluation,yaw,-2.000000000,21,70.000000000,5,34538,5,2879,0.083357461,0.437154472,50.680249956,-35.202000000
nuscenes_mini_subset,scene-0103_026,evaluation,yaw,-1.000000000,21,70.000000000,5,34538,5,2871,0.083125832,0.732032520,25.401100385,-35.202000000
nuscenes_mini_subset,scene-0103_026,evaluation,yaw,-0.500000000,21,70.000000000,5,34538,5,2871,0.083125832,0.905853659,12.720481170,-35.202000000
nuscenes_mini_subset,scene-0103_026,evaluation,yaw,0.000000000,21,70.000000000,5,34538,5,2869,0.083067925,0.956097561,0.000000000,-35.202000000
nuscenes_mini_subset,scene-0103_026,evaluation,yaw,0.500000000,21,70.000000000,5,34538,5,2875,0.083241647,0.946341463,12.717970128,-35.202000000
nuscenes_mini_subset,scene-0103_026,evaluation,yaw,1.000000000,21,70.000000000,5,34538,5,2874,0.083212693,0.891463415,25.403423344,-35.202000000
nuscenes_mini_subset,scene-0103_026,evaluation,yaw,2.000000000,21,70.000000000,5,34538,5,2873,0.083183740,0.633983740,50.644358571,-35.202000000
nuscenes_mini_subset,scene-0103_026,evaluation,yaw,3.000000000,21,70.000000000,5,34538,5,2869,0.083067925,0.442926829,75.774838892,-35.202000000
nuscenes_mini_subset,scene-0103_026,evaluation,translation_z,0.000000000,21,70.000000000,5,34538,5,2869,0.083067925,0.956097561,0.000000000,-35.202000000
nuscenes_mini_subset,scene-0103_026,evaluation,translation_z,0.020000000,21,70.000000000,5,34538,5,2887,0.083589090,0.956097561,1.944736335,-35.202000000
nuscenes_mini_subset,scene-0103_026,evaluation,translation_z,0.050000000,21,70.000000000,5,34538,5,2907,0.084168163,0.956097561,4.861223046,-35.202000000
nuscenes_mini_subset,scene-0103_026,evaluation,translation_z,0.100000000,21,70.000000000,5,34538,5,3011,0.087179339,0.956097561,9.720387481,-35.202000000
nuscenes_mini_subset,scene-0103_027,evaluation,yaw,-3.000000000,21,70.000000000,5,34575,4,2808,0.081214751,0.240978868,75.717363373,-35.086000000
nuscenes_mini_subset,scene-0103_027,evaluation,yaw,-2.000000000,21,70.000000000,5,34575,4,2813,0.081359364,0.357904705,50.633360480,-35.086000000
nuscenes_mini_subset,scene-0103_027,evaluation,yaw,-1.000000000,21,70.000000000,5,34575,4,2825,0.081706435,0.660237241,25.387402998,-35.086000000
nuscenes_mini_subset,scene-0103_027,evaluation,yaw,-0.500000000,21,70.000000000,5,34575,4,2822,0.081619667,0.790819378,12.702337751,-35.086000000
nuscenes_mini_subset,scene-0103_027,evaluation,yaw,0.000000000,21,70.000000000,5,34575,4,2827,0.081764281,0.814393939,0.000000000,-35.086000000
nuscenes_mini_subset,scene-0103_027,evaluation,yaw,0.500000000,21,70.000000000,5,34575,4,2817,0.081475054,0.772727273,12.702568904,-35.086000000
nuscenes_mini_subset,scene-0103_027,evaluation,yaw,1.000000000,21,70.000000000,5,34575,4,2826,0.081735358,0.626893939,25.395077258,-35.086000000
nuscenes_mini_subset,scene-0103_027,evaluation,yaw,2.000000000,21,70.000000000,5,34575,4,2850,0.082429501,0.470743620,50.655603108,-35.086000000
nuscenes_mini_subset,scene-0103_027,evaluation,yaw,3.000000000,21,70.000000000,5,34575,4,2860,0.082718727,0.325508373,75.791413158,-35.086000000
nuscenes_mini_subset,scene-0103_027,evaluation,translation_z,0.000000000,21,70.000000000,5,34575,4,2827,0.081764281,0.814393939,0.000000000,-35.086000000
nuscenes_mini_subset,scene-0103_027,evaluation,translation_z,0.020000000,21,70.000000000,5,34575,4,2841,0.082169197,0.814393939,1.949933379,-35.086000000
nuscenes_mini_subset,scene-0103_027,evaluation,translation_z,0.050000000,21,70.000000000,5,34575,4,2861,0.082747650,0.814393939,4.874224433,-35.086000000
nuscenes_mini_subset,scene-0103_027,evaluation,translation_z,0.100000000,21,70.000000000,5,34575,4,2966,0.085784526,0.814393939,9.746419491,-35.086000000
nuscenes_mini_subset,scene-0103_028,evaluation,yaw,-3.000000000,21,70.000000000,5,34540,6,2758,0.079849450,0.423387080,75.521815838,-34.646000000
nuscenes_mini_subset,scene-0103_028,evaluation,yaw,-2.000000000,21,70.000000000,5,34540,6,2765,0.080052113,0.551122522,50.434815497,-34.646000000
nuscenes_mini_subset,scene-0103_028,evaluation,yaw,-1.000000000,21,70.000000000,5,34540,6,2762,0.079965258,0.753108942,25.263859940,-34.646000000
nuscenes_mini_subset,scene-0103_028,evaluation,yaw,-0.500000000,21,70.000000000,5,34540,6,2771,0.080225825,0.831914462,12.651633767,-34.646000000
nuscenes_mini_subset,scene-0103_028,evaluation,yaw,0.000000000,21,70.000000000,5,34540,6,2770,0.080196873,0.836829837,0.000000000,-34.646000000
nuscenes_mini_subset,scene-0103_028,evaluation,yaw,0.500000000,21,70.000000000,5,34540,6,2775,0.080341633,0.776474143,12.653057684,-34.646000000
nuscenes_mini_subset,scene-0103_028,evaluation,yaw,1.000000000,21,70.000000000,5,34540,6,2781,0.080515345,0.661095775,25.281290080,-34.646000000
nuscenes_mini_subset,scene-0103_028,evaluation,yaw,2.000000000,21,70.000000000,5,34540,6,2786,0.080660104,0.410167932,50.469754451,-34.646000000
nuscenes_mini_subset,scene-0103_028,evaluation,yaw,3.000000000,21,70.000000000,5,34540,6,2798,0.081007528,0.272716816,75.550705897,-34.646000000
nuscenes_mini_subset,scene-0103_028,evaluation,translation_z,0.000000000,21,70.000000000,5,34540,6,2770,0.080196873,0.836829837,0.000000000,-34.646000000
nuscenes_mini_subset,scene-0103_028,evaluation,translation_z,0.020000000,21,70.000000000,5,34540,6,2786,0.080660104,0.836829837,1.884575124,-34.646000000
nuscenes_mini_subset,scene-0103_028,evaluation,translation_z,0.050000000,21,70.000000000,5,34540,6,2805,0.081210191,0.836829837,4.710862587,-34.646000000
nuscenes_mini_subset,scene-0103_028,evaluation,translation_z,0.100000000,21,70.000000000,5,34540,6,2908,0.084192241,0.836829837,9.419808383,-34.646000000
nuscenes_mini_subset,scene-0103_029,evaluation,yaw,-3.000000000,21,70.000000000,5,34558,6,2743,0.079373806,0.321919950,75.546825410,-34.833000000
nuscenes_mini_subset,scene-0103_029,evaluation,yaw,-2.000000000,21,70.000000000,5,34558,6,2751,0.079605301,0.371951220,50.463942863,-34.833000000
nuscenes_mini_subset,scene-0103_029,evaluation,yaw,-1.000000000,21,70.000000000,5,34558,6,2757,0.079778922,0.695497186,25.285872553,-34.833000000
nuscenes_mini_subset,scene-0103_029,evaluation,yaw,-0.500000000,21,70.000000000,5,34558,6,2767,0.080068291,0.800000000,12.655456571,-34.833000000
nuscenes_mini_subset,scene-0103_029,evaluation,yaw,0.000000000,21,70.000000000,5,34558,6,2768,0.080097228,0.833333333,0.000000000,-34.833000000
nuscenes_mini_subset,scene-0103_029,evaluation,yaw,0.500000000,21,70.000000000,5,34558,6,2776,0.080328723,0.766666667,12.659691876,-34.833000000
nuscenes_mini_subset,scene-0103_029,evaluation,yaw,1.000000000,21,70.000000000,5,34558,6,2782,0.080502344,0.647088774,25.284185105,-34.833000000
nuscenes_mini_subset,scene-0103_029,evaluation,yaw,2.000000000,21,70.000000000,5,34558,6,2788,0.080675965,0.433097390,50.464753023,-34.833000000
nuscenes_mini_subset,scene-0103_029,evaluation,yaw,3.000000000,21,70.000000000,5,34558,6,2797,0.080936397,0.309653761,75.489714412,-34.833000000
nuscenes_mini_subset,scene-0103_029,evaluation,translation_z,0.000000000,21,70.000000000,5,34558,6,2768,0.080097228,0.833333333,0.000000000,-34.833000000
nuscenes_mini_subset,scene-0103_029,evaluation,translation_z,0.020000000,21,70.000000000,5,34558,6,2784,0.080560218,0.833333333,1.823147911,-34.833000000
nuscenes_mini_subset,scene-0103_029,evaluation,translation_z,0.050000000,21,70.000000000,5,34558,6,2805,0.081167892,0.833333333,4.557325723,-34.833000000
nuscenes_mini_subset,scene-0103_029,evaluation,translation_z,0.100000000,21,70.000000000,5,34558,6,2907,0.084119451,0.833333333,9.112838511,-34.833000000
nuscenes_mini_subset,scene-0103_030,calibration,yaw,-3.000000000,21,70.000000000,5,34462,6,2757,0.080001161,0.584425652,75.589278999,-34.730000000
nuscenes_mini_subset,scene-0103_030,calibration,yaw,-2.000000000,21,70.000000000,5,34462,6,2768,0.080320353,0.716531595,50.537896366,-34.730000000
nuscenes_mini_subset,scene-0103_030,calibration,yaw,-1.000000000,21,70.000000000,5,34462,6,2770,0.080378388,0.881589986,25.310517911,-34.730000000
nuscenes_mini_subset,scene-0103_030,calibration,yaw,-0.500000000,21,70.000000000,5,34462,6,2773,0.080465440,0.972314507,12.668937660,-34.730000000
nuscenes_mini_subset,scene-0103_030,calibration,yaw,0.000000000,21,70.000000000,5,34462,6,2779,0.080639545,1.000000000,0.000000000,-34.730000000
nuscenes_mini_subset,scene-0103_030,calibration,yaw,0.500000000,21,70.000000000,5,34462,6,2779,0.080639545,0.991666667,12.673761190,-34.730000000
nuscenes_mini_subset,scene-0103_030,calibration,yaw,1.000000000,21,70.000000000,5,34462,6,2786,0.080842667,0.863600289,25.322146897,-34.730000000
nuscenes_mini_subset,scene-0103_030,calibration,yaw,2.000000000,21,70.000000000,5,34462,6,2791,0.080987755,0.715392295,50.533389240,-34.730000000
nuscenes_mini_subset,scene-0103_030,calibration,yaw,3.000000000,21,70.000000000,5,34462,6,2794,0.081074807,0.616643176,75.650418010,-34.730000000
nuscenes_mini_subset,scene-0103_030,calibration,translation_z,0.000000000,21,70.000000000,5,34462,6,2779,0.080639545,1.000000000,0.000000000,-34.730000000
nuscenes_mini_subset,scene-0103_030,calibration,translation_z,0.020000000,21,70.000000000,5,34462,6,2796,0.081132842,1.000000000,1.949882640,-34.730000000
nuscenes_mini_subset,scene-0103_030,calibration,translation_z,0.050000000,21,70.000000000,5,34462,6,2816,0.081713191,1.000000000,4.874088411,-34.730000000
nuscenes_mini_subset,scene-0103_030,calibration,translation_z,0.100000000,21,70.000000000,5,34462,6,2918,0.084672973,1.000000000,9.746116892,-34.730000000
nuscenes_mini_subset,scene-0103_031,evaluation,yaw,-3.000000000,21,70.000000000,5,34436,8,2764,0.080264839,0.471326381,75.605917724,-34.589000000
nuscenes_mini_subset,scene-0103_031,evaluation,yaw,-2.000000000,21,70.000000000,5,34436,8,2762,0.080206760,0.596697846,50.475145177,-34.589000000
nuscenes_mini_subset,scene-0103_031,evaluation,yaw,-1.000000000,21,70.000000000,5,34436,8,2769,0.080410036,0.799114229,25.314487334,-34.589000000
nuscenes_mini_subset,scene-0103_031,evaluation,yaw,-0.500000000,21,70.000000000,5,34436,8,2775,0.080584272,0.866815476,12.673051902,-34.589000000
nuscenes_mini_subset,scene-0103_031,evaluation,yaw,0.000000000,21,70.000000000,5,34436,8,2773,0.080526194,0.924305556,0.000000000,-34.589000000
nuscenes_mini_subset,scene-0103_031,evaluation,yaw,0.500000000,21,70.000000000,5,34436,8,2782,0.080787548,0.941765873,12.671587986,-34.589000000
nuscenes_mini_subset,scene-0103_031,evaluation,yaw,1.000000000,21,70.000000000,5,34436,8,2785,0.080874666,0.938994039,25.313305390,-34.589000000
nuscenes_mini_subset,scene-0103_031,evaluation,yaw,2.000000000,21,70.000000000,5,34436,8,2786,0.080903705,0.789800997,50.469141425,-34.589000000
nuscenes_mini_subset,scene-0103_031,evaluation,yaw,3.000000000,21,70.000000000,5,34436,8,2790,0.081019863,0.579293186,75.540609781,-34.589000000
nuscenes_mini_subset,scene-0103_031,evaluation,translation_z,0.000000000,21,70.000000000,5,34436,8,2773,0.080526194,0.924305556,0.000000000,-34.589000000
nuscenes_mini_subset,scene-0103_031,evaluation,translation_z,0.020000000,21,70.000000000,5,34436,8,2790,0.081019863,0.924305556,2.174232274,-34.589000000
nuscenes_mini_subset,scene-0103_031,evaluation,translation_z,0.050000000,21,70.000000000,5,34436,8,2811,0.081629690,0.924305556,5.434812874,-34.589000000
nuscenes_mini_subset,scene-0103_031,evaluation,translation_z,0.100000000,21,70.000000000,5,34436,8,2910,0.084504588,0.914484127,10.867067341,-34.589000000
nuscenes_mini_subset,scene-0103_032,evaluation,yaw,-3.000000000,21,70.000000000,5,34456,9,2794,0.081088925,0.390372781,75.592264429,-34.462000000
nuscenes_mini_subset,scene-0103_032,evaluation,yaw,-2.000000000,21,70.000000000,5,34456,9,2790,0.080972835,0.570750197,50.518458200,-34.462000000
nuscenes_mini_subset,scene-0103_032,evaluation,yaw,-1.000000000,21,70.000000000,5,34456,9,2794,0.081088925,0.759668086,25.336326507,-34.462000000
nuscenes_mini_subset,scene-0103_032,evaluation,yaw,-0.500000000,21,70.000000000,5,34456,9,2798,0.081205015,0.789777778,12.687720829,-34.462000000
nuscenes_mini_subset,scene-0103_032,evaluation,yaw,0.000000000,21,70.000000000,5,34456,9,2788,0.080914790,0.791111111,0.000000000,-34.462000000
nuscenes_mini_subset,scene-0103_032,evaluation,yaw,0.500000000,21,70.000000000,5,34456,9,2790,0.080972835,0.795513228,12.684379332,-34.462000000
nuscenes_mini_subset,scene-0103_032,evaluation,yaw,1.000000000,21,70.000000000,5,34456,9,2782,0.080740655,0.787359260,25.340080937,-34.462000000
nuscenes_mini_subset,scene-0103_032,evaluation,yaw,2.000000000,21,70.000000000,5,34456,9,2774,0.080508475,0.645453132,50.530695208,-34.462000000
nuscenes_mini_subset,scene-0103_032,evaluation,yaw,3.000000000,21,70.000000000,5,34456,9,2772,0.080450430,0.478347822,75.591551879,-34.462000000
nuscenes_mini_subset,scene-0103_032,evaluation,translation_z,0.000000000,21,70.000000000,5,34456,9,2788,0.080914790,0.791111111,0.000000000,-34.462000000
nuscenes_mini_subset,scene-0103_032,evaluation,translation_z,0.020000000,21,70.000000000,5,34456,9,2806,0.081437195,0.791111111,2.133267161,-34.462000000
nuscenes_mini_subset,scene-0103_032,evaluation,translation_z,0.050000000,21,70.000000000,5,34456,9,2828,0.082075691,0.791111111,5.332427440,-34.462000000
nuscenes_mini_subset,scene-0103_032,evaluation,translation_z,0.100000000,21,70.000000000,5,34456,9,2928,0.084977943,0.791111111,10.662387583,-34.462000000
nuscenes_mini_subset,scene-0103_033,evaluation,yaw,-3.000000000,21,70.000000000,5,34511,8,2796,0.081017647,0.584907017,75.501135393,-34.855000000
nuscenes_mini_subset,scene-0103_033,evaluation,yaw,-2.000000000,21,70.000000000,5,34511,8,2795,0.080988670,0.788484905,50.440901860,-34.855000000
nuscenes_mini_subset,scene-0103_033,evaluation,yaw,-1.000000000,21,70.000000000,5,34511,8,2797,0.081046623,0.863209036,25.300628506,-34.855000000
nuscenes_mini_subset,scene-0103_033,evaluation,yaw,-0.500000000,21,70.000000000,5,34511,8,2794,0.080959694,0.895862676,12.672997645,-34.855000000
nuscenes_mini_subset,scene-0103_033,evaluation,yaw,0.000000000,21,70.000000000,5,34511,8,2793,0.080930718,0.888688380,0.000000000,-34.855000000
nuscenes_mini_subset,scene-0103_033,evaluation,yaw,0.500000000,21,70.000000000,5,34511,8,2786,0.080727884,0.854430751,12.679012440,-34.855000000
nuscenes_mini_subset,scene-0103_033,evaluation,yaw,1.000000000,21,70.000000000,5,34511,8,2790,0.080843789,0.792147154,25.324953577,-34.855000000
nuscenes_mini_subset,scene-0103_033,evaluation,yaw,2.000000000,21,70.000000000,5,34511,8,2784,0.080669931,0.604051130,50.535354330,-34.855000000
nuscenes_mini_subset,scene-0103_033,evaluation,yaw,3.000000000,21,70.000000000,5,34511,8,2780,0.080554026,0.442669580,75.661983972,-34.855000000
nuscenes_mini_subset,scene-0103_033,evaluation,translation_z,0.000000000,21,70.000000000,5,34511,8,2793,0.080930718,0.888688380,0.000000000,-34.855000000
nuscenes_mini_subset,scene-0103_033,evaluation,translation_z,0.020000000,21,70.000000000,5,34511,8,2809,0.081394338,0.888688380,2.243687743,-34.855000000
nuscenes_mini_subset,scene-0103_033,evaluation,translation_z,0.050000000,21,70.000000000,5,34511,8,2831,0.082031816,0.888688380,5.608408688,-34.855000000
nuscenes_mini_subset,scene-0103_033,evaluation,translation_z,0.100000000,21,70.000000000,5,34511,8,2934,0.085016372,0.888688380,11.214116189,-34.855000000
nuscenes_mini_subset,scene-0103_034,evaluation,yaw,-3.000000000,21,70.000000000,5,34435,8,2839,0.082445187,0.496758916,75.577291754,-35.341000000
nuscenes_mini_subset,scene-0103_034,evaluation,yaw,-2.000000000,21,70.000000000,5,34435,8,2832,0.082241905,0.692269076,50.546484428,-35.341000000
nuscenes_mini_subset,scene-0103_034,evaluation,yaw,-1.000000000,21,70.000000000,5,34435,8,2830,0.082183825,0.812700893,25.326608807,-35.341000000
nuscenes_mini_subset,scene-0103_034,evaluation,yaw,-0.500000000,21,70.000000000,5,34435,8,2822,0.081951503,0.846900973,12.680325756,-35.341000000
nuscenes_mini_subset,scene-0103_034,evaluation,yaw,0.000000000,21,70.000000000,5,34435,8,2818,0.081835342,0.845733200,0.000000000,-35.341000000
nuscenes_mini_subset,scene-0103_034,evaluation,yaw,0.500000000,21,70.000000000,5,34435,8,2810,0.081603020,0.836074910,12.668712789,-35.341000000
nuscenes_mini_subset,scene-0103_034,evaluation,yaw,1.000000000,21,70.000000000,5,34435,8,2810,0.081603020,0.811856178,25.306469375,-35.341000000
nuscenes_mini_subset,scene-0103_034,evaluation,yaw,2.000000000,21,70.000000000,5,34435,8,2804,0.081428779,0.643666087,50.472363099,-35.341000000
nuscenes_mini_subset,scene-0103_034,evaluation,yaw,3.000000000,21,70.000000000,5,34435,8,2798,0.081254538,0.441901928,75.454000989,-35.341000000
nuscenes_mini_subset,scene-0103_034,evaluation,translation_z,0.000000000,21,70.000000000,5,34435,8,2818,0.081835342,0.845733200,0.000000000,-35.341000000
nuscenes_mini_subset,scene-0103_034,evaluation,translation_z,0.020000000,21,70.000000000,5,34435,8,2836,0.082358066,0.845733200,2.135584871,-35.341000000
nuscenes_mini_subset,scene-0103_034,evaluation,translation_z,0.050000000,21,70.000000000,5,34435,8,2856,0.082938870,0.845733200,5.338216420,-35.341000000
nuscenes_mini_subset,scene-0103_034,evaluation,translation_z,0.100000000,21,70.000000000,5,34435,8,2958,0.085900973,0.846486212,10.673947911,-35.341000000
nuscenes_mini_subset,scene-0103_035,calibration,yaw,-3.000000000,21,70.000000000,5,34552,7,2829,0.081876592,0.533051611,75.737481519,-35.302000000
nuscenes_mini_subset,scene-0103_035,calibration,yaw,-2.000000000,21,70.000000000,5,34552,7,2815,0.081471405,0.642361292,50.599015472,-35.302000000
nuscenes_mini_subset,scene-0103_035,calibration,yaw,-1.000000000,21,70.000000000,5,34552,7,2798,0.080979393,0.733627304,25.338404226,-35.302000000
nuscenes_mini_subset,scene-0103_035,calibration,yaw,-0.500000000,21,70.000000000,5,34552,7,2785,0.080603149,0.765013096,12.676480208,-35.302000000
nuscenes_mini_subset,scene-0103_035,calibration,yaw,0.000000000,21,70.000000000,5,34552,7,2784,0.080574207,0.763036479,0.000000000,-35.302000000
nuscenes_mini_subset,scene-0103_035,calibration,yaw,0.500000000,21,70.000000000,5,34552,7,2770,0.080169021,0.745854717,12.664358928,-35.302000000
nuscenes_mini_subset,scene-0103_035,calibration,yaw,1.000000000,21,70.000000000,5,34552,7,2760,0.079879602,0.714361011,25.287503166,-35.302000000
nuscenes_mini_subset,scene-0103_035,calibration,yaw,2.000000000,21,70.000000000,5,34552,7,2756,0.079763834,0.599141236,50.381255386,-35.302000000
nuscenes_mini_subset,scene-0103_035,calibration,yaw,3.000000000,21,70.000000000,5,34552,7,2751,0.079619125,0.459268099,75.254109609,-35.302000000
nuscenes_mini_subset,scene-0103_035,calibration,translation_z,0.000000000,21,70.000000000,5,34552,7,2784,0.080574207,0.763036479,0.000000000,-35.302000000
nuscenes_mini_subset,scene-0103_035,calibration,translation_z,0.020000000,21,70.000000000,5,34552,7,2801,0.081066219,0.763036479,2.220247937,-35.302000000
nuscenes_mini_subset,scene-0103_035,calibration,translation_z,0.050000000,21,70.000000000,5,34552,7,2821,0.081645057,0.763290673,5.549812840,-35.302000000
nuscenes_mini_subset,scene-0103_035,calibration,translation_z,0.100000000,21,70.000000000,5,34552,7,2923,0.084597129,0.763290673,11.096936713,-35.302000000
nuscenes_mini_subset,scene-0103_036,evaluation,yaw,-3.000000000,21,70.000000000,5,34653,7,2779,0.080195077,0.491691443,75.434977636,-35.645000000
nuscenes_mini_subset,scene-0103_036,evaluation,yaw,-2.000000000,21,70.000000000,5,34653,7,2774,0.080050789,0.607394242,50.382738280,-35.645000000
nuscenes_mini_subset,scene-0103_036,evaluation,yaw,-1.000000000,21,70.000000000,5,34653,7,2770,0.079935359,0.714564049,25.250168246,-35.645000000
nuscenes_mini_subset,scene-0103_036,evaluation,yaw,-0.500000000,21,70.000000000,5,34653,7,2770,0.079935359,0.757254979,12.641168350,-35.645000000
nuscenes_mini_subset,scene-0103_036,evaluation,yaw,0.000000000,21,70.000000000,5,34653,7,2771,0.079964217,0.766101695,0.000000000,-35.645000000
nuscenes_mini_subset,scene-0103_036,evaluation,yaw,0.500000000,21,70.000000000,5,34653,7,2780,0.080223934,0.757677017,12.637875556,-35.645000000
nuscenes_mini_subset,scene-0103_036,evaluation,yaw,1.000000000,21,70.000000000,5,34653,7,2771,0.079964217,0.704160769,25.209982895,-35.645000000
nuscenes_mini_subset,scene-0103_036,evaluation,yaw,2.000000000,21,70.000000000,5,34653,7,2771,0.079964217,0.602419848,50.277812947,-35.645000000
nuscenes_mini_subset,scene-0103_036,evaluation,yaw,3.000000000,21,70.000000000,5,34653,7,2762,0.079704499,0.486620302,75.123925842,-35.645000000
nuscenes_mini_subset,scene-0103_036,evaluation,translation_z,0.000000000,21,70.000000000,5,34653,7,2771,0.079964217,0.766101695,0.000000000,-35.645000000
nuscenes_mini_subset,scene-0103_036,evaluation,translation_z,0.020000000,21,70.000000000,5,34653,7,2790,0.080512510,0.766101695,2.236857299,-35.645000000
nuscenes_mini_subset,scene-0103_036,evaluation,translation_z,0.050000000,21,70.000000000,5,34653,7,2810,0.081089660,0.766101695,5.591337505,-35.645000000
nuscenes_mini_subset,scene-0103_036,evaluation,translation_z,0.100000000,21,70.000000000,5,34653,7,2918,0.084206274,0.766101695,11.179990232,-35.645000000
nuscenes_mini_subset,scene-0103_037,evaluation,yaw,-3.000000000,21,70.000000000,5,34590,7,2704,0.078172882,0.495052975,75.355106505,-35.524000000
nuscenes_mini_subset,scene-0103_037,evaluation,yaw,-2.000000000,21,70.000000000,5,34590,7,2703,0.078143972,0.630188248,50.311816642,-35.524000000
nuscenes_mini_subset,scene-0103_037,evaluation,yaw,-1.000000000,21,70.000000000,5,34590,7,2696,0.077941602,0.713877747,25.189736898,-35.524000000
nuscenes_mini_subset,scene-0103_037,evaluation,yaw,-0.500000000,21,70.000000000,5,34590,7,2692,0.077825961,0.736428571,12.616416182,-35.524000000
nuscenes_mini_subset,scene-0103_037,evaluation,yaw,0.000000000,21,70.000000000,5,34590,7,2695,0.077912692,0.740039683,0.000000000,-35.524000000
nuscenes_mini_subset,scene-0103_037,evaluation,yaw,0.500000000,21,70.000000000,5,34590,7,2688,0.077710321,0.730017202,12.620682526,-35.524000000
nuscenes_mini_subset,scene-0103_037,evaluation,yaw,1.000000000,21,70.000000000,5,34590,7,2686,0.077652501,0.682551607,25.193213172,-35.524000000
nuscenes_mini_subset,scene-0103_037,evaluation,yaw,2.000000000,21,70.000000000,5,34590,7,2681,0.077507950,0.580823350,50.173112259,-35.524000000
nuscenes_mini_subset,scene-0103_037,evaluation,yaw,3.000000000,21,70.000000000,5,34590,7,2683,0.077565770,0.433010431,75.078168935,-35.524000000
nuscenes_mini_subset,scene-0103_037,evaluation,translation_z,0.000000000,21,70.000000000,5,34590,7,2695,0.077912692,0.740039683,0.000000000,-35.524000000
nuscenes_mini_subset,scene-0103_037,evaluation,translation_z,0.020000000,21,70.000000000,5,34590,7,2711,0.078375253,0.740992063,2.346012733,-35.524000000
nuscenes_mini_subset,scene-0103_037,evaluation,translation_z,0.050000000,21,70.000000000,5,34590,7,2731,0.078953455,0.740992063,5.864154665,-35.524000000
nuscenes_mini_subset,scene-0103_037,evaluation,translation_z,0.100000000,21,70.000000000,5,34590,7,2834,0.081931194,0.740992063,11.725386604,-35.524000000
nuscenes_mini_subset,scene-0103_038,evaluation,yaw,-3.000000000,21,70.000000000,5,34658,7,2692,0.077673264,0.413264291,74.740798522,-36.512000000
nuscenes_mini_subset,scene-0103_038,evaluation,yaw,-2.000000000,21,70.000000000,5,34658,7,2700,0.077904091,0.620822677,49.882908546,-36.512000000
nuscenes_mini_subset,scene-0103_038,evaluation,yaw,-1.000000000,21,70.000000000,5,34658,7,2697,0.077817531,0.736075961,24.974733684,-36.512000000
nuscenes_mini_subset,scene-0103_038,evaluation,yaw,-0.500000000,21,70.000000000,5,34658,7,2699,0.077875238,0.766079730,12.504032671,-36.512000000
nuscenes_mini_subset,scene-0103_038,evaluation,yaw,0.000000000,21,70.000000000,5,34658,7,2702,0.077961798,0.768368459,0.000000000,-36.512000000
nuscenes_mini_subset,scene-0103_038,evaluation,yaw,0.500000000,21,70.000000000,5,34658,7,2706,0.078077212,0.769301442,12.510959012,-36.512000000
nuscenes_mini_subset,scene-0103_038,evaluation,yaw,1.000000000,21,70.000000000,5,34658,7,2703,0.077990652,0.745952974,24.965440944,-36.512000000
nuscenes_mini_subset,scene-0103_038,evaluation,yaw,2.000000000,21,70.000000000,5,34658,7,2711,0.078221478,0.613633975,49.807172607,-36.512000000
nuscenes_mini_subset,scene-0103_038,evaluation,yaw,3.000000000,21,70.000000000,5,34658,7,2721,0.078510012,0.476084161,74.564492472,-36.512000000
nuscenes_mini_subset,scene-0103_038,evaluation,translation_z,0.000000000,21,70.000000000,5,34658,7,2702,0.077961798,0.768368459,0.000000000,-36.512000000
nuscenes_mini_subset,scene-0103_038,evaluation,translation_z,0.020000000,21,70.000000000,5,34658,7,2717,0.078394599,0.768985109,2.299098332,-36.512000000
nuscenes_mini_subset,scene-0103_038,evaluation,translation_z,0.050000000,21,70.000000000,5,34658,7,2751,0.079375613,0.768985109,5.746900577,-36.512000000
nuscenes_mini_subset,scene-0103_038,evaluation,translation_z,0.100000000,21,70.000000000,5,34658,7,2841,0.081972416,0.768368459,11.490984748,-36.512000000
nuscenes_mini_subset,scene-0103_039,evaluation,yaw,-3.000000000,21,70.000000000,5,34650,5,2678,0.077287157,0.729863234,74.804540335,-35.823000000
nuscenes_mini_subset,scene-0103_039,evaluation,yaw,-2.000000000,21,70.000000000,5,34650,5,2679,0.077316017,0.845923170,49.977357327,-35.823000000
nuscenes_mini_subset,scene-0103_039,evaluation,yaw,-1.000000000,21,70.000000000,5,34650,5,2677,0.077258297,0.955227273,25.040891598,-35.823000000
nuscenes_mini_subset,scene-0103_039,evaluation,yaw,-0.500000000,21,70.000000000,5,34650,5,2661,0.076796537,0.985909091,12.525546930,-35.823000000
nuscenes_mini_subset,scene-0103_039,evaluation,yaw,0.000000000,21,70.000000000,5,34650,5,2669,0.077027417,1.000000000,0.000000000,-35.823000000
nuscenes_mini_subset,scene-0103_039,evaluation,yaw,0.500000000,21,70.000000000,5,34650,5,2676,0.077229437,0.978230088,12.534389056,-35.823000000
nuscenes_mini_subset,scene-0103_039,evaluation,yaw,1.000000000,21,70.000000000,5,34650,5,2692,0.077691198,0.966150442,25.045911810,-35.823000000
nuscenes_mini_subset,scene-0103_039,evaluation,yaw,2.000000000,21,70.000000000,5,34650,5,2715,0.078354978,0.803030973,50.013957597,-35.823000000
nuscenes_mini_subset,scene-0103_039,evaluation,yaw,3.000000000,21,70.000000000,5,34650,5,2727,0.078701299,0.657280772,74.843522390,-35.823000000
nuscenes_mini_subset,scene-0103_039,evaluation,translation_z,0.000000000,21,70.000000000,5,34650,5,2669,0.077027417,1.000000000,0.000000000,-35.823000000
nuscenes_mini_subset,scene-0103_039,evaluation,translation_z,0.020000000,21,70.000000000,5,34650,5,2686,0.077518038,1.000000000,2.142982977,-35.823000000
nuscenes_mini_subset,scene-0103_039,evaluation,translation_z,0.050000000,21,70.000000000,5,34650,5,2706,0.078095238,1.000000000,5.356726365,-35.823000000
nuscenes_mini_subset,scene-0103_039,evaluation,translation_z,0.100000000,21,70.000000000,5,34650,5,2810,0.081096681,1.000000000,10.711016690,-35.823000000
nuscenes_mini_subset,scene-1094_000,calibration,yaw,-3.000000000,21,70.000000000,5,34311,7,3487,0.101629215,0.452632505,76.202972319,-35.659000000
nuscenes_mini_subset,scene-1094_000,calibration,yaw,-2.000000000,21,70.000000000,5,34311,7,3510,0.102299554,0.673696141,50.821802707,-35.659000000
nuscenes_mini_subset,scene-1094_000,calibration,yaw,-1.000000000,21,70.000000000,5,34311,7,3531,0.102911603,0.886827458,25.421161204,-35.659000000
nuscenes_mini_subset,scene-1094_000,calibration,yaw,-0.500000000,21,70.000000000,5,34311,7,3544,0.103290490,0.938775510,12.712943089,-35.659000000
nuscenes_mini_subset,scene-1094_000,calibration,yaw,0.000000000,21,70.000000000,5,34311,7,3549,0.103436216,0.938775510,0.000000000,-35.659000000
nuscenes_mini_subset,scene-1094_000,calibration,yaw,0.500000000,21,70.000000000,5,34311,7,3559,0.103727668,0.933829412,12.715759826,-35.659000000
nuscenes_mini_subset,scene-1094_000,calibration,yaw,1.000000000,21,70.000000000,5,34311,7,3570,0.104048264,0.914045021,25.416745902,-35.659000000
nuscenes_mini_subset,scene-1094_000,calibration,yaw,2.000000000,21,70.000000000,5,34311,7,3587,0.104543732,0.748150905,50.804485767,-35.659000000
nuscenes_mini_subset,scene-1094_000,calibration,yaw,3.000000000,21,70.000000000,5,34311,7,3598,0.104864329,0.541086870,76.151206383,-35.659000000
nuscenes_mini_subset,scene-1094_000,calibration,translation_z,0.000000000,21,70.000000000,5,34311,7,3549,0.103436216,0.938775510,0.000000000,-35.659000000
nuscenes_mini_subset,scene-1094_000,calibration,translation_z,0.020000000,21,70.000000000,5,34311,7,3577,0.104252281,0.938775510,0.890803640,-35.659000000
nuscenes_mini_subset,scene-1094_000,calibration,translation_z,0.050000000,21,70.000000000,5,34311,7,3606,0.105097491,0.938775510,2.226965440,-35.659000000
nuscenes_mini_subset,scene-1094_000,calibration,translation_z,0.100000000,21,70.000000000,5,34311,7,3644,0.106205007,0.929827655,4.453785350,-35.659000000
nuscenes_mini_subset,scene-1094_001,evaluation,yaw,-3.000000000,21,70.000000000,5,34581,6,3487,0.100835719,0.623799349,75.900911365,-35.521000000
nuscenes_mini_subset,scene-1094_001,evaluation,yaw,-2.000000000,21,70.000000000,5,34581,6,3510,0.101500824,0.876221001,50.626145277,-35.521000000
nuscenes_mini_subset,scene-1094_001,evaluation,yaw,-1.000000000,21,70.000000000,5,34581,6,3532,0.102137012,0.977726903,25.332318503,-35.521000000
nuscenes_mini_subset,scene-1094_001,evaluation,yaw,-0.500000000,21,70.000000000,5,34581,6,3545,0.102512941,0.961538462,12.672696100,-35.521000000
nuscenes_mini_subset,scene-1094_001,evaluation,yaw,0.000000000,21,70.000000000,5,34581,6,3551,0.102686446,0.923076923,0.000000000,-35.521000000
nuscenes_mini_subset,scene-1094_001,evaluation,yaw,0.500000000,21,70.000000000,5,34581,6,3560,0.102946705,0.884218559,12.668926135,-35.521000000
nuscenes_mini_subset,scene-1094_001,evaluation,yaw,1.000000000,21,70.000000000,5,34581,6,3559,0.102917787,0.844963370,25.327002850,-35.521000000
nuscenes_mini_subset,scene-1094_001,evaluation,yaw,2.000000000,21,70.000000000,5,34581,6,3567,0.103149128,0.774603175,50.602308935,-35.521000000
nuscenes_mini_subset,scene-1094_001,evaluation,yaw,3.000000000,21,70.000000000,5,34581,6,3571,0.103264799,0.624033374,75.821310151,-35.521000000
nuscenes_mini_subset,scene-1094_001,evaluation,translation_z,0.000000000,21,70.000000000,5,34581,6,3551,0.102686446,0.923076923,0.000000000,-35.521000000
nuscenes_mini_subset,scene-1094_001,evaluation,translation_z,0.020000000,21,70.000000000,5,34581,6,3578,0.103467222,0.923076923,0.904043392,-35.521000000
nuscenes_mini_subset,scene-1094_001,evaluation,translation_z,0.050000000,21,70.000000000,5,34581,6,3607,0.104305833,0.911568987,2.260063573,-35.521000000
nuscenes_mini_subset,scene-1094_001,evaluation,translation_z,0.100000000,21,70.000000000,5,34581,6,3642,0.105317949,0.910775336,4.519977470,-35.521000000
nuscenes_mini_subset,scene-1094_002,evaluation,yaw,-3.000000000,21,70.000000000,5,34622,9,3491,0.100831841,0.406017000,75.459681532,-35.437000000
nuscenes_mini_subset,scene-1094_002,evaluation,yaw,-2.000000000,21,70.000000000,5,34622,9,3516,0.101553925,0.576593104,50.340245578,-35.437000000
nuscenes_mini_subset,scene-1094_002,evaluation,yaw,-1.000000000,21,70.000000000,5,34622,9,3535,0.102102709,0.864155458,25.197318281,-35.437000000
nuscenes_mini_subset,scene-1094_002,evaluation,yaw,-0.500000000,21,70.000000000,5,34622,9,3540,0.102247126,0.907839075,12.602683828,-35.437000000
nuscenes_mini_subset,scene-1094_002,evaluation,yaw,0.000000000,21,70.000000000,5,34622,9,3549,0.102507076,0.939393939,0.000000000,-35.437000000
nuscenes_mini_subset,scene-1094_002,evaluation,yaw,0.500000000,21,70.000000000,5,34622,9,3555,0.102680377,0.929001299,12.605549827,-35.437000000
nuscenes_mini_subset,scene-1094_002,evaluation,yaw,1.000000000,21,70.000000000,5,34622,9,3551,0.102564843,0.816220730,25.188882031,-35.437000000
nuscenes_mini_subset,scene-1094_002,evaluation,yaw,2.000000000,21,70.000000000,5,34622,9,3544,0.102362660,0.596685604,50.315204437,-35.437000000
nuscenes_mini_subset,scene-1094_002,evaluation,yaw,3.000000000,21,70.000000000,5,34622,9,3542,0.102304893,0.456822628,75.451949121,-35.437000000
nuscenes_mini_subset,scene-1094_002,evaluation,translation_z,0.000000000,21,70.000000000,5,34622,9,3549,0.102507076,0.939393939,0.000000000,-35.437000000
nuscenes_mini_subset,scene-1094_002,evaluation,translation_z,0.020000000,21,70.000000000,5,34622,9,3575,0.103258044,0.939102309,0.888859152,-35.437000000
nuscenes_mini_subset,scene-1094_002,evaluation,translation_z,0.050000000,21,70.000000000,5,34622,9,3604,0.104095662,0.938810679,2.222105157,-35.437000000
nuscenes_mini_subset,scene-1094_002,evaluation,translation_z,0.100000000,21,70.000000000,5,34622,9,3638,0.105077696,0.938810679,4.444067910,-35.437000000
nuscenes_mini_subset,scene-1094_003,evaluation,yaw,-3.000000000,21,70.000000000,5,34588,10,3533,0.102145253,0.373242367,75.129287513,-34.719000000
nuscenes_mini_subset,scene-1094_003,evaluation,yaw,-2.000000000,21,70.000000000,5,34588,10,3550,0.102636753,0.528202970,50.136169938,-34.719000000
nuscenes_mini_subset,scene-1094_003,evaluation,yaw,-1.000000000,21,70.000000000,5,34588,10,3561,0.102954782,0.702405856,25.111859583,-34.719000000
nuscenes_mini_subset,scene-1094_003,evaluation,yaw,-0.500000000,21,70.000000000,5,34588,10,3568,0.103157164,0.765766733,12.568952376,-34.719000000
nuscenes_mini_subset,scene-1094_003,evaluation,yaw,0.000000000,21,70.000000000,5,34588,10,3580,0.103504105,0.772403846,0.000000000,-34.719000000
nuscenes_mini_subset,scene-1094_003,evaluation,yaw,0.500000000,21,70.000000000,5,34588,10,3582,0.103561929,0.755720914,12.574759637,-34.719000000
nuscenes_mini_subset,scene-1094_003,evaluation,yaw,1.000000000,21,70.000000000,5,34588,10,3587,0.103706488,0.671760326,25.131877521,-34.719000000
nuscenes_mini_subset,scene-1094_003,evaluation,yaw,2.000000000,21,70.000000000,5,34588,10,3589,0.103764311,0.489733575,50.232993179,-34.719000000
nuscenes_mini_subset,scene-1094_003,evaluation,yaw,3.000000000,21,70.000000000,5,34588,10,3576,0.103388458,0.373407748,75.269820230,-34.719000000
nuscenes_mini_subset,scene-1094_003,evaluation,translation_z,0.000000000,21,70.000000000,5,34588,10,3580,0.103504105,0.772403846,0.000000000,-34.719000000
nuscenes_mini_subset,scene-1094_003,evaluation,translation_z,0.020000000,21,70.000000000,5,34588,10,3608,0.104313635,0.772135750,0.873118640,-34.719000000
nuscenes_mini_subset,scene-1094_003,evaluation,translation_z,0.050000000,21,70.000000000,5,34588,10,3638,0.105180988,0.772135750,2.182754587,-34.719000000
nuscenes_mini_subset,scene-1094_003,evaluation,translation_z,0.100000000,21,70.000000000,5,34588,10,3676,0.106279635,0.772135750,4.365369135,-34.719000000
nuscenes_mini_subset,scene-1094_004,evaluation,yaw,-3.000000000,21,70.000000000,5,34617,9,3544,0.102377445,0.363731328,74.997334532,-34.599000000
nuscenes_mini_subset,scene-1094_004,evaluation,yaw,-2.000000000,21,70.000000000,5,34617,9,3569,0.103099633,0.486974210,50.099392415,-34.599000000
nuscenes_mini_subset,scene-1094_004,evaluation,yaw,-1.000000000,21,70.000000000,5,34617,9,3588,0.103648496,0.628795003,25.098978380,-34.599000000
nuscenes_mini_subset,scene-1094_004,evaluation,yaw,-0.500000000,21,70.000000000,5,34617,9,3586,0.103590721,0.794590994,12.556568762,-34.599000000
nuscenes_mini_subset,scene-1094_004,evaluation,yaw,0.000000000,21,70.000000000,5,34617,9,3600,0.103995147,0.837729816,0.000000000,-34.599000000
nuscenes_mini_subset,scene-1094_004,evaluation,yaw,0.500000000,21,70.000000000,5,34617,9,3599,0.103966259,0.781109927,12.567337299,-34.599000000
nuscenes_mini_subset,scene-1094_004,evaluation,yaw,1.000000000,21,70.000000000,5,34617,9,3593,0.103792934,0.618726851,25.114571390,-34.599000000
nuscenes_mini_subset,scene-1094_004,evaluation,yaw,2.000000000,21,70.000000000,5,34617,9,3558,0.102781870,0.475938389,50.181986416,-34.599000000
nuscenes_mini_subset,scene-1094_004,evaluation,yaw,3.000000000,21,70.000000000,5,34617,9,3531,0.102001907,0.418769976,75.239328038,-34.599000000
nuscenes_mini_subset,scene-1094_004,evaluation,translation_z,0.000000000,21,70.000000000,5,34617,9,3600,0.103995147,0.837729816,0.000000000,-34.599000000
nuscenes_mini_subset,scene-1094_004,evaluation,translation_z,0.020000000,21,70.000000000,5,34617,9,3628,0.104803998,0.837124306,0.891920256,-34.599000000
nuscenes_mini_subset,scene-1094_004,evaluation,translation_z,0.050000000,21,70.000000000,5,34617,9,3658,0.105670624,0.836518796,2.229757021,-34.599000000
nuscenes_mini_subset,scene-1094_004,evaluation,translation_z,0.100000000,21,70.000000000,5,34617,9,3696,0.106768351,0.836518796,4.459368648,-34.599000000
nuscenes_mini_subset,scene-1094_005,calibration,yaw,-3.000000000,21,70.000000000,5,34661,9,3543,0.102218632,0.396267111,74.992111687,-35.025000000
nuscenes_mini_subset,scene-1094_005,calibration,yaw,-2.000000000,21,70.000000000,5,34661,9,3545,0.102276334,0.488681293,50.110092454,-35.025000000
nuscenes_mini_subset,scene-1094_005,calibration,yaw,-1.000000000,21,70.000000000,5,34661,9,3542,0.102189781,0.681831832,25.120145734,-35.025000000
nuscenes_mini_subset,scene-1094_005,calibration,yaw,-0.500000000,21,70.000000000,5,34661,9,3550,0.102420588,0.764814815,12.577081137,-35.025000000
nuscenes_mini_subset,scene-1094_005,calibration,yaw,0.000000000,21,70.000000000,5,34661,9,3548,0.102362886,0.777777778,0.000000000,-35.025000000
nuscenes_mini_subset,scene-1094_005,calibration,yaw,0.500000000,21,70.000000000,5,34661,9,3550,0.102420588,0.733364279,12.576689171,-35.025000000
nuscenes_mini_subset,scene-1094_005,calibration,yaw,1.000000000,21,70.000000000,5,34661,9,3550,0.102420588,0.589069853,25.124414075,-35.025000000
nuscenes_mini_subset,scene-1094_005,calibration,yaw,2.000000000,21,70.000000000,5,34661,9,3554,0.102535991,0.468177192,50.196323305,-35.025000000
nuscenes_mini_subset,scene-1094_005,calibration,yaw,3.000000000,21,70.000000000,5,34661,9,3569,0.102968755,0.420238400,75.242207415,-35.025000000
nuscenes_mini_subset,scene-1094_005,calibration,translation_z,0.000000000,21,70.000000000,5,34661,9,3548,0.102362886,0.777777778,0.000000000,-35.025000000
nuscenes_mini_subset,scene-1094_005,calibration,translation_z,0.020000000,21,70.000000000,5,34661,9,3577,0.103199561,0.777777778,0.866489784,-35.025000000
nuscenes_mini_subset,scene-1094_005,calibration,translation_z,0.050000000,21,70.000000000,5,34661,9,3608,0.104093938,0.777777778,2.166183535,-35.025000000
nuscenes_mini_subset,scene-1094_005,calibration,translation_z,0.100000000,21,70.000000000,5,34661,9,3639,0.104988315,0.777777778,4.332230658,-35.025000000
nuscenes_mini_subset,scene-1094_006,evaluation,yaw,-3.000000000,21,70.000000000,5,34623,9,3535,0.102099760,0.391870588,75.355499705,-34.918000000
nuscenes_mini_subset,scene-1094_006,evaluation,yaw,-2.000000000,21,70.000000000,5,34623,9,3552,0.102590763,0.447855513,50.352112373,-34.918000000
nuscenes_mini_subset,scene-1094_006,evaluation,yaw,-1.000000000,21,70.000000000,5,34623,9,3576,0.103283944,0.597643098,25.216496943,-34.918000000
nuscenes_mini_subset,scene-1094_006,evaluation,yaw,-0.500000000,21,70.000000000,5,34623,9,3588,0.103630535,0.856565657,12.620092861,-34.918000000
nuscenes_mini_subset,scene-1094_006,evaluation,yaw,0.000000000,21,70.000000000,5,34623,9,3602,0.104034890,0.888888889,0.000000000,-34.918000000
nuscenes_mini_subset,scene-1094_006,evaluation,yaw,0.500000000,21,70.000000000,5,34623,9,3617,0.104468128,0.833807959,12.626489208,-34.918000000
nuscenes_mini_subset,scene-1094_006,evaluation,yaw,1.000000000,21,70.000000000,5,34623,9,3629,0.104814719,0.662586634,25.228119506,-34.918000000
nuscenes_mini_subset,scene-1094_006,evaluation,yaw,2.000000000,21,70.000000000,5,34623,9,3637,0.105045779,0.487961923,50.380585805,-34.918000000
nuscenes_mini_subset,scene-1094_006,evaluation,yaw,3.000000000,21,70.000000000,5,34623,9,3631,0.104872484,0.418949282,75.441900402,-34.918000000
nuscenes_mini_subset,scene-1094_006,evaluation,translation_z,0.000000000,21,70.000000000,5,34623,9,3602,0.104034890,0.888888889,0.000000000,-34.918000000
nuscenes_mini_subset,scene-1094_006,evaluation,translation_z,0.020000000,21,70.000000000,5,34623,9,3633,0.104930249,0.888888889,0.858316370,-34.918000000
nuscenes_mini_subset,scene-1094_006,evaluation,translation_z,0.050000000,21,70.000000000,5,34623,9,3666,0.105883372,0.888888889,2.145747844,-34.918000000
nuscenes_mini_subset,scene-1094_006,evaluation,translation_z,0.100000000,21,70.000000000,5,34623,9,3703,0.106952026,0.888888889,4.291352088,-34.918000000
nuscenes_mini_subset,scene-1094_007,evaluation,yaw,-3.000000000,21,70.000000000,5,34642,9,3642,0.105132498,0.456267110,75.469810022,-37.683000000
nuscenes_mini_subset,scene-1094_007,evaluation,yaw,-2.000000000,21,70.000000000,5,34642,9,3660,0.105652099,0.501716802,50.405292406,-37.683000000
nuscenes_mini_subset,scene-1094_007,evaluation,yaw,-1.000000000,21,70.000000000,5,34642,9,3669,0.105911899,0.666218966,25.254281478,-37.683000000
nuscenes_mini_subset,scene-1094_007,evaluation,yaw,-0.500000000,21,70.000000000,5,34642,9,3671,0.105969632,0.868376068,12.639479759,-37.683000000
nuscenes_mini_subset,scene-1094_007,evaluation,yaw,0.000000000,21,70.000000000,5,34642,9,3678,0.106171699,0.859829060,0.000000000,-37.683000000
nuscenes_mini_subset,scene-1094_007,evaluation,yaw,0.500000000,21,70.000000000,5,34642,9,3676,0.106113966,0.852510453,12.635686677,-37.683000000
nuscenes_mini_subset,scene-1094_007,evaluation,yaw,1.000000000,21,70.000000000,5,34642,9,3678,0.106171699,0.688168383,25.232908968,-37.683000000
nuscenes_mini_subset,scene-1094_007,evaluation,yaw,2.000000000,21,70.000000000,5,34642,9,3681,0.106258299,0.474572858,50.324485208,-37.683000000
nuscenes_mini_subset,scene-1094_007,evaluation,yaw,3.000000000,21,70.000000000,5,34642,9,3682,0.106287166,0.436408076,75.342435386,-37.683000000
nuscenes_mini_subset,scene-1094_007,evaluation,translation_z,0.000000000,21,70.000000000,5,34642,9,3678,0.106171699,0.859829060,0.000000000,-37.683000000
nuscenes_mini_subset,scene-1094_007,evaluation,translation_z,0.020000000,21,70.000000000,5,34642,9,3705,0.106951100,0.859829060,0.990473623,-37.683000000
nuscenes_mini_subset,scene-1094_007,evaluation,translation_z,0.050000000,21,70.000000000,5,34642,9,3736,0.107845967,0.857183557,2.476127623,-37.683000000
nuscenes_mini_subset,scene-1094_007,evaluation,translation_z,0.100000000,21,70.000000000,5,34642,9,3770,0.108827435,0.853335553,4.952067144,-37.683000000
nuscenes_mini_subset,scene-1094_008,evaluation,yaw,-3.000000000,21,70.000000000,5,34655,8,3647,0.105237339,0.495223698,75.582537877,-35.245000000
nuscenes_mini_subset,scene-1094_008,evaluation,yaw,-2.000000000,21,70.000000000,5,34655,8,3647,0.105237339,0.563503547,50.461249881,-35.245000000
nuscenes_mini_subset,scene-1094_008,evaluation,yaw,-1.000000000,21,70.000000000,5,34655,8,3648,0.105266195,0.747023810,25.272107863,-35.245000000
nuscenes_mini_subset,scene-1094_008,evaluation,yaw,-0.500000000,21,70.000000000,5,34655,8,3647,0.105237339,0.884920635,12.646412664,-35.245000000
nuscenes_mini_subset,scene-1094_008,evaluation,yaw,0.000000000,21,70.000000000,5,34655,8,3646,0.105208484,0.928819444,0.000000000,-35.245000000
nuscenes_mini_subset,scene-1094_008,evaluation,yaw,0.500000000,21,70.000000000,5,34655,8,3650,0.105323907,0.886396871,12.631972033,-35.245000000
nuscenes_mini_subset,scene-1094_008,evaluation,yaw,1.000000000,21,70.000000000,5,34655,8,3652,0.105381619,0.752861173,25.226478949,-35.245000000
nuscenes_mini_subset,scene-1094_008,evaluation,yaw,2.000000000,21,70.000000000,5,34655,8,3647,0.105237339,0.448373172,50.270685202,-35.245000000
nuscenes_mini_subset,scene-1094_008,evaluation,yaw,3.000000000,21,70.000000000,5,34655,8,3653,0.105410475,0.321963767,75.127320686,-35.245000000
nuscenes_mini_subset,scene-1094_008,evaluation,translation_z,0.000000000,21,70.000000000,5,34655,8,3646,0.105208484,0.928819444,0.000000000,-35.245000000
nuscenes_mini_subset,scene-1094_008,evaluation,translation_z,0.020000000,21,70.000000000,5,34655,8,3675,0.106045304,0.928819444,1.079518093,-35.245000000
nuscenes_mini_subset,scene-1094_008,evaluation,translation_z,0.050000000,21,70.000000000,5,34655,8,3709,0.107026403,0.928819444,2.698727689,-35.245000000
nuscenes_mini_subset,scene-1094_008,evaluation,translation_z,0.100000000,21,70.000000000,5,34655,8,3740,0.107920935,0.928819444,5.397230245,-35.245000000
nuscenes_mini_subset,scene-1094_009,evaluation,yaw,-3.000000000,21,70.000000000,5,34605,10,3607,0.104233492,0.354637478,75.093036545,-35.631000000
nuscenes_mini_subset,scene-1094_009,evaluation,yaw,-2.000000000,21,70.000000000,5,34605,10,3615,0.104464673,0.366397393,50.126253920,-35.631000000
nuscenes_mini_subset,scene-1094_009,evaluation,yaw,-1.000000000,21,70.000000000,5,34605,10,3618,0.104551365,0.644359720,25.109508690,-35.631000000
nuscenes_mini_subset,scene-1094_009,evaluation,yaw,-0.500000000,21,70.000000000,5,34605,10,3617,0.104522468,0.835220981,12.567267540,-35.631000000
nuscenes_mini_subset,scene-1094_009,evaluation,yaw,0.000000000,21,70.000000000,5,34605,10,3620,0.104609161,0.863424947,0.000000000,-35.631000000
nuscenes_mini_subset,scene-1094_009,evaluation,yaw,0.500000000,21,70.000000000,5,34605,10,3624,0.104724751,0.816443505,12.564514663,-35.631000000
nuscenes_mini_subset,scene-1094_009,evaluation,yaw,1.000000000,21,70.000000000,5,34605,10,3633,0.104984829,0.653306990,25.107965326,-35.631000000
nuscenes_mini_subset,scene-1094_009,evaluation,yaw,2.000000000,21,70.000000000,5,34605,10,3636,0.105071521,0.328613441,50.086449597,-35.631000000
nuscenes_mini_subset,scene-1094_009,evaluation,yaw,3.000000000,21,70.000000000,5,34605,10,3641,0.105216009,0.205226363,74.986394565,-35.631000000
nuscenes_mini_subset,scene-1094_009,evaluation,translation_z,0.000000000,21,70.000000000,5,34605,10,3620,0.104609161,0.863424947,0.000000000,-35.631000000
nuscenes_mini_subset,scene-1094_009,evaluation,translation_z,0.020000000,21,70.000000000,5,34605,10,3649,0.105447190,0.863424947,1.162838122,-35.631000000
nuscenes_mini_subset,scene-1094_009,evaluation,translation_z,0.050000000,21,70.000000000,5,34605,10,3683,0.106429707,0.863424947,2.907015307,-35.631000000
nuscenes_mini_subset,scene-1094_009,evaluation,translation_z,0.100000000,21,70.000000000,5,34605,10,3716,0.107383326,0.863424947,5.813763968,-35.631000000
nuscenes_mini_subset,scene-1094_010,calibration,yaw,-3.000000000,21,70.000000000,5,34566,11,3550,0.102702077,0.412607696,75.417376740,-35.018000000
nuscenes_mini_subset,scene-1094_010,calibration,yaw,-2.000000000,21,70.000000000,5,34566,11,3565,0.103136030,0.466147366,50.391109460,-35.018000000
nuscenes_mini_subset,scene-1094_010,calibration,yaw,-1.000000000,21,70.000000000,5,34566,11,3581,0.103598912,0.668830197,25.252464891,-35.018000000
nuscenes_mini_subset,scene-1094_010,calibration,yaw,-0.500000000,21,70.000000000,5,34566,11,3584,0.103685703,0.795353260,12.643588415,-35.018000000
nuscenes_mini_subset,scene-1094_010,calibration,yaw,0.000000000,21,70.000000000,5,34566,11,3592,0.103917144,0.856726212,0.000000000,-35.018000000
nuscenes_mini_subset,scene-1094_010,calibration,yaw,0.500000000,21,70.000000000,5,34566,11,3594,0.103975004,0.847148113,12.649456871,-35.018000000
nuscenes_mini_subset,scene-1094_010,calibration,yaw,1.000000000,21,70.000000000,5,34566,11,3600,0.104148585,0.718588994,25.276676458,-35.018000000
nuscenes_mini_subset,scene-1094_010,calibration,yaw,2.000000000,21,70.000000000,5,34566,11,3609,0.104408957,0.435164783,50.446817982,-35.018000000
nuscenes_mini_subset,scene-1094_010,calibration,yaw,3.000000000,21,70.000000000,5,34566,11,3618,0.104669328,0.328125787,75.516498460,-35.018000000
nuscenes_mini_subset,scene-1094_010,calibration,translation_z,0.000000000,21,70.000000000,5,34566,11,3592,0.103917144,0.856726212,0.000000000,-35.018000000
nuscenes_mini_subset,scene-1094_010,calibration,translation_z,0.020000000,21,70.000000000,5,34566,11,3622,0.104785049,0.856941637,1.310369070,-35.018000000
nuscenes_mini_subset,scene-1094_010,calibration,translation_z,0.050000000,21,70.000000000,5,34566,11,3655,0.105739744,0.856941637,3.275826016,-35.018000000
nuscenes_mini_subset,scene-1094_010,calibration,translation_z,0.100000000,21,70.000000000,5,34566,11,3686,0.106636579,0.856941637,6.551329859,-35.018000000
nuscenes_mini_subset,scene-1094_011,evaluation,yaw,-3.000000000,21,70.000000000,5,34575,9,3473,0.100448301,0.542534021,75.381024364,-34.853000000
nuscenes_mini_subset,scene-1094_011,evaluation,yaw,-2.000000000,21,70.000000000,5,34575,9,3499,0.101200289,0.598908869,50.347928765,-34.853000000
nuscenes_mini_subset,scene-1094_011,evaluation,yaw,-1.000000000,21,70.000000000,5,34575,9,3526,0.101981200,0.783623754,25.222551301,-34.853000000
nuscenes_mini_subset,scene-1094_011,evaluation,yaw,-0.500000000,21,70.000000000,5,34575,9,3539,0.102357195,0.880257624,12.627659402,-34.853000000
nuscenes_mini_subset,scene-1094_011,evaluation,yaw,0.000000000,21,70.000000000,5,34575,9,3556,0.102848879,0.890444515,0.000000000,-34.853000000
nuscenes_mini_subset,scene-1094_011,evaluation,yaw,0.500000000,21,70.000000000,5,34575,9,3564,0.103080260,0.851251168,12.633771411,-34.853000000
nuscenes_mini_subset,scene-1094_011,evaluation,yaw,1.000000000,21,70.000000000,5,34575,9,3576,0.103427332,0.787134085,25.254458938,-34.853000000
nuscenes_mini_subset,scene-1094_011,evaluation,yaw,2.000000000,21,70.000000000,5,34575,9,3599,0.104092552,0.561294250,50.415384718,-34.853000000
nuscenes_mini_subset,scene-1094_011,evaluation,yaw,3.000000000,21,70.000000000,5,34575,9,3606,0.104295011,0.445951256,75.471066459,-34.853000000
nuscenes_mini_subset,scene-1094_011,evaluation,translation_z,0.000000000,21,70.000000000,5,34575,9,3556,0.102848879,0.890444515,0.000000000,-34.853000000
nuscenes_mini_subset,scene-1094_011,evaluation,translation_z,0.020000000,21,70.000000000,5,34575,9,3584,0.103658713,0.890444515,1.465494789,-34.853000000
nuscenes_mini_subset,scene-1094_011,evaluation,translation_z,0.050000000,21,70.000000000,5,34575,9,3617,0.104613160,0.890444515,3.663616648,-34.853000000
nuscenes_mini_subset,scene-1094_011,evaluation,translation_z,0.100000000,21,70.000000000,5,34575,9,3649,0.105538684,0.890444515,7.326832248,-34.853000000
nuscenes_mini_subset,scene-1094_012,evaluation,yaw,-3.000000000,21,70.000000000,5,34631,10,3289,0.094972712,0.539449493,75.084393548,-35.276000000
nuscenes_mini_subset,scene-1094_012,evaluation,yaw,-2.000000000,21,70.000000000,5,34631,10,3314,0.095694609,0.577880096,50.165049036,-35.276000000
nuscenes_mini_subset,scene-1094_012,evaluation,yaw,-1.000000000,21,70.000000000,5,34631,10,3344,0.096560885,0.725656165,25.126676049,-35.276000000
nuscenes_mini_subset,scene-1094_012,evaluation,yaw,-0.500000000,21,70.000000000,5,34631,10,3355,0.096878519,0.893865315,12.575043948,-35.276000000
nuscenes_mini_subset,scene-1094_012,evaluation,yaw,0.000000000,21,70.000000000,5,34631,10,3373,0.097398285,0.908403361,0.000000000,-35.276000000
nuscenes_mini_subset,scene-1094_012,evaluation,yaw,0.500000000,21,70.000000000,5,34631,10,3385,0.097744795,0.891391922,12.586363476,-35.276000000
nuscenes_mini_subset,scene-1094_012,evaluation,yaw,1.000000000,21,70.000000000,5,34631,10,3408,0.098408940,0.788347799,25.157568621,-35.276000000
nuscenes_mini_subset,scene-1094_012,evaluation,yaw,2.000000000,21,70.000000000,5,34631,10,3449,0.099592850,0.546433763,50.256795083,-35.276000000
nuscenes_mini_subset,scene-1094_012,evaluation,yaw,3.000000000,21,70.000000000,5,34631,10,3472,0.100256995,0.450224459,75.272371265,-35.276000000
nuscenes_mini_subset,scene-1094_012,evaluation,translation_z,0.000000000,21,70.000000000,5,34631,10,3373,0.097398285,0.908403361,0.000000000,-35.276000000
nuscenes_mini_subset,scene-1094_012,evaluation,translation_z,0.020000000,21,70.000000000,5,34631,10,3402,0.098235685,0.908403361,1.681398363,-35.276000000
nuscenes_mini_subset,scene-1094_012,evaluation,translation_z,0.050000000,21,70.000000000,5,34631,10,3437,0.099246340,0.908403361,4.203334448,-35.276000000
nuscenes_mini_subset,scene-1094_012,evaluation,translation_z,0.100000000,21,70.000000000,5,34631,10,3469,0.100170368,0.908823529,8.406130755,-35.276000000
nuscenes_mini_subset,scene-1094_013,evaluation,yaw,-3.000000000,21,70.000000000,5,34636,11,3066,0.088520614,0.547855666,75.525080430,-35.257000000
nuscenes_mini_subset,scene-1094_013,evaluation,yaw,-2.000000000,21,70.000000000,5,34636,11,3093,0.089300150,0.692632455,50.381283877,-35.257000000
nuscenes_mini_subset,scene-1094_013,evaluation,yaw,-1.000000000,21,70.000000000,5,34636,11,3115,0.089935327,0.770451989,25.221423239,-35.257000000
nuscenes_mini_subset,scene-1094_013,evaluation,yaw,-0.500000000,21,70.000000000,5,34636,11,3132,0.090426146,0.839799571,12.616585188,-35.257000000
nuscenes_mini_subset,scene-1094_013,evaluation,yaw,0.000000000,21,70.000000000,5,34636,11,3143,0.090743735,0.871868289,0.000000000,-35.257000000
nuscenes_mini_subset,scene-1094_013,evaluation,yaw,0.500000000,21,70.000000000,5,34636,11,3151,0.090974708,0.885039370,12.616713500,-35.257000000
nuscenes_mini_subset,scene-1094_013,evaluation,yaw,1.000000000,21,70.000000000,5,34636,11,3161,0.091263425,0.856219109,25.199789337,-35.257000000
nuscenes_mini_subset,scene-1094_013,evaluation,yaw,2.000000000,21,70.000000000,5,34636,11,3188,0.092042961,0.690389554,50.302647163,-35.257000000
nuscenes_mini_subset,scene-1094_013,evaluation,yaw,3.000000000,21,70.000000000,5,34636,11,3210,0.092678138,0.505007329,75.296770993,-35.257000000
nuscenes_mini_subset,scene-1094_013,evaluation,translation_z,0.000000000,21,70.000000000,5,34636,11,3143,0.090743735,0.871868289,0.000000000,-35.257000000
nuscenes_mini_subset,scene-1094_013,evaluation,translation_z,0.020000000,21,70.000000000,5,34636,11,3173,0.091609886,0.871868289,1.984981796,-35.257000000
nuscenes_mini_subset,scene-1094_013,evaluation,translation_z,0.050000000,21,70.000000000,5,34636,11,3207,0.092591523,0.871868289,4.962236866,-35.257000000
nuscenes_mini_subset,scene-1094_013,evaluation,translation_z,0.100000000,21,70.000000000,5,34636,11,3239,0.093515417,0.872584109,9.923748404,-35.257000000
nuscenes_mini_subset,scene-1094_014,evaluation,yaw,-3.000000000,21,70.000000000,5,34581,8,2803,0.081056071,0.731993447,76.402224171,-35.573000000
nuscenes_mini_subset,scene-1094_014,evaluation,yaw,-2.000000000,21,70.000000000,5,34581,8,2808,0.081200659,0.872893361,51.022701350,-35.573000000
nuscenes_mini_subset,scene-1094_014,evaluation,yaw,-1.000000000,21,70.000000000,5,34581,8,2814,0.081374165,0.970157425,25.539058366,-35.573000000
nuscenes_mini_subset,scene-1094_014,evaluation,yaw,-0.500000000,21,70.000000000,5,34581,8,2818,0.081489835,0.998737374,12.769906530,-35.573000000
nuscenes_mini_subset,scene-1094_014,evaluation,yaw,0.000000000,21,70.000000000,5,34581,8,2831,0.081865764,1.000000000,0.000000000,-35.573000000
nuscenes_mini_subset,scene-1094_014,evaluation,yaw,0.500000000,21,70.000000000,5,34581,8,2836,0.082010353,1.000000000,12.760871323,-35.573000000
nuscenes_mini_subset,scene-1094_014,evaluation,yaw,1.000000000,21,70.000000000,5,34581,8,2848,0.082357364,0.972995581,25.480265474,-35.573000000
nuscenes_mini_subset,scene-1094_014,evaluation,yaw,2.000000000,21,70.000000000,5,34581,8,2874,0.083109222,0.811854320,50.858734935,-35.573000000
nuscenes_mini_subset,scene-1094_014,evaluation,yaw,3.000000000,21,70.000000000,5,34581,8,2908,0.084092421,0.640660814,76.151418017,-35.573000000
nuscenes_mini_subset,scene-1094_014,evaluation,translation_z,0.000000000,21,70.000000000,5,34581,8,2831,0.081865764,1.000000000,0.000000000,-35.573000000
nuscenes_mini_subset,scene-1094_014,evaluation,translation_z,0.020000000,21,70.000000000,5,34581,8,2863,0.082791128,1.000000000,2.350070237,-35.573000000
nuscenes_mini_subset,scene-1094_014,evaluation,translation_z,0.050000000,21,70.000000000,5,34581,8,2901,0.083889997,1.000000000,5.874864406,-35.573000000
nuscenes_mini_subset,scene-1094_014,evaluation,translation_z,0.100000000,21,70.000000000,5,34581,8,2935,0.084873196,1.000000000,11.748691668,-35.573000000
nuscenes_mini_subset,scene-1094_015,calibration,yaw,-3.000000000,21,70.000000000,5,34611,8,2721,0.078616625,0.534764785,77.347682052,-35.995000000
nuscenes_mini_subset,scene-1094_015,calibration,yaw,-2.000000000,21,70.000000000,5,34611,8,2724,0.078703302,0.655569348,51.724941169,-35.995000000
nuscenes_mini_subset,scene-1094_015,calibration,yaw,-1.000000000,21,70.000000000,5,34611,8,2724,0.078703302,0.738464771,25.949526543,-35.995000000
nuscenes_mini_subset,scene-1094_015,calibration,yaw,-0.500000000,21,70.000000000,5,34611,8,2734,0.078992228,0.760487038,13.000138614,-35.995000000
nuscenes_mini_subset,scene-1094_015,calibration,yaw,0.000000000,21,70.000000000,5,34611,8,2730,0.078876658,0.766872660,0.000000000,-35.995000000
nuscenes_mini_subset,scene-1094_015,calibration,yaw,0.500000000,21,70.000000000,5,34611,8,2743,0.079252261,0.767475613,12.998396453,-35.995000000
nuscenes_mini_subset,scene-1094_015,calibration,yaw,1.000000000,21,70.000000000,5,34611,8,2737,0.079078906,0.750373068,25.958819730,-35.995000000
nuscenes_mini_subset,scene-1094_015,calibration,yaw,2.000000000,21,70.000000000,5,34611,8,2735,0.079021120,0.676298259,51.720750700,-35.995000000
nuscenes_mini_subset,scene-1094_015,calibration,yaw,3.000000000,21,70.000000000,5,34611,8,2730,0.078876658,0.553898797,77.281244347,-35.995000000
nuscenes_mini_subset,scene-1094_015,calibration,translation_z,0.000000000,21,70.000000000,5,34611,8,2730,0.078876658,0.766872660,0.000000000,-35.995000000
nuscenes_mini_subset,scene-1094_015,calibration,translation_z,0.020000000,21,70.000000000,5,34611,8,2764,0.079859004,0.766872660,2.519131844,-35.995000000
nuscenes_mini_subset,scene-1094_015,calibration,translation_z,0.050000000,21,70.000000000,5,34611,8,2801,0.080928029,0.766872660,6.297506042,-35.995000000
nuscenes_mini_subset,scene-1094_015,calibration,translation_z,0.100000000,21,70.000000000,5,34611,8,2835,0.081910375,0.766872660,12.593933674,-35.995000000
nuscenes_mini_subset,scene-1094_016,evaluation,yaw,-3.000000000,21,70.000000000,5,34660,7,2683,0.077409117,0.493802686,76.305727174,-37.000000000
nuscenes_mini_subset,scene-1094_016,evaluation,yaw,-2.000000000,21,70.000000000,5,34660,7,2675,0.077178304,0.722567393,51.069971022,-37.000000000
nuscenes_mini_subset,scene-1094_016,evaluation,yaw,-1.000000000,21,70.000000000,5,34660,7,2654,0.076572418,0.849206349,25.605488317,-37.000000000
nuscenes_mini_subset,scene-1094_016,evaluation,yaw,-0.500000000,21,70.000000000,5,34660,7,2654,0.076572418,0.856643732,12.827204791,-37.000000000
nuscenes_mini_subset,scene-1094_016,evaluation,yaw,0.000000000,21,70.000000000,5,34660,7,2662,0.076803231,0.861597862,0.000000000,-37.000000000
nuscenes_mini_subset,scene-1094_016,evaluation,yaw,0.500000000,21,70.000000000,5,34660,7,2663,0.076832083,0.861692737,12.838959915,-37.000000000
nuscenes_mini_subset,scene-1094_016,evaluation,yaw,1.000000000,21,70.000000000,5,34660,7,2674,0.077149452,0.829342271,25.664414791,-37.000000000
nuscenes_mini_subset,scene-1094_016,evaluation,yaw,2.000000000,21,70.000000000,5,34660,7,2697,0.077813041,0.742384020,51.279046284,-37.000000000
nuscenes_mini_subset,scene-1094_016,evaluation,yaw,3.000000000,21,70.000000000,5,34660,7,2702,0.077957299,0.565532056,76.722994962,-37.000000000
nuscenes_mini_subset,scene-1094_016,evaluation,translation_z,0.000000000,21,70.000000000,5,34660,7,2662,0.076803231,0.861597862,0.000000000,-37.000000000
nuscenes_mini_subset,scene-1094_016,evaluation,translation_z,0.020000000,21,70.000000000,5,34660,7,2693,0.077697634,0.861597862,2.468150633,-37.000000000
nuscenes_mini_subset,scene-1094_016,evaluation,translation_z,0.050000000,21,70.000000000,5,34660,7,2728,0.078707444,0.861597862,6.170044018,-37.000000000
nuscenes_mini_subset,scene-1094_016,evaluation,translation_z,0.100000000,21,70.000000000,5,34660,7,2760,0.079630698,0.861597862,12.338979653,-37.000000000
nuscenes_mini_subset,scene-1094_017,evaluation,yaw,-3.000000000,21,70.000000000,5,34615,6,2716,0.078463094,0.522148569,76.234885312,-37.959000000
nuscenes_mini_subset,scene-1094_017,evaluation,yaw,-2.000000000,21,70.000000000,5,34615,6,2720,0.078578651,0.691393098,50.934907315,-37.959000000
nuscenes_mini_subset,scene-1094_017,evaluation,yaw,-1.000000000,21,70.000000000,5,34615,6,2701,0.078029756,0.778432778,25.511098338,-37.959000000
nuscenes_mini_subset,scene-1094_017,evaluation,yaw,-0.500000000,21,70.000000000,5,34615,6,2693,0.077798642,0.833100124,12.777168380,-37.959000000
nuscenes_mini_subset,scene-1094_017,evaluation,yaw,0.000000000,21,70.000000000,5,34615,6,2688,0.077654196,0.850746269,0.000000000,-37.959000000
nuscenes_mini_subset,scene-1094_017,evaluation,yaw,0.500000000,21,70.000000000,5,34615,6,2686,0.077596418,0.855604789,12.783968131,-37.959000000
nuscenes_mini_subset,scene-1094_017,evaluation,yaw,1.000000000,21,70.000000000,5,34615,6,2684,0.077538639,0.844838308,25.535059749,-37.959000000
nuscenes_mini_subset,scene-1094_017,evaluation,yaw,2.000000000,21,70.000000000,5,34615,6,2679,0.077394193,0.794956719,50.944503521,-37.959000000
nuscenes_mini_subset,scene-1094_017,evaluation,yaw,3.000000000,21,70.000000000,5,34615,6,2679,0.077394193,0.579468503,76.263751062,-37.959000000
nuscenes_mini_subset,scene-1094_017,evaluation,translation_z,0.000000000,21,70.000000000,5,34615,6,2688,0.077654196,0.850746269,0.000000000,-37.959000000
nuscenes_mini_subset,scene-1094_017,evaluation,translation_z,0.020000000,21,70.000000000,5,34615,6,2717,0.078491983,0.850746269,2.675919632,-37.959000000
nuscenes_mini_subset,scene-1094_017,evaluation,translation_z,0.050000000,21,70.000000000,5,34615,6,2749,0.079416438,0.850746269,6.689430684,-37.959000000
nuscenes_mini_subset,scene-1094_017,evaluation,translation_z,0.100000000,21,70.000000000,5,34615,6,2789,0.080572006,0.850746269,13.377633560,-37.959000000
nuscenes_mini_subset,scene-1094_018,evaluation,yaw,-3.000000000,21,70.000000000,5,34561,4,2733,0.079077573,0.503913238,75.649164770,-37.842000000
nuscenes_mini_subset,scene-1094_018,evaluation,yaw,-2.000000000,21,70.000000000,5,34561,4,2715,0.078556755,0.584078712,50.580442020,-37.842000000
nuscenes_mini_subset,scene-1094_018,evaluation,yaw,-1.000000000,21,70.000000000,5,34561,4,2690,0.077833396,0.649821109,25.384347421,-37.842000000
nuscenes_mini_subset,scene-1094_018,evaluation,yaw,-0.500000000,21,70.000000000,5,34561,4,2679,0.077515118,0.687500000,12.707498250,-37.842000000
nuscenes_mini_subset,scene-1094_018,evaluation,yaw,0.000000000,21,70.000000000,5,34561,4,2677,0.077457250,0.723662207,0.000000000,-37.842000000
nuscenes_mini_subset,scene-1094_018,evaluation,yaw,0.500000000,21,70.000000000,5,34561,4,2668,0.077196840,0.726705297,12.713783754,-37.842000000
nuscenes_mini_subset,scene-1094_018,evaluation,yaw,1.000000000,21,70.000000000,5,34561,4,2667,0.077167906,0.712867504,25.404344418,-37.842000000
nuscenes_mini_subset,scene-1094_018,evaluation,yaw,2.000000000,21,70.000000000,5,34561,4,2647,0.076589219,0.741188652,50.702311343,-37.842000000
nuscenes_mini_subset,scene-1094_018,evaluation,yaw,3.000000000,21,70.000000000,5,34561,4,2632,0.076155204,0.647973866,75.901952276,-37.842000000
nuscenes_mini_subset,scene-1094_018,evaluation,translation_z,0.000000000,21,70.000000000,5,34561,4,2677,0.077457250,0.723662207,0.000000000,-37.842000000
nuscenes_mini_subset,scene-1094_018,evaluation,translation_z,0.020000000,21,70.000000000,5,34561,4,2705,0.078267411,0.723662207,2.541084735,-37.842000000
nuscenes_mini_subset,scene-1094_018,evaluation,translation_z,0.050000000,21,70.000000000,5,34561,4,2733,0.079077573,0.723662207,6.352343756,-37.842000000
nuscenes_mini_subset,scene-1094_018,evaluation,translation_z,0.100000000,21,70.000000000,5,34561,4,2792,0.080784700,0.723662207,12.703460759,-37.842000000
nuscenes_mini_subset,scene-1094_019,evaluation,yaw,-3.000000000,21,70.000000000,5,34550,4,2786,0.080636758,0.530131045,75.397181680,-37.727000000
nuscenes_mini_subset,scene-1094_019,evaluation,yaw,-2.000000000,21,70.000000000,5,34550,4,2766,0.080057887,0.667714101,50.390727504,-37.727000000
nuscenes_mini_subset,scene-1094_019,evaluation,yaw,-1.000000000,21,70.000000000,5,34550,4,2751,0.079623734,0.777002584,25.238022060,-37.727000000
nuscenes_mini_subset,scene-1094_019,evaluation,yaw,-0.500000000,21,70.000000000,5,34550,4,2745,0.079450072,0.796963824,12.645510804,-37.727000000
nuscenes_mini_subset,scene-1094_019,evaluation,yaw,0.000000000,21,70.000000000,5,34550,4,2731,0.079044863,0.805555556,0.000000000,-37.727000000
nuscenes_mini_subset,scene-1094_019,evaluation,yaw,0.500000000,21,70.000000000,5,34550,4,2723,0.078813314,0.790633075,12.637888610,-37.727000000
nuscenes_mini_subset,scene-1094_019,evaluation,yaw,1.000000000,21,70.000000000,5,34550,4,2713,0.078523878,0.739124216,25.240269621,-37.727000000
nuscenes_mini_subset,scene-1094_019,evaluation,yaw,2.000000000,21,70.000000000,5,34550,4,2702,0.078205499,0.670330380,50.310733817,-37.727000000
nuscenes_mini_subset,scene-1094_019,evaluation,yaw,3.000000000,21,70.000000000,5,34550,4,2682,0.077626628,0.573043559,75.255729760,-37.727000000
nuscenes_mini_subset,scene-1094_019,evaluation,translation_z,0.000000000,21,70.000000000,5,34550,4,2731,0.079044863,0.805555556,0.000000000,-37.727000000
nuscenes_mini_subset,scene-1094_019,evaluation,translation_z,0.020000000,21,70.000000000,5,34550,4,2758,0.079826339,0.805555556,2.459984228,-37.727000000
nuscenes_mini_subset,scene-1094_019,evaluation,translation_z,0.050000000,21,70.000000000,5,34550,4,2786,0.080636758,0.805555556,6.149641141,-37.727000000
nuscenes_mini_subset,scene-1094_019,evaluation,translation_z,0.100000000,21,70.000000000,5,34550,4,2838,0.082141823,0.805555556,12.298217663,-37.727000000
nuscenes_mini_subset,scene-1094_020,calibration,yaw,-3.000000000,21,70.000000000,5,34570,3,2783,0.080503327,0.447207207,74.861867754,-37.269000000
nuscenes_mini_subset,scene-1094_020,calibration,yaw,-2.000000000,21,70.000000000,5,34570,3,2755,0.079693376,0.595315315,50.011895569,-37.269000000
nuscenes_mini_subset,scene-1094_020,calibration,yaw,-1.000000000,21,70.000000000,5,34570,3,2732,0.079028059,0.752432432,25.057663778,-37.269000000
nuscenes_mini_subset,scene-1094_020,calibration,yaw,-0.500000000,21,70.000000000,5,34570,3,2723,0.078767718,0.801801802,12.548478224,-37.269000000
nuscenes_mini_subset,scene-1094_020,calibration,yaw,0.000000000,21,70.000000000,5,34570,3,2710,0.078391669,0.855855856,0.000000000,-37.269000000
nuscenes_mini_subset,scene-1094_020,calibration,yaw,0.500000000,21,70.000000000,5,34570,3,2696,0.077986694,0.855855856,12.554579142,-37.269000000
nuscenes_mini_subset,scene-1094_020,calibration,yaw,1.000000000,21,70.000000000,5,34570,3,2692,0.077870986,0.873873874,25.083316379,-37.269000000
nuscenes_mini_subset,scene-1094_020,calibration,yaw,2.000000000,21,70.000000000,5,34570,3,2678,0.077466011,0.784144144,50.086040900,-37.269000000
nuscenes_mini_subset,scene-1094_020,calibration,yaw,3.000000000,21,70.000000000,5,34570,3,2657,0.076858548,0.690090090,74.988998588,-37.269000000
nuscenes_mini_subset,scene-1094_020,calibration,translation_z,0.000000000,21,70.000000000,5,34570,3,2710,0.078391669,0.855855856,0.000000000,-37.269000000
nuscenes_mini_subset,scene-1094_020,calibration,translation_z,0.020000000,21,70.000000000,5,34570,3,2738,0.079201620,0.855855856,2.722731841,-37.269000000
nuscenes_mini_subset,scene-1094_020,calibration,translation_z,0.050000000,21,70.000000000,5,34570,3,2765,0.079982644,0.855855856,6.806451274,-37.269000000
nuscenes_mini_subset,scene-1094_020,calibration,translation_z,0.100000000,21,70.000000000,5,34570,3,2827,0.081776106,0.855855856,13.611641642,-37.269000000
nuscenes_mini_subset,scene-1094_021,evaluation,yaw,-3.000000000,21,70.000000000,5,34495,3,2699,0.078243224,0.184477124,74.672559892,-36.582000000
nuscenes_mini_subset,scene-1094_021,evaluation,yaw,-2.000000000,21,70.000000000,5,34495,3,2669,0.077373532,0.318300654,49.864838693,-36.582000000
nuscenes_mini_subset,scene-1094_021,evaluation,yaw,-1.000000000,21,70.000000000,5,34495,3,2667,0.077315553,0.422385621,24.974093046,-36.582000000
nuscenes_mini_subset,scene-1094_021,evaluation,yaw,-0.500000000,21,70.000000000,5,34495,3,2660,0.077112625,0.477124183,12.501947323,-36.582000000
nuscenes_mini_subset,scene-1094_021,evaluation,yaw,0.000000000,21,70.000000000,5,34495,3,2668,0.077344543,0.490196078,0.000000000,-36.582000000
nuscenes_mini_subset,scene-1094_021,evaluation,yaw,0.500000000,21,70.000000000,5,34495,3,2666,0.077286563,0.476470588,12.510214290,-36.582000000
nuscenes_mini_subset,scene-1094_021,evaluation,yaw,1.000000000,21,70.000000000,5,34495,3,2669,0.077373532,0.474643494,25.007739448,-36.582000000
nuscenes_mini_subset,scene-1094_021,evaluation,yaw,2.000000000,21,70.000000000,5,34495,3,2645,0.076677779,0.360427807,49.905763938,-36.582000000
nuscenes_mini_subset,scene-1094_021,evaluation,yaw,3.000000000,21,70.000000000,5,34495,3,2630,0.076242934,0.264334522,74.747919046,-36.582000000
nuscenes_mini_subset,scene-1094_021,evaluation,translation_z,0.000000000,21,70.000000000,5,34495,3,2668,0.077344543,0.490196078,0.000000000,-36.582000000
nuscenes_mini_subset,scene-1094_021,evaluation,translation_z,0.020000000,21,70.000000000,5,34495,3,2697,0.078185244,0.490196078,2.447807234,-36.582000000
nuscenes_mini_subset,scene-1094_021,evaluation,translation_z,0.050000000,21,70.000000000,5,34495,3,2725,0.078996956,0.490196078,6.119195156,-36.582000000
nuscenes_mini_subset,scene-1094_021,evaluation,translation_z,0.100000000,21,70.000000000,5,34495,3,2752,0.079779678,0.490196078,12.237314035,-36.582000000
nuscenes_mini_subset,scene-1094_022,evaluation,yaw,-3.000000000,21,70.000000000,5,34462,3,2833,0.082206488,0.384927536,74.434119237,-36.463000000
nuscenes_mini_subset,scene-1094_022,evaluation,yaw,-2.000000000,21,70.000000000,5,34462,3,2812,0.081597121,0.538550725,49.682623514,-36.463000000
nuscenes_mini_subset,scene-1094_022,evaluation,yaw,-1.000000000,21,70.000000000,5,34462,3,2799,0.081219894,0.691014493,24.888061196,-36.463000000
nuscenes_mini_subset,scene-1094_022,evaluation,yaw,-0.500000000,21,70.000000000,5,34462,3,2786,0.080842667,0.920000000,12.452191072,-36.463000000
nuscenes_mini_subset,scene-1094_022,evaluation,yaw,0.000000000,21,70.000000000,5,34462,3,2776,0.080552493,0.986666667,0.000000000,-36.463000000
nuscenes_mini_subset,scene-1094_022,evaluation,yaw,0.500000000,21,70.000000000,5,34462,3,2764,0.080204283,0.876521739,12.436920711,-36.463000000
nuscenes_mini_subset,scene-1094_022,evaluation,yaw,1.000000000,21,70.000000000,5,34462,3,2762,0.080146248,0.743188406,24.844252921,-36.463000000
nuscenes_mini_subset,scene-1094_022,evaluation,yaw,2.000000000,21,70.000000000,5,34462,3,2753,0.079885091,0.537391304,49.607658432,-36.463000000
nuscenes_mini_subset,scene-1094_022,evaluation,yaw,3.000000000,21,70.000000000,5,34462,3,2745,0.079652951,0.410434783,74.340976558,-36.463000000
nuscenes_mini_subset,scene-1094_022,evaluation,translation_z,0.000000000,21,70.000000000,5,34462,3,2776,0.080552493,0.986666667,0.000000000,-36.463000000
nuscenes_mini_subset,scene-1094_022,evaluation,translation_z,0.020000000,21,70.000000000,5,34462,3,2801,0.081277929,0.986666667,2.034396046,-36.463000000
nuscenes_mini_subset,scene-1094_022,evaluation,translation_z,0.050000000,21,70.000000000,5,34462,3,2825,0.081974349,0.986666667,5.085773383,-36.463000000
nuscenes_mini_subset,scene-1094_022,evaluation,translation_z,0.100000000,21,70.000000000,5,34462,3,2860,0.082989960,0.986666667,10.170824412,-36.463000000
nuscenes_mini_subset,scene-1094_023,evaluation,yaw,-3.000000000,21,70.000000000,5,34451,3,2952,0.085686918,0.148148148,74.663618259,-39.535000000
nuscenes_mini_subset,scene-1094_023,evaluation,yaw,-2.000000000,21,70.000000000,5,34451,3,2937,0.085251517,0.203703704,49.870092428,-39.535000000
nuscenes_mini_subset,scene-1094_023,evaluation,yaw,-1.000000000,21,70.000000000,5,34451,3,2910,0.084467795,0.406130268,24.951656815,-39.535000000
nuscenes_mini_subset,scene-1094_023,evaluation,yaw,-0.500000000,21,70.000000000,5,34451,3,2903,0.084264608,0.577266922,12.482222675,-39.535000000
nuscenes_mini_subset,scene-1094_023,evaluation,yaw,0.000000000,21,70.000000000,5,34451,3,2893,0.083974340,0.724137931,0.000000000,-39.535000000
nuscenes_mini_subset,scene-1094_023,evaluation,yaw,0.500000000,21,70.000000000,5,34451,3,2880,0.083596993,0.698595147,12.484088911,-39.535000000
nuscenes_mini_subset,scene-1094_023,evaluation,yaw,1.000000000,21,70.000000000,5,34451,3,2870,0.083306725,0.647509579,24.935078879,-39.535000000
nuscenes_mini_subset,scene-1094_023,evaluation,yaw,2.000000000,21,70.000000000,5,34451,3,2844,0.082552030,0.282886335,49.809755860,-39.535000000
nuscenes_mini_subset,scene-1094_023,evaluation,yaw,3.000000000,21,70.000000000,5,34451,3,2822,0.081913442,0.227330779,74.563498803,-39.535000000
nuscenes_mini_subset,scene-1094_023,evaluation,translation_z,0.000000000,21,70.000000000,5,34451,3,2893,0.083974340,0.724137931,0.000000000,-39.535000000
nuscenes_mini_subset,scene-1094_023,evaluation,translation_z,0.020000000,21,70.000000000,5,34451,3,2919,0.084729035,0.724137931,2.086488773,-39.535000000
nuscenes_mini_subset,scene-1094_023,evaluation,translation_z,0.050000000,21,70.000000000,5,34451,3,2948,0.085570811,0.724137931,5.215985882,-39.535000000
nuscenes_mini_subset,scene-1094_023,evaluation,translation_z,0.100000000,21,70.000000000,5,34451,3,3004,0.087196308,0.724137931,10.431185020,-39.535000000
nuscenes_mini_subset,scene-1094_024,evaluation,yaw,-3.000000000,21,70.000000000,5,34361,2,2950,0.085853147,0.166666667,74.959788439,-34.889000000
nuscenes_mini_subset,scene-1094_024,evaluation,yaw,-2.000000000,21,70.000000000,5,34361,2,2923,0.085067373,0.366666667,50.068988867,-34.889000000
nuscenes_mini_subset,scene-1094_024,evaluation,yaw,-1.000000000,21,70.000000000,5,34361,2,2898,0.084339804,0.733333333,25.078703974,-34.889000000
nuscenes_mini_subset,scene-1094_024,evaluation,yaw,-0.500000000,21,70.000000000,5,34361,2,2883,0.083903262,0.916666667,12.546567813,-34.889000000
nuscenes_mini_subset,scene-1094_024,evaluation,yaw,0.000000000,21,70.000000000,5,34361,2,2873,0.083612235,1.000000000,0.000000000,-34.889000000
nuscenes_mini_subset,scene-1094_024,evaluation,yaw,0.500000000,21,70.000000000,5,34361,2,2858,0.083175693,0.950000000,12.530523640,-34.889000000
nuscenes_mini_subset,scene-1094_024,evaluation,yaw,1.000000000,21,70.000000000,5,34361,2,2847,0.082855563,0.833333333,25.043651707,-34.889000000
nuscenes_mini_subset,scene-1094_024,evaluation,yaw,2.000000000,21,70.000000000,5,34361,2,2818,0.082011583,0.433333333,49.960168069,-34.889000000
nuscenes_mini_subset,scene-1094_024,evaluation,yaw,3.000000000,21,70.000000000,5,34361,2,2808,0.081720555,0.166666667,74.803562168,-34.889000000
nuscenes_mini_subset,scene-1094_024,evaluation,translation_z,0.000000000,21,70.000000000,5,34361,2,2873,0.083612235,1.000000000,0.000000000,-34.889000000
nuscenes_mini_subset,scene-1094_024,evaluation,translation_z,0.020000000,21,70.000000000,5,34361,2,2904,0.084514420,1.000000000,2.147775778,-34.889000000
nuscenes_mini_subset,scene-1094_024,evaluation,translation_z,0.050000000,21,70.000000000,5,34361,2,2938,0.085503914,1.000000000,5.369194153,-34.889000000
nuscenes_mini_subset,scene-1094_024,evaluation,translation_z,0.100000000,21,70.000000000,5,34361,2,2970,0.086435203,1.000000000,10.737570767,-34.889000000
nuscenes_mini_subset,scene-1094_025,calibration,yaw,-3.000000000,21,70.000000000,5,34370,3,2937,0.085452429,0.120718463,74.891387036,-34.766000000
nuscenes_mini_subset,scene-1094_025,calibration,yaw,-2.000000000,21,70.000000000,5,34370,3,2911,0.084695956,0.321219716,50.042896452,-34.766000000
nuscenes_mini_subset,scene-1094_025,calibration,yaw,-1.000000000,21,70.000000000,5,34370,3,2907,0.084579575,0.741019215,25.109267247,-34.766000000
nuscenes_mini_subset,scene-1094_025,calibration,yaw,-0.500000000,21,70.000000000,5,34370,3,2904,0.084492290,0.976190476,12.566195536,-34.766000000
nuscenes_mini_subset,scene-1094_025,calibration,yaw,0.000000000,21,70.000000000,5,34370,3,2902,0.084434100,1.000000000,0.000000000,-34.766000000
nuscenes_mini_subset,scene-1094_025,calibration,yaw,0.500000000,21,70.000000000,5,34370,3,2892,0.084143148,0.920634921,12.567798084,-34.766000000
nuscenes_mini_subset,scene-1094_025,calibration,yaw,1.000000000,21,70.000000000,5,34370,3,2881,0.083823102,0.768170426,25.114173246,-34.766000000
nuscenes_mini_subset,scene-1094_025,calibration,yaw,2.000000000,21,70.000000000,5,34370,3,2861,0.083241199,0.391395155,50.118472694,-34.766000000
nuscenes_mini_subset,scene-1094_025,calibration,yaw,3.000000000,21,70.000000000,5,34370,3,2825,0.082193774,0.138262322,74.947863346,-34.766000000
nuscenes_mini_subset,scene-1094_025,calibration,translation_z,0.000000000,21,70.000000000,5,34370,3,2902,0.084434100,1.000000000,0.000000000,-34.766000000
nuscenes_mini_subset,scene-1094_025,calibration,translation_z,0.020000000,21,70.000000000,5,34370,3,2932,0.085306954,1.000000000,2.169053396,-34.766000000
nuscenes_mini_subset,scene-1094_025,calibration,translation_z,0.050000000,21,70.000000000,5,34370,3,2962,0.086179808,1.000000000,5.422376827,-34.766000000
nuscenes_mini_subset,scene-1094_025,calibration,translation_z,0.100000000,21,70.000000000,5,34370,3,2993,0.087081757,1.000000000,10.843898214,-34.766000000
nuscenes_mini_subset,scene-1094_026,evaluation,yaw,-3.000000000,21,70.000000000,5,34436,5,2972,0.086305030,0.080000000,75.293293661,-34.626000000
nuscenes_mini_subset,scene-1094_026,evaluation,yaw,-2.000000000,21,70.000000000,5,34436,5,2959,0.085927518,0.200000000,50.309516500,-34.626000000
nuscenes_mini_subset,scene-1094_026,evaluation,yaw,-1.000000000,21,70.000000000,5,34436,5,2932,0.085143455,0.766666667,25.222911580,-34.626000000
nuscenes_mini_subset,scene-1094_026,evaluation,yaw,-0.500000000,21,70.000000000,5,34436,5,2932,0.085143455,0.946666667,12.626173309,-34.626000000
nuscenes_mini_subset,scene-1094_026,evaluation,yaw,0.000000000,21,70.000000000,5,34436,5,2928,0.085027297,1.000000000,0.000000000,-34.626000000
nuscenes_mini_subset,scene-1094_026,evaluation,yaw,0.500000000,21,70.000000000,5,34436,5,2922,0.084853061,0.953333333,12.594829593,-34.626000000
nuscenes_mini_subset,scene-1094_026,evaluation,yaw,1.000000000,21,70.000000000,5,34436,5,2914,0.084620746,0.793333333,25.131189984,-34.626000000
nuscenes_mini_subset,scene-1094_026,evaluation,yaw,2.000000000,21,70.000000000,5,34436,5,2893,0.084010919,0.266666667,50.108011955,-34.626000000
nuscenes_mini_subset,scene-1094_026,evaluation,yaw,3.000000000,21,70.000000000,5,34436,5,2872,0.083401092,0.106666667,74.824736893,-34.626000000
nuscenes_mini_subset,scene-1094_026,evaluation,translation_z,0.000000000,21,70.000000000,5,34436,5,2928,0.085027297,1.000000000,0.000000000,-34.626000000
nuscenes_mini_subset,scene-1094_026,evaluation,translation_z,0.020000000,21,70.000000000,5,34436,5,2960,0.085956557,1.000000000,2.231131136,-34.626000000
nuscenes_mini_subset,scene-1094_026,evaluation,translation_z,0.050000000,21,70.000000000,5,34436,5,2986,0.086711581,1.000000000,5.577556129,-34.626000000
nuscenes_mini_subset,scene-1094_026,evaluation,translation_z,0.100000000,21,70.000000000,5,34436,5,3023,0.087786038,1.000000000,11.154206670,-34.626000000
nuscenes_mini_subset,scene-1094_027,evaluation,yaw,-3.000000000,21,70.000000000,5,34407,5,2979,0.086581219,0.139561129,74.556922271,-35.095000000
nuscenes_mini_subset,scene-1094_027,evaluation,yaw,-2.000000000,21,70.000000000,5,34407,5,2968,0.086261517,0.287084639,49.824574495,-35.095000000
nuscenes_mini_subset,scene-1094_027,evaluation,yaw,-1.000000000,21,70.000000000,5,34407,5,2948,0.085680239,0.723422554,24.988807600,-35.095000000
nuscenes_mini_subset,scene-1094_027,evaluation,yaw,-0.500000000,21,70.000000000,5,34407,5,2941,0.085476793,0.946346757,12.513052585,-35.095000000
nuscenes_mini_subset,scene-1094_027,evaluation,yaw,0.000000000,21,70.000000000,5,34407,5,2927,0.085069899,1.000000000,0.000000000,-35.095000000
nuscenes_mini_subset,scene-1094_027,evaluation,yaw,0.500000000,21,70.000000000,5,34407,5,2919,0.084837388,0.986206897,12.495030253,-35.095000000
nuscenes_mini_subset,scene-1094_027,evaluation,yaw,1.000000000,21,70.000000000,5,34407,5,2895,0.084139855,0.814231975,24.915529806,-35.095000000
nuscenes_mini_subset,scene-1094_027,evaluation,yaw,2.000000000,21,70.000000000,5,34407,5,2868,0.083355131,0.447730890,49.656849062,-35.095000000
nuscenes_mini_subset,scene-1094_027,evaluation,yaw,3.000000000,21,70.000000000,5,34407,5,2851,0.082861046,0.178432602,74.244256713,-35.095000000
nuscenes_mini_subset,scene-1094_027,evaluation,translation_z,0.000000000,21,70.000000000,5,34407,5,2927,0.085069899,1.000000000,0.000000000,-35.095000000
nuscenes_mini_subset,scene-1094_027,evaluation,translation_z,0.020000000,21,70.000000000,5,34407,5,2959,0.085999942,1.000000000,2.525945322,-35.095000000
nuscenes_mini_subset,scene-1094_027,evaluation,translation_z,0.050000000,21,70.000000000,5,34407,5,2987,0.086813730,1.000000000,6.314545444,-35.095000000
nuscenes_mini_subset,scene-1094_027,evaluation,translation_z,0.100000000,21,70.000000000,5,34407,5,3018,0.087714709,0.981818182,12.628031490,-35.095000000
nuscenes_mini_subset,scene-1094_028,evaluation,yaw,-3.000000000,21,70.000000000,5,34395,5,2882,0.083791249,0.255782313,74.252784881,-35.502000000
nuscenes_mini_subset,scene-1094_028,evaluation,yaw,-2.000000000,21,70.000000000,5,34395,5,2894,0.084140137,0.458503401,49.625886879,-35.502000000
nuscenes_mini_subset,scene-1094_028,evaluation,yaw,-1.000000000,21,70.000000000,5,34395,5,2880,0.083733101,0.922902494,24.895862967,-35.502000000
nuscenes_mini_subset,scene-1094_028,evaluation,yaw,-0.500000000,21,70.000000000,5,34395,5,2876,0.083616805,0.991836735,12.467156971,-35.502000000
nuscenes_mini_subset,scene-1094_028,evaluation,yaw,0.000000000,21,70.000000000,5,34395,5,2870,0.083442361,1.000000000,0.000000000,-35.502000000
nuscenes_mini_subset,scene-1094_028,evaluation,yaw,0.500000000,21,70.000000000,5,34395,5,2861,0.083180695,0.977777778,12.464023785,-35.502000000
nuscenes_mini_subset,scene-1094_028,evaluation,yaw,1.000000000,21,70.000000000,5,34395,5,2850,0.082860881,0.921088435,24.910041834,-35.502000000
nuscenes_mini_subset,scene-1094_028,evaluation,yaw,2.000000000,21,70.000000000,5,34395,5,2831,0.082308475,0.731065760,49.722970143,-35.502000000
nuscenes_mini_subset,scene-1094_028,evaluation,yaw,3.000000000,21,70.000000000,5,34395,5,2833,0.082366623,0.554648526,74.490289397,-35.502000000
nuscenes_mini_subset,scene-1094_028,evaluation,translation_z,0.000000000,21,70.000000000,5,34395,5,2870,0.083442361,1.000000000,0.000000000,-35.502000000
nuscenes_mini_subset,scene-1094_028,evaluation,translation_z,0.020000000,21,70.000000000,5,34395,5,2902,0.084372729,1.000000000,2.067359014,-35.502000000
nuscenes_mini_subset,scene-1094_028,evaluation,translation_z,0.050000000,21,70.000000000,5,34395,5,2931,0.085215874,1.000000000,5.168173360,-35.502000000
nuscenes_mini_subset,scene-1094_028,evaluation,translation_z,0.100000000,21,70.000000000,5,34395,5,2961,0.086088094,1.000000000,10.335599555,-35.502000000
nuscenes_mini_subset,scene-1094_029,evaluation,yaw,-3.000000000,21,70.000000000,5,34387,5,2987,0.086864222,0.280549199,74.333067249,-35.440000000
nuscenes_mini_subset,scene-1094_029,evaluation,yaw,-2.000000000,21,70.000000000,5,34387,5,2971,0.086398930,0.468192220,49.641132622,-35.440000000
nuscenes_mini_subset,scene-1094_029,evaluation,yaw,-1.000000000,21,70.000000000,5,34387,5,2956,0.085962718,0.611899314,24.873165710,-35.440000000
nuscenes_mini_subset,scene-1094_029,evaluation,yaw,-0.500000000,21,70.000000000,5,34387,5,2957,0.085991799,0.643478261,12.452474889,-35.440000000
nuscenes_mini_subset,scene-1094_029,evaluation,yaw,0.000000000,21,70.000000000,5,34387,5,2947,0.085700992,0.652173913,0.000000000,-35.440000000
nuscenes_mini_subset,scene-1094_029,evaluation,yaw,0.500000000,21,70.000000000,5,34387,5,2938,0.085439265,0.659038902,12.465575056,-35.440000000
nuscenes_mini_subset,scene-1094_029,evaluation,yaw,1.000000000,21,70.000000000,5,34387,5,2938,0.085439265,0.651716247,24.906547280,-35.440000000
nuscenes_mini_subset,scene-1094_029,evaluation,yaw,2.000000000,21,70.000000000,5,34387,5,2938,0.085439265,0.407551487,49.723095737,-35.440000000
nuscenes_mini_subset,scene-1094_029,evaluation,yaw,3.000000000,21,70.000000000,5,34387,5,2941,0.085526507,0.230129672,74.453570253,-35.440000000
nuscenes_mini_subset,scene-1094_029,evaluation,translation_z,0.000000000,21,70.000000000,5,34387,5,2947,0.085700992,0.652173913,0.000000000,-35.440000000
nuscenes_mini_subset,scene-1094_029,evaluation,translation_z,0.020000000,21,70.000000000,5,34387,5,2978,0.086602495,0.652173913,1.979524227,-35.440000000
nuscenes_mini_subset,scene-1094_029,evaluation,translation_z,0.050000000,21,70.000000000,5,34387,5,3012,0.087591241,0.652173913,4.948589228,-35.440000000
nuscenes_mini_subset,scene-1094_029,evaluation,translation_z,0.100000000,21,70.000000000,5,34387,5,3044,0.088521825,0.652173913,9.896440749,-35.440000000
nuscenes_mini_subset,scene-1094_030,calibration,yaw,-3.000000000,21,70.000000000,5,34414,3,3055,0.088772011,0.505952381,74.410761742,-35.245000000
nuscenes_mini_subset,scene-1094_030,calibration,yaw,-2.000000000,21,70.000000000,5,34414,3,3060,0.088917301,0.741567460,49.710362886,-35.245000000
nuscenes_mini_subset,scene-1094_030,calibration,yaw,-1.000000000,21,70.000000000,5,34414,3,3062,0.088975417,0.929563492,24.940672552,-35.245000000
nuscenes_mini_subset,scene-1094_030,calibration,yaw,-0.500000000,21,70.000000000,5,34414,3,3071,0.089236938,1.000000000,12.489700902,-35.245000000
nuscenes_mini_subset,scene-1094_030,calibration,yaw,0.000000000,21,70.000000000,5,34414,3,3069,0.089178823,1.000000000,0.000000000,-35.245000000
nuscenes_mini_subset,scene-1094_030,calibration,yaw,0.500000000,21,70.000000000,5,34414,3,3066,0.089091649,0.958333333,12.495733816,-35.245000000
nuscenes_mini_subset,scene-1094_030,calibration,yaw,1.000000000,21,70.000000000,5,34414,3,3066,0.089091649,0.913690476,24.963057207,-35.245000000
nuscenes_mini_subset,scene-1094_030,calibration,yaw,2.000000000,21,70.000000000,5,34414,3,3057,0.088830127,0.546626984,49.835447785,-35.245000000
nuscenes_mini_subset,scene-1094_030,calibration,yaw,3.000000000,21,70.000000000,5,34414,3,3049,0.088597664,0.282242063,74.613358182,-35.245000000
nuscenes_mini_subset,scene-1094_030,calibration,translation_z,0.000000000,21,70.000000000,5,34414,3,3069,0.089178823,1.000000000,0.000000000,-35.245000000
nuscenes_mini_subset,scene-1094_030,calibration,translation_z,0.020000000,21,70.000000000,5,34414,3,3100,0.090079619,1.000000000,1.777337671,-35.245000000
nuscenes_mini_subset,scene-1094_030,calibration,translation_z,0.050000000,21,70.000000000,5,34414,3,3134,0.091067589,1.000000000,4.443171036,-35.245000000
nuscenes_mini_subset,scene-1094_030,calibration,translation_z,0.100000000,21,70.000000000,5,34414,3,3165,0.091968385,1.000000000,8.885764993,-35.245000000
nuscenes_mini_subset,scene-1094_031,evaluation,yaw,-3.000000000,21,70.000000000,5,34458,2,3035,0.088078240,0.581560284,74.389252146,-35.112000000
nuscenes_mini_subset,scene-1094_031,evaluation,yaw,-2.000000000,21,70.000000000,5,34458,2,3033,0.088020199,0.724586288,49.714996546,-35.112000000
nuscenes_mini_subset,scene-1094_031,evaluation,yaw,-1.000000000,21,70.000000000,5,34458,2,3047,0.088426490,0.867612293,24.955659257,-35.112000000
nuscenes_mini_subset,scene-1094_031,evaluation,yaw,-0.500000000,21,70.000000000,5,34458,2,3055,0.088658657,1.000000000,12.499646482,-35.112000000
nuscenes_mini_subset,scene-1094_031,evaluation,yaw,0.000000000,21,70.000000000,5,34458,2,3064,0.088919844,1.000000000,0.000000000,-35.112000000
nuscenes_mini_subset,scene-1094_031,evaluation,yaw,0.500000000,21,70.000000000,5,34458,2,3065,0.088948865,0.933806147,12.513849829,-35.112000000
nuscenes_mini_subset,scene-1094_031,evaluation,yaw,1.000000000,21,70.000000000,5,34458,2,3075,0.089239074,0.801418440,24.993284980,-35.112000000
nuscenes_mini_subset,scene-1094_031,evaluation,yaw,2.000000000,21,70.000000000,5,34458,2,3068,0.089035928,0.539007092,49.855360248,-35.112000000
nuscenes_mini_subset,scene-1094_031,evaluation,yaw,3.000000000,21,70.000000000,5,34458,2,3059,0.088774740,0.342789598,74.668229860,-35.112000000
nuscenes_mini_subset,scene-1094_031,evaluation,translation_z,0.000000000,21,70.000000000,5,34458,2,3064,0.088919844,1.000000000,0.000000000,-35.112000000
nuscenes_mini_subset,scene-1094_031,evaluation,translation_z,0.020000000,21,70.000000000,5,34458,2,3096,0.089848511,1.000000000,1.742004232,-35.112000000
nuscenes_mini_subset,scene-1094_031,evaluation,translation_z,0.050000000,21,70.000000000,5,34458,2,3125,0.090690116,1.000000000,4.354847045,-35.112000000
nuscenes_mini_subset,scene-1094_031,evaluation,translation_z,0.100000000,21,70.000000000,5,34458,2,3154,0.091531720,1.000000000,8.709149024,-35.112000000
nuscenes_mini_subset,scene-1094_032,evaluation,yaw,-3.000000000,21,70.000000000,5,34476,2,3006,0.087191089,0.451770452,74.419740294,-35.543000000
nuscenes_mini_subset,scene-1094_032,evaluation,yaw,-2.000000000,21,70.000000000,5,34476,2,3008,0.087249101,0.570207570,49.738179138,-35.543000000
nuscenes_mini_subset,scene-1094_032,evaluation,yaw,-1.000000000,21,70.000000000,5,34476,2,3007,0.087220095,0.818681319,24.963477060,-35.543000000
nuscenes_mini_subset,scene-1094_032,evaluation,yaw,-0.500000000,21,70.000000000,5,34476,2,2995,0.086872027,0.890109890,12.489451820,-35.543000000
nuscenes_mini_subset,scene-1094_032,evaluation,yaw,0.000000000,21,70.000000000,5,34476,2,2977,0.086349925,0.961538462,0.000000000,-35.543000000
nuscenes_mini_subset,scene-1094_032,evaluation,yaw,0.500000000,21,70.000000000,5,34476,2,2967,0.086059868,0.961538462,12.478126671,-35.543000000
nuscenes_mini_subset,scene-1094_032,evaluation,yaw,1.000000000,21,70.000000000,5,34476,2,2971,0.086175890,0.877289377,24.912174996,-35.543000000
nuscenes_mini_subset,scene-1094_032,evaluation,yaw,2.000000000,21,70.000000000,5,34476,2,2981,0.086465947,0.708791209,49.734204286,-35.543000000
nuscenes_mini_subset,scene-1094_032,evaluation,yaw,3.000000000,21,70.000000000,5,34476,2,2968,0.086088873,0.477411477,74.414046813,-35.543000000
nuscenes_mini_subset,scene-1094_032,evaluation,translation_z,0.000000000,21,70.000000000,5,34476,2,2977,0.086349925,0.961538462,0.000000000,-35.543000000
nuscenes_mini_subset,scene-1094_032,evaluation,translation_z,0.020000000,21,70.000000000,5,34476,2,3007,0.087220095,0.961538462,1.847103976,-35.543000000
nuscenes_mini_subset,scene-1094_032,evaluation,translation_z,0.050000000,21,70.000000000,5,34476,2,3038,0.088119271,0.961538462,4.617565734,-35.543000000
nuscenes_mini_subset,scene-1094_032,evaluation,translation_z,0.100000000,21,70.000000000,5,34476,2,3066,0.088931431,0.961538462,9.234484191,-35.543000000
nuscenes_mini_subset,scene-1094_033,evaluation,yaw,-3.000000000,21,70.000000000,5,34320,3,2976,0.086713287,0.076691031,74.441153296,-35.994000000
nuscenes_mini_subset,scene-1094_033,evaluation,yaw,-2.000000000,21,70.000000000,5,34320,3,2981,0.086858974,0.203213830,49.777906376,-35.994000000
nuscenes_mini_subset,scene-1094_033,evaluation,yaw,-1.000000000,21,70.000000000,5,34320,3,2988,0.087062937,0.612445373,24.964340511,-35.994000000
nuscenes_mini_subset,scene-1094_033,evaluation,yaw,-0.500000000,21,70.000000000,5,34320,3,2996,0.087296037,0.715106161,12.509007745,-35.994000000
nuscenes_mini_subset,scene-1094_033,evaluation,yaw,0.000000000,21,70.000000000,5,34320,3,2992,0.087179487,0.738658777,0.000000000,-35.994000000
nuscenes_mini_subset,scene-1094_033,evaluation,yaw,0.500000000,21,70.000000000,5,34320,3,3005,0.087558275,0.748520710,12.513698188,-35.994000000
nuscenes_mini_subset,scene-1094_033,evaluation,yaw,1.000000000,21,70.000000000,5,34320,3,2997,0.087325175,0.672061724,24.985163745,-35.994000000
nuscenes_mini_subset,scene-1094_033,evaluation,yaw,2.000000000,21,70.000000000,5,34320,3,3001,0.087441725,0.226012298,49.842351140,-35.994000000
nuscenes_mini_subset,scene-1094_033,evaluation,yaw,3.000000000,21,70.000000000,5,34320,3,3001,0.087441725,0.114282399,74.636062102,-35.994000000
nuscenes_mini_subset,scene-1094_033,evaluation,translation_z,0.000000000,21,70.000000000,5,34320,3,2992,0.087179487,0.738658777,0.000000000,-35.994000000
nuscenes_mini_subset,scene-1094_033,evaluation,translation_z,0.020000000,21,70.000000000,5,34320,3,3022,0.088053613,0.683103222,2.033959536,-35.994000000
nuscenes_mini_subset,scene-1094_033,evaluation,translation_z,0.050000000,21,70.000000000,5,34320,3,3053,0.088956876,0.627547666,5.084657384,-35.994000000
nuscenes_mini_subset,scene-1094_033,evaluation,translation_z,0.100000000,21,70.000000000,5,34320,3,3085,0.089889277,0.627547666,10.168510015,-35.994000000
nuscenes_mini_subset,scene-1094_034,evaluation,yaw,-3.000000000,21,70.000000000,5,34456,2,2833,0.082220803,0.000000000,75.032894982,-35.860000000
nuscenes_mini_subset,scene-1094_034,evaluation,yaw,-2.000000000,21,70.000000000,5,34456,2,2837,0.082336893,0.445054945,50.132411085,-35.860000000
nuscenes_mini_subset,scene-1094_034,evaluation,yaw,-1.000000000,21,70.000000000,5,34456,2,2829,0.082104713,0.928571429,25.099955637,-35.860000000
nuscenes_mini_subset,scene-1094_034,evaluation,yaw,-0.500000000,21,70.000000000,5,34456,2,2824,0.081959601,1.000000000,12.565351106,-35.860000000
nuscenes_mini_subset,scene-1094_034,evaluation,yaw,0.000000000,21,70.000000000,5,34456,2,2827,0.082046668,1.000000000,0.000000000,-35.860000000
nuscenes_mini_subset,scene-1094_034,evaluation,yaw,0.500000000,21,70.000000000,5,34456,2,2821,0.081872533,1.000000000,12.557700543,-35.860000000
nuscenes_mini_subset,scene-1094_034,evaluation,yaw,1.000000000,21,70.000000000,5,34456,2,2832,0.082191781,0.928571429,25.065346530,-35.860000000
nuscenes_mini_subset,scene-1094_034,evaluation,yaw,2.000000000,21,70.000000000,5,34456,2,2833,0.082220803,0.483516484,49.956808049,-35.860000000
nuscenes_mini_subset,scene-1094_034,evaluation,yaw,3.000000000,21,70.000000000,5,34456,2,2831,0.082162758,0.038461538,74.715291524,-35.860000000
nuscenes_mini_subset,scene-1094_034,evaluation,translation_z,0.000000000,21,70.000000000,5,34456,2,2827,0.082046668,1.000000000,0.000000000,-35.860000000
nuscenes_mini_subset,scene-1094_034,evaluation,translation_z,0.020000000,21,70.000000000,5,34456,2,2858,0.082946366,1.000000000,2.488785219,-35.860000000
nuscenes_mini_subset,scene-1094_034,evaluation,translation_z,0.050000000,21,70.000000000,5,34456,2,2891,0.083904110,0.807692308,6.221654756,-35.860000000
nuscenes_mini_subset,scene-1094_034,evaluation,translation_z,0.100000000,21,70.000000000,5,34456,2,2922,0.084803808,0.807692308,12.442282013,-35.860000000
nuscenes_mini_subset,scene-1094_035,calibration,yaw,-3.000000000,21,70.000000000,5,34418,1,2806,0.081527108,0.000000000,74.399714035,-35.423000000
nuscenes_mini_subset,scene-1094_035,calibration,yaw,-2.000000000,21,70.000000000,5,34418,1,2789,0.081033180,0.375000000,49.765807293,-35.423000000
nuscenes_mini_subset,scene-1094_035,calibration,yaw,-1.000000000,21,70.000000000,5,34418,1,2781,0.080800744,0.750000000,24.969897682,-35.423000000
nuscenes_mini_subset,scene-1094_035,calibration,yaw,-0.500000000,21,70.000000000,5,34418,1,2786,0.080946017,0.875000000,12.506161637,-35.423000000
nuscenes_mini_subset,scene-1094_035,calibration,yaw,0.000000000,21,70.000000000,5,34418,1,2789,0.081033180,1.000000000,0.000000000,-35.423000000
nuscenes_mini_subset,scene-1094_035,calibration,yaw,0.500000000,21,70.000000000,5,34418,1,2781,0.080800744,1.000000000,12.518541221,-35.423000000
nuscenes_mini_subset,scene-1094_035,calibration,yaw,1.000000000,21,70.000000000,5,34418,1,2786,0.080946017,0.875000000,25.019352242,-35.423000000
nuscenes_mini_subset,scene-1094_035,calibration,yaw,2.000000000,21,70.000000000,5,34418,1,2772,0.080539253,0.500000000,49.902646530,-35.423000000
nuscenes_mini_subset,scene-1094_035,calibration,yaw,3.000000000,21,70.000000000,5,34418,1,2766,0.080364925,0.125000000,74.724781761,-35.423000000
nuscenes_mini_subset,scene-1094_035,calibration,translation_z,0.000000000,21,70.000000000,5,34418,1,2789,0.081033180,1.000000000,0.000000000,-35.423000000
nuscenes_mini_subset,scene-1094_035,calibration,translation_z,0.020000000,21,70.000000000,5,34418,1,2821,0.081962926,1.000000000,2.137159651,-35.423000000
nuscenes_mini_subset,scene-1094_035,calibration,translation_z,0.050000000,21,70.000000000,5,34418,1,2850,0.082805509,1.000000000,5.342647705,-35.423000000
nuscenes_mini_subset,scene-1094_035,calibration,translation_z,0.100000000,21,70.000000000,5,34418,1,2881,0.083706200,1.000000000,10.684457437,-35.423000000
nuscenes_mini_subset,scene-1094_036,evaluation,yaw,-3.000000000,21,70.000000000,5,34240,1,2715,0.079293224,0.058823529,74.443386440,-35.614000000
nuscenes_mini_subset,scene-1094_036,evaluation,yaw,-2.000000000,21,70.000000000,5,34240,1,2715,0.079293224,0.411764706,49.832797397,-35.614000000
nuscenes_mini_subset,scene-1094_036,evaluation,yaw,-1.000000000,21,70.000000000,5,34240,1,2713,0.079234813,0.764705882,25.032810293,-35.614000000
nuscenes_mini_subset,scene-1094_036,evaluation,yaw,-0.500000000,21,70.000000000,5,34240,1,2709,0.079117991,1.000000000,12.528576553,-35.614000000
nuscenes_mini_subset,scene-1094_036,evaluation,yaw,0.000000000,21,70.000000000,5,34240,1,2704,0.078971963,1.000000000,0.000000000,-35.614000000
nuscenes_mini_subset,scene-1094_036,evaluation,yaw,0.500000000,21,70.000000000,5,34240,1,2700,0.078855140,1.000000000,12.525746669,-35.614000000
nuscenes_mini_subset,scene-1094_036,evaluation,yaw,1.000000000,21,70.000000000,5,34240,1,2696,0.078738318,0.823529412,25.001752365,-35.614000000
nuscenes_mini_subset,scene-1094_036,evaluation,yaw,2.000000000,21,70.000000000,5,34240,1,2681,0.078300234,0.470588235,49.805895382,-35.614000000
nuscenes_mini_subset,scene-1094_036,evaluation,yaw,3.000000000,21,70.000000000,5,34240,1,2673,0.078066589,0.117647059,74.451050207,-35.614000000
nuscenes_mini_subset,scene-1094_036,evaluation,translation_z,0.000000000,21,70.000000000,5,34240,1,2704,0.078971963,1.000000000,0.000000000,-35.614000000
nuscenes_mini_subset,scene-1094_036,evaluation,translation_z,0.020000000,21,70.000000000,5,34240,1,2734,0.079848131,1.000000000,2.339321321,-35.614000000
nuscenes_mini_subset,scene-1094_036,evaluation,translation_z,0.050000000,21,70.000000000,5,34240,1,2761,0.080636682,1.000000000,5.847987758,-35.614000000
nuscenes_mini_subset,scene-1094_036,evaluation,translation_z,0.100000000,21,70.000000000,5,34240,1,2790,0.081483645,1.000000000,11.694923855,-35.614000000
nuscenes_mini_subset,scene-1094_037,evaluation,yaw,-3.000000000,21,70.000000000,5,34270,2,2681,0.078231690,0.200000000,73.778042466,-36.027000000
nuscenes_mini_subset,scene-1094_037,evaluation,yaw,-2.000000000,21,70.000000000,5,34270,2,2668,0.077852349,0.342857143,49.354247434,-36.027000000
nuscenes_mini_subset,scene-1094_037,evaluation,yaw,-1.000000000,21,70.000000000,5,34270,2,2657,0.077531369,0.657142857,24.745396131,-36.027000000
nuscenes_mini_subset,scene-1094_037,evaluation,yaw,-0.500000000,21,70.000000000,5,34270,2,2653,0.077414648,0.900000000,12.381054979,-36.027000000
nuscenes_mini_subset,scene-1094_037,evaluation,yaw,0.000000000,21,70.000000000,5,34270,2,2648,0.077268748,1.000000000,0.000000000,-36.027000000
nuscenes_mini_subset,scene-1094_037,evaluation,yaw,0.500000000,21,70.000000000,5,34270,2,2645,0.077181208,0.900000000,12.384748666,-36.027000000
nuscenes_mini_subset,scene-1094_037,evaluation,yaw,1.000000000,21,70.000000000,5,34270,2,2641,0.077064488,0.900000000,24.738428972,-36.027000000
nuscenes_mini_subset,scene-1094_037,evaluation,yaw,2.000000000,21,70.000000000,5,34270,2,2634,0.076860228,0.685714286,49.399387787,-36.027000000
nuscenes_mini_subset,scene-1094_037,evaluation,yaw,3.000000000,21,70.000000000,5,34270,2,2630,0.076743507,0.371428571,73.947765079,-36.027000000
nuscenes_mini_subset,scene-1094_037,evaluation,translation_z,0.000000000,21,70.000000000,5,34270,2,2648,0.077268748,1.000000000,0.000000000,-36.027000000
nuscenes_mini_subset,scene-1094_037,evaluation,translation_z,0.020000000,21,70.000000000,5,34270,2,2677,0.078114969,1.000000000,2.202702744,-36.027000000
nuscenes_mini_subset,scene-1094_037,evaluation,translation_z,0.050000000,21,70.000000000,5,34270,2,2706,0.078961191,1.000000000,5.506476596,-36.027000000
nuscenes_mini_subset,scene-1094_037,evaluation,translation_z,0.100000000,21,70.000000000,5,34270,2,2736,0.079836592,1.000000000,11.012019106,-36.027000000
nuscenes_mini_subset,scene-1094_038,evaluation,yaw,-3.000000000,21,70.000000000,5,34195,3,2554,0.074689282,0.285714286,73.677074578,-35.901000000
nuscenes_mini_subset,scene-1094_038,evaluation,yaw,-2.000000000,21,70.000000000,5,34195,3,2539,0.074250621,0.417989418,49.279856146,-35.901000000
nuscenes_mini_subset,scene-1094_038,evaluation,yaw,-1.000000000,21,70.000000000,5,34195,3,2529,0.073958181,0.710052910,24.732858807,-35.901000000
nuscenes_mini_subset,scene-1094_038,evaluation,yaw,-0.500000000,21,70.000000000,5,34195,3,2520,0.073694985,0.933333333,12.385826234,-35.901000000
nuscenes_mini_subset,scene-1094_038,evaluation,yaw,0.000000000,21,70.000000000,5,34195,3,2527,0.073899693,1.000000000,0.000000000,-35.901000000
nuscenes_mini_subset,scene-1094_038,evaluation,yaw,0.500000000,21,70.000000000,5,34195,3,2523,0.073782717,0.811111111,12.412968408,-35.901000000
nuscenes_mini_subset,scene-1094_038,evaluation,yaw,1.000000000,21,70.000000000,5,34195,3,2528,0.073928937,0.651322751,24.814185768,-35.901000000
nuscenes_mini_subset,scene-1094_038,evaluation,yaw,2.000000000,21,70.000000000,5,34195,3,2524,0.073811961,0.449735450,49.579501892,-35.901000000
nuscenes_mini_subset,scene-1094_038,evaluation,yaw,3.000000000,21,70.000000000,5,34195,3,2523,0.073782717,0.275132275,74.213802027,-35.901000000
nuscenes_mini_subset,scene-1094_038,evaluation,translation_z,0.000000000,21,70.000000000,5,34195,3,2527,0.073899693,1.000000000,0.000000000,-35.901000000
nuscenes_mini_subset,scene-1094_038,evaluation,translation_z,0.020000000,21,70.000000000,5,34195,3,2560,0.074864746,1.000000000,2.508863813,-35.901000000
nuscenes_mini_subset,scene-1094_038,evaluation,translation_z,0.050000000,21,70.000000000,5,34195,3,2586,0.075625091,1.000000000,6.271831524,-35.901000000
nuscenes_mini_subset,scene-1094_038,evaluation,translation_z,0.100000000,21,70.000000000,5,34195,3,2613,0.076414681,1.000000000,12.542569840,-35.901000000
nuscenes_mini_subset,scene-1094_039,evaluation,yaw,-3.000000000,21,70.000000000,5,34121,3,2473,0.072477360,0.033333333,73.905127276,-35.228000000
nuscenes_mini_subset,scene-1094_039,evaluation,yaw,-2.000000000,21,70.000000000,5,34121,3,2480,0.072682512,0.133333333,49.424244755,-35.228000000
nuscenes_mini_subset,scene-1094_039,evaluation,yaw,-1.000000000,21,70.000000000,5,34121,3,2479,0.072653205,0.700865801,24.787838571,-35.228000000
nuscenes_mini_subset,scene-1094_039,evaluation,yaw,-0.500000000,21,70.000000000,5,34121,3,2481,0.072711820,0.936363636,12.410671225,-35.228000000
nuscenes_mini_subset,scene-1094_039,evaluation,yaw,0.000000000,21,70.000000000,5,34121,3,2482,0.072741127,1.000000000,0.000000000,-35.228000000
nuscenes_mini_subset,scene-1094_039,evaluation,yaw,0.500000000,21,70.000000000,5,34121,3,2481,0.072711820,0.966666667,12.409342677,-35.228000000
nuscenes_mini_subset,scene-1094_039,evaluation,yaw,1.000000000,21,70.000000000,5,34121,3,2485,0.072829050,0.812121212,24.781913135,-35.228000000
nuscenes_mini_subset,scene-1094_039,evaluation,yaw,2.000000000,21,70.000000000,5,34121,3,2481,0.072711820,0.166666667,49.454318351,-35.228000000
nuscenes_mini_subset,scene-1094_039,evaluation,yaw,3.000000000,21,70.000000000,5,34121,3,2479,0.072653205,0.066666667,73.991839940,-35.228000000
nuscenes_mini_subset,scene-1094_039,evaluation,translation_z,0.000000000,21,70.000000000,5,34121,3,2482,0.072741127,1.000000000,0.000000000,-35.228000000
nuscenes_mini_subset,scene-1094_039,evaluation,translation_z,0.020000000,21,70.000000000,5,34121,3,2510,0.073561736,1.000000000,2.784415597,-35.228000000
nuscenes_mini_subset,scene-1094_039,evaluation,translation_z,0.050000000,21,70.000000000,5,34121,3,2538,0.074382345,1.000000000,6.960609082,-35.228000000
nuscenes_mini_subset,scene-1094_039,evaluation,translation_z,0.100000000,21,70.000000000,5,34121,3,2568,0.075261569,1.000000000,13.919785367,-35.228000000
