dataset,frame_id,yaw_deg,object_id,class_name,distance_m,n_object_points,n_inside_box,box_score
kitti_mini,000001,-3.000000000,0,Truck,69.457574101,70,0,0.000000000
kitti_mini,000001,-3.000000000,1,Car,60.827897383,9,0,0.000000000
kitti_mini,000001,-3.000000000,2,Cyclist,46.088134048,18,0,0.000000000
kitti_mini,000001,-2.000000000,0,Truck,69.457574101,70,12,0.171428571
kitti_mini,000001,-2.000000000,1,Car,60.827897383,9,1,0.111111111
kitti_mini,000001,-2.000000000,2,Cyclist,46.088134048,18,0,0.000000000
kitti_mini,000001,-1.000000000,0,Truck,69.457574101,70,45,0.642857143
kitti_mini,000001,-1.000000000,1,Car,60.827897383,9,9,1.000000000
kitti_mini,000001,-1.000000000,2,Cyclist,46.088134048,18,0,0.000000000
kitti_mini,000001,-0.500000000,0,Truck,69.457574101,70,59,0.842857143
kitti_mini,000001,-0.500000000,1,Car,60.827897383,9,9,1.000000000
kitti_mini,000001,-0.500000000,2,Cyclist,46.088134048,18,8,0.444444444
kitti_mini,000001,0.000000000,0,Truck,69.457574101,70,70,1.000000000
kitti_mini,000001,0.000000000,1,Car,60.827897383,9,9,1.000000000
kitti_mini,000001,0.000000000,2,Cyclist,46.088134048,18,18,1.000000000
kitti_mini,000001,0.500000000,0,Truck,69.457574101,70,53,0.757142857
kitti_mini,000001,0.500000000,1,Car,60.827897383,9,9,1.000000000
kitti_mini,000001,0.500000000,2,Cyclist,46.088134048,18,10,0.555555556
kitti_mini,000001,1.000000000,0,Truck,69.457574101,70,38,0.542857143
kitti_mini,000001,1.000000000,1,Car,60.827897383,9,3,0.333333333
kitti_mini,000001,1.000000000,2,Cyclist,46.088134048,18,0,0.000000000
kitti_mini,000001,2.000000000,0,Truck,69.457574101,70,7,0.100000000
kitti_mini,000001,2.000000000,1,Car,60.827897383,9,0,0.000000000
kitti_mini,000001,2.000000000,2,Cyclist,46.088134048,18,0,0.000000000
kitti_mini,000001,3.000000000,0,Truck,69.457574101,70,0,0.000000000
kitti_mini,000001,3.000000000,1,Car,60.827897383,9,0,0.000000000
kitti_mini,000001,3.000000000,2,Cyclist,46.088134048,18,0,0.000000000
kitti_mini,000004,-3.000000000,0,Car,41.416147817,77,18,0.233766234
kitti_mini,000004,-3.000000000,1,Car,53.626802068,26,0,0.000000000
kitti_mini,000004,-2.000000000,0,Car,41.416147817,77,38,0.493506494
kitti_mini,000004,-2.000000000,1,Car,53.626802068,26,9,0.346153846
kitti_mini,000004,-1.000000000,0,Car,41.416147817,77,63,0.818181818
kitti_mini,000004,-1.000000000,1,Car,53.626802068,26,17,0.653846154
kitti_mini,000004,-0.500000000,0,Car,41.416147817,77,72,0.935064935
kitti_mini,000004,-0.500000000,1,Car,53.626802068,26,23,0.884615385
kitti_mini,000004,0.000000000,0,Car,41.416147817,77,77,1.000000000
kitti_mini,000004,0.000000000,1,Car,53.626802068,26,26,1.000000000
kitti_mini,000004,0.500000000,0,Car,41.416147817,77,75,0.974025974
kitti_mini,000004,0.500000000,1,Car,53.626802068,26,22,0.846153846
kitti_mini,000004,1.000000000,0,Car,41.416147817,77,65,0.844155844
kitti_mini,000004,1.000000000,1,Car,53.626802068,26,17,0.653846154
kitti_mini,000004,2.000000000,0,Car,41.416147817,77,47,0.610389610
kitti_mini,000004,2.000000000,1,Car,53.626802068,26,9,0.346153846
kitti_mini,000004,3.000000000,0,Car,41.416147817,77,21,0.272727273
kitti_mini,000004,3.000000000,1,Car,53.626802068,26,0,0.000000000
kitti_mini,000007,-3.000000000,0,Car,25.076528867,191,46,0.240837696
kitti_mini,000007,-3.000000000,1,Car,48.163697948,19,0,0.000000000
kitti_mini,000007,-3.000000000,2,Car,60.727082920,5,0,0.000000000
kitti_mini,000007,-3.000000000,3,Cyclist,36.403013612,25,0,0.000000000
kitti_mini,000007,-2.000000000,0,Car,25.076528867,191,100,0.523560209
kitti_mini,000007,-2.000000000,1,Car,48.163697948,19,5,0.263157895
kitti_mini,000007,-2.000000000,2,Car,60.727082920,5,0,0.000000000
kitti_mini,000007,-2.000000000,3,Cyclist,36.403013612,25,0,0.000000000
kitti_mini,000007,-1.000000000,0,Car,25.076528867,191,155,0.811518325
kitti_mini,000007,-1.000000000,1,Car,48.163697948,19,13,0.684210526
kitti_mini,000007,-1.000000000,2,Car,60.727082920,5,3,0.600000000
kitti_mini,000007,-1.000000000,3,Cyclist,36.403013612,25,6,0.240000000
kitti_mini,000007,-0.500000000,0,Car,25.076528867,191,178,0.931937173
kitti_mini,000007,-0.500000000,1,Car,48.163697948,19,18,0.947368421
kitti_mini,000007,-0.500000000,2,Car,60.727082920,5,5,1.000000000
kitti_mini,000007,-0.500000000,3,Cyclist,36.403013612,25,21,0.840000000
kitti_mini,000007,0.000000000,0,Car,25.076528867,191,191,1.000000000
kitti_mini,000007,0.000000000,1,Car,48.163697948,19,19,1.000000000
kitti_mini,000007,0.000000000,2,Car,60.727082920,5,5,1.000000000
kitti_mini,000007,0.000000000,3,Cyclist,36.403013612,25,25,1.000000000
kitti_mini,000007,0.500000000,0,Car,25.076528867,191,172,0.900523560
kitti_mini,000007,0.500000000,1,Car,48.163697948,19,13,0.684210526
kitti_mini,000007,0.500000000,2,Car,60.727082920,5,3,0.600000000
kitti_mini,000007,0.500000000,3,Cyclist,36.403013612,25,24,0.960000000
kitti_mini,000007,1.000000000,0,Car,25.076528867,191,150,0.785340314
kitti_mini,000007,1.000000000,1,Car,48.163697948,19,10,0.526315789
kitti_mini,000007,1.000000000,2,Car,60.727082920,5,1,0.200000000
kitti_mini,000007,1.000000000,3,Cyclist,36.403013612,25,11,0.440000000
kitti_mini,000007,2.000000000,0,Car,25.076528867,191,98,0.513089005
kitti_mini,000007,2.000000000,1,Car,48.163697948,19,1,0.052631579
kitti_mini,000007,2.000000000,2,Car,60.727082920,5,0,0.000000000
kitti_mini,000007,2.000000000,3,Cyclist,36.403013612,25,0,0.000000000
kitti_mini,000007,3.000000000,0,Car,25.076528867,191,42,0.219895288
kitti_mini,000007,3.000000000,1,Car,48.163697948,19,0,0.000000000
kitti_mini,000007,3.000000000,2,Car,60.727082920,5,0,0.000000000
kitti_mini,000007,3.000000000,3,Cyclist,36.403013612,25,0,0.000000000
kitti_mini,000008,-3.000000000,0,Car,4.884669897,6237,1569,0.251563252
kitti_mini,000008,-3.000000000,1,Car,8.116095120,1940,1749,0.901546392
kitti_mini,000008,-3.000000000,2,Car,7.418099487,1041,655,0.629202690
kitti_mini,000008,-3.000000000,3,Car,14.562314376,668,501,0.750000000
kitti_mini,000008,-3.000000000,4,Car,34.015586133,53,9,0.169811321
kitti_mini,000008,-3.000000000,5,Car,21.757171232,164,53,0.323170732
kitti_mini,000008,-2.000000000,0,Car,4.884669897,6237,1537,0.246432580
kitti_mini,000008,-2.000000000,1,Car,8.116095120,1940,1842,0.949484536
kitti_mini,000008,-2.000000000,2,Car,7.418099487,1041,726,0.697406340
kitti_mini,000008,-2.000000000,3,Car,14.562314376,668,582,0.871257485
kitti_mini,000008,-2.000000000,4,Car,34.015586133,53,32,0.603773585
kitti_mini,000008,-2.000000000,5,Car,21.757171232,164,92,0.560975610
kitti_mini,000008,-1.000000000,0,Car,4.884669897,6237,1496,0.239858907
kitti_mini,000008,-1.000000000,1,Car,8.116095120,1940,1932,0.995876289
kitti_mini,000008,-1.000000000,2,Car,7.418099487,1041,804,0.772334294
kitti_mini,000008,-1.000000000,3,Car,14.562314376,668,633,0.947604790
kitti_mini,000008,-1.000000000,4,Car,34.015586133,53,47,0.886792453
kitti_mini,000008,-1.000000000,5,Car,21.757171232,164,136,0.829268293
kitti_mini,000008,-0.500000000,0,Car,4.884669897,6237,1452,0.232804233
kitti_mini,000008,-0.500000000,1,Car,8.116095120,1940,1940,1.000000000
kitti_mini,000008,-0.500000000,2,Car,7.418099487,1041,842,0.808837656
kitti_mini,000008,-0.500000000,3,Car,14.562314376,668,659,0.986526946
kitti_mini,000008,-0.500000000,4,Car,34.015586133,53,53,1.000000000
kitti_mini,000008,-0.500000000,5,Car,21.757171232,164,155,0.945121951
kitti_mini,000008,0.000000000,0,Car,4.884669897,6237,1412,0.226390893
kitti_mini,000008,0.000000000,1,Car,8.116095120,1940,1940,1.000000000
kitti_mini,000008,0.000000000,2,Car,7.418099487,1041,871,0.836695485
kitti_mini,000008,0.000000000,3,Car,14.562314376,668,668,1.000000000
kitti_mini,000008,0.000000000,4,Car,34.015586133,53,53,1.000000000
kitti_mini,000008,0.000000000,5,Car,21.757171232,164,164,1.000000000
kitti_mini,000008,0.500000000,0,Car,4.884669897,6237,1371,0.219817220
kitti_mini,000008,0.500000000,1,Car,8.116095120,1940,1940,1.000000000
kitti_mini,000008,0.500000000,2,Car,7.418099487,1041,893,0.857829011
kitti_mini,000008,0.500000000,3,Car,14.562314376,668,668,1.000000000
kitti_mini,000008,0.500000000,4,Car,34.015586133,53,48,0.905660377
kitti_mini,000008,0.500000000,5,Car,21.757171232,164,162,0.987804878
kitti_mini,000008,1.000000000,0,Car,4.884669897,6237,1325,0.212441879
kitti_mini,000008,1.000000000,1,Car,8.116095120,1940,1940,1.000000000
kitti_mini,000008,1.000000000,2,Car,7.418099487,1041,899,0.863592699
kitti_mini,000008,1.000000000,3,Car,14.562314376,668,655,0.980538922
kitti_mini,000008,1.000000000,4,Car,34.015586133,53,40,0.754716981
kitti_mini,000008,1.000000000,5,Car,21.757171232,164,142,0.865853659
kitti_mini,000008,2.000000000,0,Car,4.884669897,6237,1244,0.199454866
kitti_mini,000008,2.000000000,1,Car,8.116095120,1940,1928,0.993814433
kitti_mini,000008,2.000000000,2,Car,7.418099487,1041,883,0.848222863
kitti_mini,000008,2.000000000,3,Car,14.562314376,668,577,0.863772455
kitti_mini,000008,2.000000000,4,Car,34.015586133,53,17,0.320754717
kitti_mini,000008,2.000000000,5,Car,21.757171232,164,99,0.603658537
kitti_mini,000008,3.000000000,0,Car,4.884669897,6237,1173,0.188071188
kitti_mini,000008,3.000000000,1,Car,8.116095120,1940,1894,0.976288660
kitti_mini,000008,3.000000000,2,Car,7.418099487,1041,878,0.843419789
kitti_mini,000008,3.000000000,3,Car,14.562314376,668,487,0.729041916
kitti_mini,000008,3.000000000,4,Car,34.015586133,53,3,0.056603774
kitti_mini,000008,3.000000000,5,Car,21.757171232,164,62,0.378048780
kitti_mini,000009,-3.000000000,0,Car,23.954999478,219,70,0.319634703
kitti_mini,000009,-2.000000000,0,Car,23.954999478,219,124,0.566210046
kitti_mini,000009,-1.000000000,0,Car,23.954999478,219,176,0.803652968
kitti_mini,000009,-0.500000000,0,Car,23.954999478,219,205,0.936073059
kitti_mini,000009,0.000000000,0,Car,23.954999478,219,219,1.000000000
kitti_mini,000009,0.500000000,0,Car,23.954999478,219,203,0.926940639
kitti_mini,000009,1.000000000,0,Car,23.954999478,219,180,0.821917808
kitti_mini,000009,2.000000000,0,Car,23.954999478,219,120,0.547945205
kitti_mini,000009,3.000000000,0,Car,23.954999478,219,66,0.301369863
kitti_mini,000010,-3.000000000,0,Car,7.027616950,1645,173,0.105167173
kitti_mini,000010,-3.000000000,1,Car,12.153505667,1016,841,0.827755906
kitti_mini,000010,-3.000000000,2,Pedestrian,24.990228090,23,0,0.000000000
kitti_mini,000010,-3.000000000,3,Car,17.583006000,340,199,0.585294118
kitti_mini,000010,-3.000000000,4,Car,23.152187802,48,41,0.854166667
kitti_mini,000010,-3.000000000,5,Car,23.708471060,246,113,0.459349593
kitti_mini,000010,-3.000000000,6,Car,29.129059374,55,0,0.000000000
kitti_mini,000010,-3.000000000,7,Car,29.649920742,33,14,0.424242424
kitti_mini,000010,-3.000000000,8,Car,43.123224601,20,0,0.000000000
kitti_mini,000010,-2.000000000,0,Car,7.027616950,1645,201,0.122188450
kitti_mini,000010,-2.000000000,1,Car,12.153505667,1016,919,0.904527559
kitti_mini,000010,-2.000000000,2,Pedestrian,24.990228090,23,0,0.000000000
kitti_mini,000010,-2.000000000,3,Car,17.583006000,340,258,0.758823529
kitti_mini,000010,-2.000000000,4,Car,23.152187802,48,45,0.937500000
kitti_mini,000010,-2.000000000,5,Car,23.708471060,246,167,0.678861789
kitti_mini,000010,-2.000000000,6,Car,29.129059374,55,4,0.072727273
kitti_mini,000010,-2.000000000,7,Car,29.649920742,33,29,0.878787879
kitti_mini,000010,-2.000000000,8,Car,43.123224601,20,6,0.300000000
kitti_mini,000010,-1.000000000,0,Car,7.027616950,1645,238,0.144680851
kitti_mini,000010,-1.000000000,1,Car,12.153505667,1016,995,0.979330709
kitti_mini,000010,-1.000000000,2,Pedestrian,24.990228090,23,2,0.086956522
kitti_mini,000010,-1.000000000,3,Car,17.583006000,340,318,0.935294118
kitti_mini,000010,-1.000000000,4,Car,23.152187802,48,48,1.000000000
kitti_mini,000010,-1.000000000,5,Car,23.708471060,246,218,0.886178862
kitti_mini,000010,-1.000000000,6,Car,29.129059374,55,31,0.563636364
kitti_mini,000010,-1.000000000,7,Car,29.649920742,33,33,1.000000000
kitti_mini,000010,-1.000000000,8,Car,43.123224601,20,18,0.900000000
kitti_mini,000010,-0.500000000,0,Car,7.027616950,1645,257,0.156231003
kitti_mini,000010,-0.500000000,1,Car,12.153505667,1016,1016,1.000000000
kitti_mini,000010,-0.500000000,2,Pedestrian,24.990228090,23,13,0.565217391
kitti_mini,000010,-0.500000000,3,Car,17.583006000,340,337,0.991176471
kitti_mini,000010,-0.500000000,4,Car,23.152187802,48,48,1.000000000
kitti_mini,000010,-0.500000000,5,Car,23.708471060,246,237,0.963414634
kitti_mini,000010,-0.500000000,6,Car,29.129059374,55,45,0.818181818
kitti_mini,000010,-0.500000000,7,Car,29.649920742,33,33,1.000000000
kitti_mini,000010,-0.500000000,8,Car,43.123224601,20,18,0.900000000
kitti_mini,000010,0.000000000,0,Car,7.027616950,1645,277,0.168389058
kitti_mini,000010,0.000000000,1,Car,12.153505667,1016,1016,1.000000000
kitti_mini,000010,0.000000000,2,Pedestrian,24.990228090,23,23,1.000000000
kitti_mini,000010,0.000000000,3,Car,17.583006000,340,340,1.000000000
kitti_mini,000010,0.000000000,4,Car,23.152187802,48,48,1.000000000
kitti_mini,000010,0.000000000,5,Car,23.708471060,246,246,1.000000000
kitti_mini,000010,0.000000000,6,Car,29.129059374,55,55,1.000000000
kitti_mini,000010,0.000000000,7,Car,29.649920742,33,33,1.000000000
kitti_mini,000010,0.000000000,8,Car,43.123224601,20,20,1.000000000
kitti_mini,000010,0.500000000,0,Car,7.027616950,1645,299,0.181762918
kitti_mini,000010,0.500000000,1,Car,12.153505667,1016,1016,1.000000000
kitti_mini,000010,0.500000000,2,Pedestrian,24.990228090,23,19,0.826086957
kitti_mini,000010,0.500000000,3,Car,17.583006000,340,339,0.997058824
kitti_mini,000010,0.500000000,4,Car,23.152187802,48,47,0.979166667
kitti_mini,000010,0.500000000,5,Car,23.708471060,246,246,1.000000000
kitti_mini,000010,0.500000000,6,Car,29.129059374,55,55,1.000000000
kitti_mini,000010,0.500000000,7,Car,29.649920742,33,27,0.818181818
kitti_mini,000010,0.500000000,8,Car,43.123224601,20,20,1.000000000
kitti_mini,000010,1.000000000,0,Car,7.027616950,1645,311,0.189057751
kitti_mini,000010,1.000000000,1,Car,12.153505667,1016,1016,1.000000000
kitti_mini,000010,1.000000000,2,Pedestrian,24.990228090,23,7,0.304347826
kitti_mini,000010,1.000000000,3,Car,17.583006000,340,326,0.958823529
kitti_mini,000010,1.000000000,4,Car,23.152187802,48,30,0.625000000
kitti_mini,000010,1.000000000,5,Car,23.708471060,246,232,0.943089431
kitti_mini,000010,1.000000000,6,Car,29.129059374,55,53,0.963636364
kitti_mini,000010,1.000000000,7,Car,29.649920742,33,19,0.575757576
kitti_mini,000010,1.000000000,8,Car,43.123224601,20,17,0.850000000
kitti_mini,000010,2.000000000,0,Car,7.027616950,1645,338,0.205471125
kitti_mini,000010,2.000000000,1,Car,12.153505667,1016,984,0.968503937
kitti_mini,000010,2.000000000,2,Pedestrian,24.990228090,23,0,0.000000000
kitti_mini,000010,2.000000000,3,Car,17.583006000,340,297,0.873529412
kitti_mini,000010,2.000000000,4,Car,23.152187802,48,12,0.250000000
kitti_mini,000010,2.000000000,5,Car,23.708471060,246,187,0.760162602
kitti_mini,000010,2.000000000,6,Car,29.129059374,55,49,0.890909091
kitti_mini,000010,2.000000000,7,Car,29.649920742,33,4,0.121212121
kitti_mini,000010,2.000000000,8,Car,43.123224601,20,5,0.250000000
kitti_mini,000010,3.000000000,0,Car,7.027616950,1645,395,0.240121581
kitti_mini,000010,3.000000000,1,Car,12.153505667,1016,923,0.908464567
kitti_mini,000010,3.000000000,2,Pedestrian,24.990228090,23,0,0.000000000
kitti_mini,000010,3.000000000,3,Car,17.583006000,340,237,0.697058824
kitti_mini,000010,3.000000000,4,Car,23.152187802,48,6,0.125000000
kitti_mini,000010,3.000000000,5,Car,23.708471060,246,129,0.524390244
kitti_mini,000010,3.000000000,6,Car,29.129059374,55,33,0.600000000
kitti_mini,000010,3.000000000,7,Car,29.649920742,33,0,0.000000000
kitti_mini,000010,3.000000000,8,Car,43.123224601,20,2,0.100000000
kitti_mini,000011,-3.000000000,0,Pedestrian,13.487212462,151,12,0.079470199
kitti_mini,000011,-3.000000000,1,Pedestrian,14.559921016,35,0,0.000000000
kitti_mini,000011,-3.000000000,2,Car,27.157706089,208,59,0.283653846
kitti_mini,000011,-3.000000000,3,Pedestrian,34.187004841,40,0,0.000000000
kitti_mini,000011,-3.000000000,4,Car,6.833286179,3251,261,0.080282990
kitti_mini,000011,-3.000000000,5,Pedestrian,17.913472584,81,0,0.000000000
kitti_mini,000011,-2.000000000,0,Pedestrian,13.487212462,151,71,0.470198675
kitti_mini,000011,-2.000000000,1,Pedestrian,14.559921016,35,14,0.400000000
kitti_mini,000011,-2.000000000,2,Car,27.157706089,208,112,0.538461538
kitti_mini,000011,-2.000000000,3,Pedestrian,34.187004841,40,0,0.000000000
kitti_mini,000011,-2.000000000,4,Car,6.833286179,3251,268,0.082436173
kitti_mini,000011,-2.000000000,5,Pedestrian,17.913472584,81,0,0.000000000
kitti_mini,000011,-1.000000000,0,Pedestrian,13.487212462,151,134,0.887417219
kitti_mini,000011,-1.000000000,1,Pedestrian,14.559921016,35,29,0.828571429
kitti_mini,000011,-1.000000000,2,Car,27.157706089,208,165,0.793269231
kitti_mini,000011,-1.000000000,3,Pedestrian,34.187004841,40,9,0.225000000
kitti_mini,000011,-1.000000000,4,Car,6.833286179,3251,267,0.082128576
kitti_mini,000011,-1.000000000,5,Pedestrian,17.913472584,81,33,0.407407407
kitti_mini,000011,-0.500000000,0,Pedestrian,13.487212462,151,143,0.947019868
kitti_mini,000011,-0.500000000,1,Pedestrian,14.559921016,35,32,0.914285714
kitti_mini,000011,-0.500000000,2,Car,27.157706089,208,193,0.927884615
kitti_mini,000011,-0.500000000,3,Pedestrian,34.187004841,40,27,0.675000000
kitti_mini,000011,-0.500000000,4,Car,6.833286179,3251,245,0.075361427
kitti_mini,000011,-0.500000000,5,Pedestrian,17.913472584,81,67,0.827160494
kitti_mini,000011,0.000000000,0,Pedestrian,13.487212462,151,150,0.993377483
kitti_mini,000011,0.000000000,1,Pedestrian,14.559921016,35,35,1.000000000
kitti_mini,000011,0.000000000,2,Car,27.157706089,208,208,1.000000000
kitti_mini,000011,0.000000000,3,Pedestrian,34.187004841,40,40,1.000000000
kitti_mini,000011,0.000000000,4,Car,6.833286179,3251,207,0.063672716
kitti_mini,000011,0.000000000,5,Pedestrian,17.913472584,81,81,1.000000000
kitti_mini,000011,0.500000000,0,Pedestrian,13.487212462,151,141,0.933774834
kitti_mini,000011,0.500000000,1,Pedestrian,14.559921016,35,35,1.000000000
kitti_mini,000011,0.500000000,2,Car,27.157706089,208,199,0.956730769
kitti_mini,000011,0.500000000,3,Pedestrian,34.187004841,40,21,0.525000000
kitti_mini,000011,0.500000000,4,Car,6.833286179,3251,172,0.052906798
kitti_mini,000011,0.500000000,5,Pedestrian,17.913472584,81,66,0.814814815
kitti_mini,000011,1.000000000,0,Pedestrian,13.487212462,151,124,0.821192053
kitti_mini,000011,1.000000000,1,Pedestrian,14.559921016,35,35,1.000000000
kitti_mini,000011,1.000000000,2,Car,27.157706089,208,178,0.855769231
kitti_mini,000011,1.000000000,3,Pedestrian,34.187004841,40,3,0.075000000
kitti_mini,000011,1.000000000,4,Car,6.833286179,3251,140,0.043063673
kitti_mini,000011,1.000000000,5,Pedestrian,17.913472584,81,28,0.345679012
kitti_mini,000011,2.000000000,0,Pedestrian,13.487212462,151,44,0.291390728
kitti_mini,000011,2.000000000,1,Pedestrian,14.559921016,35,21,0.600000000
kitti_mini,000011,2.000000000,2,Car,27.157706089,208,127,0.610576923
kitti_mini,000011,2.000000000,3,Pedestrian,34.187004841,40,0,0.000000000
kitti_mini,000011,2.000000000,4,Car,6.833286179,3251,77,0.023685020
kitti_mini,000011,2.000000000,5,Pedestrian,17.913472584,81,0,0.000000000
kitti_mini,000011,3.000000000,0,Pedestrian,13.487212462,151,10,0.066225166
kitti_mini,000011,3.000000000,1,Pedestrian,14.559921016,35,6,0.171428571
kitti_mini,000011,3.000000000,2,Car,27.157706089,208,76,0.365384615
kitti_mini,000011,3.000000000,3,Pedestrian,34.187004841,40,0,0.000000000
kitti_mini,000011,3.000000000,4,Car,6.833286179,3251,22,0.006767149
kitti_mini,000011,3.000000000,5,Pedestrian,17.913472584,81,0,0.000000000
kitti_mini,000012,-3.000000000,0,Car,59.138157733,13,0,0.000000000
kitti_mini,000012,-3.000000000,1,Van,66.374610357,39,0,0.000000000
kitti_mini,000012,-2.000000000,0,Car,59.138157733,13,0,0.000000000
kitti_mini,000012,-2.000000000,1,Van,66.374610357,39,5,0.128205128
kitti_mini,000012,-1.000000000,0,Car,59.138157733,13,4,0.307692308
kitti_mini,000012,-1.000000000,1,Van,66.374610357,39,24,0.615384615
kitti_mini,000012,-0.500000000,0,Car,59.138157733,13,10,0.769230769
kitti_mini,000012,-0.500000000,1,Van,66.374610357,39,36,0.923076923
kitti_mini,000012,0.000000000,0,Car,59.138157733,13,13,1.000000000
kitti_mini,000012,0.000000000,1,Van,66.374610357,39,39,1.000000000
kitti_mini,000012,0.500000000,0,Car,59.138157733,13,13,1.000000000
kitti_mini,000012,0.500000000,1,Van,66.374610357,39,35,0.897435897
kitti_mini,000012,1.000000000,0,Car,59.138157733,13,11,0.846153846
kitti_mini,000012,1.000000000,1,Van,66.374610357,39,23,0.589743590
kitti_mini,000012,2.000000000,0,Car,59.138157733,13,1,0.076923077
kitti_mini,000012,2.000000000,1,Van,66.374610357,39,4,0.102564103
kitti_mini,000012,3.000000000,0,Car,59.138157733,13,0,0.000000000
kitti_mini,000012,3.000000000,1,Van,66.374610357,39,0,0.000000000
kitti_mini,000015,-3.000000000,0,Car,5.221350400,5857,1642,0.280348301
kitti_mini,000015,-3.000000000,1,Pedestrian,9.052043968,386,174,0.450777202
kitti_mini,000015,-3.000000000,2,Pedestrian,24.305951946,55,0,0.000000000
kitti_mini,000015,-3.000000000,3,Pedestrian,24.483839568,70,0,0.000000000
kitti_mini,000015,-3.000000000,4,Pedestrian,23.408197282,66,0,0.000000000
kitti_mini,000015,-2.000000000,0,Car,5.221350400,5857,1693,0.289055831
kitti_mini,000015,-2.000000000,1,Pedestrian,9.052043968,386,323,0.836787565
kitti_mini,000015,-2.000000000,2,Pedestrian,24.305951946,55,0,0.000000000
kitti_mini,000015,-2.000000000,3,Pedestrian,24.483839568,70,0,0.000000000
kitti_mini,000015,-2.000000000,4,Pedestrian,23.408197282,66,0,0.000000000
kitti_mini,000015,-1.000000000,0,Car,5.221350400,5857,1688,0.288202151
kitti_mini,000015,-1.000000000,1,Pedestrian,9.052043968,386,364,0.943005181
kitti_mini,000015,-1.000000000,2,Pedestrian,24.305951946,55,27,0.490909091
kitti_mini,000015,-1.000000000,3,Pedestrian,24.483839568,70,40,0.571428571
kitti_mini,000015,-1.000000000,4,Pedestrian,23.408197282,66,36,0.545454545
kitti_mini,000015,-0.500000000,0,Car,5.221350400,5857,1660,0.283421547
kitti_mini,000015,-0.500000000,1,Pedestrian,9.052043968,386,369,0.955958549
kitti_mini,000015,-0.500000000,2,Pedestrian,24.305951946,55,53,0.963636364
kitti_mini,000015,-0.500000000,3,Pedestrian,24.483839568,70,64,0.914285714
kitti_mini,000015,-0.500000000,4,Pedestrian,23.408197282,66,61,0.924242424
kitti_mini,000015,0.000000000,0,Car,5.221350400,5857,1637,0.279494622
kitti_mini,000015,0.000000000,1,Pedestrian,9.052043968,386,371,0.961139896
kitti_mini,000015,0.000000000,2,Pedestrian,24.305951946,55,49,0.890909091
kitti_mini,000015,0.000000000,3,Pedestrian,24.483839568,70,59,0.842857143
kitti_mini,000015,0.000000000,4,Pedestrian,23.408197282,66,66,1.000000000
kitti_mini,000015,0.500000000,0,Car,5.221350400,5857,1612,0.275226225
kitti_mini,000015,0.500000000,1,Pedestrian,9.052043968,386,330,0.854922280
kitti_mini,000015,0.500000000,2,Pedestrian,24.305951946,55,19,0.345454545
kitti_mini,000015,0.500000000,3,Pedestrian,24.483839568,70,31,0.442857143
kitti_mini,000015,0.500000000,4,Pedestrian,23.408197282,66,50,0.757575758
kitti_mini,000015,1.000000000,0,Car,5.221350400,5857,1589,0.271299300
kitti_mini,000015,1.000000000,1,Pedestrian,9.052043968,386,269,0.696891192
kitti_mini,000015,1.000000000,2,Pedestrian,24.305951946,55,0,0.000000000
kitti_mini,000015,1.000000000,3,Pedestrian,24.483839568,70,6,0.085714286
kitti_mini,000015,1.000000000,4,Pedestrian,23.408197282,66,17,0.257575758
kitti_mini,000015,2.000000000,0,Car,5.221350400,5857,1547,0.264128393
kitti_mini,000015,2.000000000,1,Pedestrian,9.052043968,386,126,0.326424870
kitti_mini,000015,2.000000000,2,Pedestrian,24.305951946,55,0,0.000000000
kitti_mini,000015,2.000000000,3,Pedestrian,24.483839568,70,0,0.000000000
kitti_mini,000015,2.000000000,4,Pedestrian,23.408197282,66,0,0.000000000
kitti_mini,000015,3.000000000,0,Car,5.221350400,5857,1512,0.258152638
kitti_mini,000015,3.000000000,1,Pedestrian,9.052043968,386,26,0.067357513
kitti_mini,000015,3.000000000,2,Pedestrian,24.305951946,55,0,0.000000000
kitti_mini,000015,3.000000000,3,Pedestrian,24.483839568,70,0,0.000000000
kitti_mini,000015,3.000000000,4,Pedestrian,23.408197282,66,0,0.000000000
kitti_mini,000016,-3.000000000,0,Car,44.631107985,24,0,0.000000000
kitti_mini,000016,-3.000000000,1,Truck,28.136895707,1973,1793,0.908768373
kitti_mini,000016,-3.000000000,2,Car,33.474787527,51,12,0.235294118
kitti_mini,000016,-3.000000000,3,Car,7.270508923,2051,1792,0.873720137
kitti_mini,000016,-3.000000000,4,Car,47.221576636,10,0,0.000000000
kitti_mini,000016,-2.000000000,0,Car,44.631107985,24,7,0.291666667
kitti_mini,000016,-2.000000000,1,Truck,28.136895707,1973,1874,0.949822605
kitti_mini,000016,-2.000000000,2,Car,33.474787527,51,26,0.509803922
kitti_mini,000016,-2.000000000,3,Car,7.270508923,2051,1837,0.895660653
kitti_mini,000016,-2.000000000,4,Car,47.221576636,10,2,0.200000000
kitti_mini,000016,-1.000000000,0,Car,44.631107985,24,19,0.791666667
kitti_mini,000016,-1.000000000,1,Truck,28.136895707,1973,1948,0.987328941
kitti_mini,000016,-1.000000000,2,Car,33.474787527,51,49,0.960784314
kitti_mini,000016,-1.000000000,3,Car,7.270508923,2051,1831,0.892735251
kitti_mini,000016,-1.000000000,4,Car,47.221576636,10,7,0.700000000
kitti_mini,000016,-0.500000000,0,Car,44.631107985,24,24,1.000000000
kitti_mini,000016,-0.500000000,1,Truck,28.136895707,1973,1973,1.000000000
kitti_mini,000016,-0.500000000,2,Car,33.474787527,51,50,0.980392157
kitti_mini,000016,-0.500000000,3,Car,7.270508923,2051,1802,0.878595807
kitti_mini,000016,-0.500000000,4,Car,47.221576636,10,9,0.900000000
kitti_mini,000016,0.000000000,0,Car,44.631107985,24,24,1.000000000
kitti_mini,000016,0.000000000,1,Truck,28.136895707,1973,1973,1.000000000
kitti_mini,000016,0.000000000,2,Car,33.474787527,51,51,1.000000000
kitti_mini,000016,0.000000000,3,Car,7.270508923,2051,1761,0.858605558
kitti_mini,000016,0.000000000,4,Car,47.221576636,10,10,1.000000000
kitti_mini,000016,0.500000000,0,Car,44.631107985,24,18,0.750000000
kitti_mini,000016,0.500000000,1,Truck,28.136895707,1973,1964,0.995438419
kitti_mini,000016,0.500000000,2,Car,33.474787527,51,46,0.901960784
kitti_mini,000016,0.500000000,3,Car,7.270508923,2051,1706,0.831789371
kitti_mini,000016,0.500000000,4,Car,47.221576636,10,8,0.800000000
kitti_mini,000016,1.000000000,0,Car,44.631107985,24,11,0.458333333
kitti_mini,000016,1.000000000,1,Truck,28.136895707,1973,1932,0.979219463
kitti_mini,000016,1.000000000,2,Car,33.474787527,51,38,0.745098039
kitti_mini,000016,1.000000000,3,Car,7.270508923,2051,1642,0.800585080
kitti_mini,000016,1.000000000,4,Car,47.221576636,10,7,0.700000000
kitti_mini,000016,2.000000000,0,Car,44.631107985,24,0,0.000000000
kitti_mini,000016,2.000000000,1,Truck,28.136895707,1973,1872,0.948808920
kitti_mini,000016,2.000000000,2,Car,33.474787527,51,22,0.431372549
kitti_mini,000016,2.000000000,3,Car,7.270508923,2051,1516,0.739151633
kitti_mini,000016,2.000000000,4,Car,47.221576636,10,1,0.100000000
kitti_mini,000016,3.000000000,0,Car,44.631107985,24,0,0.000000000
kitti_mini,000016,3.000000000,1,Truck,28.136895707,1973,1802,0.913329954
kitti_mini,000016,3.000000000,2,Car,33.474787527,51,1,0.019607843
kitti_mini,000016,3.000000000,3,Car,7.270508923,2051,1397,0.681131156
kitti_mini,000016,3.000000000,4,Car,47.221576636,10,0,0.000000000
kitti_mini,000019,-3.000000000,0,Truck,6.556935260,7634,4843,0.634398742
kitti_mini,000019,-3.000000000,1,Car,10.256748998,1236,1043,0.843851133
kitti_mini,000019,-3.000000000,2,Van,35.471560439,106,7,0.066037736
kitti_mini,000019,-3.000000000,3,Car,59.767390775,19,0,0.000000000
kitti_mini,000019,-2.000000000,0,Truck,6.556935260,7634,4963,0.650117894
kitti_mini,000019,-2.000000000,1,Car,10.256748998,1236,1145,0.926375405
kitti_mini,000019,-2.000000000,2,Van,35.471560439,106,46,0.433962264
kitti_mini,000019,-2.000000000,3,Car,59.767390775,19,0,0.000000000
kitti_mini,000019,-1.000000000,0,Truck,6.556935260,7634,5015,0.656929526
kitti_mini,000019,-1.000000000,1,Car,10.256748998,1236,1226,0.991909385
kitti_mini,000019,-1.000000000,2,Van,35.471560439,106,78,0.735849057
kitti_mini,000019,-1.000000000,3,Car,59.767390775,19,11,0.578947368
kitti_mini,000019,-0.500000000,0,Truck,6.556935260,7634,4957,0.649331936
kitti_mini,000019,-0.500000000,1,Car,10.256748998,1236,1236,1.000000000
kitti_mini,000019,-0.500000000,2,Van,35.471560439,106,92,0.867924528
kitti_mini,000019,-0.500000000,3,Car,59.767390775,19,18,0.947368421
kitti_mini,000019,0.000000000,0,Truck,6.556935260,7634,4862,0.636887608
kitti_mini,000019,0.000000000,1,Car,10.256748998,1236,1236,1.000000000
kitti_mini,000019,0.000000000,2,Van,35.471560439,106,106,1.000000000
kitti_mini,000019,0.000000000,3,Car,59.767390775,19,19,1.000000000
kitti_mini,000019,0.500000000,0,Truck,6.556935260,7634,4765,0.624181294
kitti_mini,000019,0.500000000,1,Car,10.256748998,1236,1236,1.000000000
kitti_mini,000019,0.500000000,2,Van,35.471560439,106,99,0.933962264
kitti_mini,000019,0.500000000,3,Car,59.767390775,19,13,0.684210526
kitti_mini,000019,1.000000000,0,Truck,6.556935260,7634,4683,0.613439874
kitti_mini,000019,1.000000000,1,Car,10.256748998,1236,1226,0.991909385
kitti_mini,000019,1.000000000,2,Van,35.471560439,106,78,0.735849057
kitti_mini,000019,1.000000000,3,Car,59.767390775,19,6,0.315789474
kitti_mini,000019,2.000000000,0,Truck,6.556935260,7634,4487,0.587765261
kitti_mini,000019,2.000000000,1,Car,10.256748998,1236,1162,0.940129450
kitti_mini,000019,2.000000000,2,Van,35.471560439,106,42,0.396226415
kitti_mini,000019,2.000000000,3,Car,59.767390775,19,0,0.000000000
kitti_mini,000019,3.000000000,0,Truck,6.556935260,7634,4283,0.561042704
kitti_mini,000019,3.000000000,1,Car,10.256748998,1236,1098,0.888349515
kitti_mini,000019,3.000000000,2,Van,35.471560439,106,13,0.122641509
kitti_mini,000019,3.000000000,3,Car,59.767390775,19,0,0.000000000
kitti_mini,000021,-3.000000000,0,Cyclist,4.499388847,1484,16,0.010781671
kitti_mini,000021,-3.000000000,1,Car,13.730833915,850,671,0.789411765
kitti_mini,000021,-3.000000000,2,Car,17.852240756,238,118,0.495798319
kitti_mini,000021,-3.000000000,3,Van,23.953640642,964,824,0.854771784
kitti_mini,000021,-3.000000000,4,Car,26.519609726,176,53,0.301136364
kitti_mini,000021,-3.000000000,5,Car,26.922373595,113,17,0.150442478
kitti_mini,000021,-3.000000000,6,Car,32.638416015,50,21,0.420000000
kitti_mini,000021,-3.000000000,7,Car,31.832576082,28,0,0.000000000
kitti_mini,000021,-2.000000000,0,Cyclist,4.499388847,1484,43,0.028975741
kitti_mini,000021,-2.000000000,1,Car,13.730833915,850,749,0.881176471
kitti_mini,000021,-2.000000000,2,Car,17.852240756,238,176,0.739495798
kitti_mini,000021,-2.000000000,3,Van,23.953640642,964,884,0.917012448
kitti_mini,000021,-2.000000000,4,Car,26.519609726,176,98,0.556818182
kitti_mini,000021,-2.000000000,5,Car,26.922373595,113,56,0.495575221
kitti_mini,000021,-2.000000000,6,Car,32.638416015,50,39,0.780000000
kitti_mini,000021,-2.000000000,7,Car,31.832576082,28,0,0.000000000
kitti_mini,000021,-1.000000000,0,Cyclist,4.499388847,1484,88,0.059299191
kitti_mini,000021,-1.000000000,1,Car,13.730833915,850,821,0.965882353
kitti_mini,000021,-1.000000000,2,Car,17.852240756,238,219,0.920168067
kitti_mini,000021,-1.000000000,3,Van,23.953640642,964,939,0.974066390
kitti_mini,000021,-1.000000000,4,Car,26.519609726,176,144,0.818181818
kitti_mini,000021,-1.000000000,5,Car,26.922373595,113,92,0.814159292
kitti_mini,000021,-1.000000000,6,Car,32.638416015,50,45,0.900000000
kitti_mini,000021,-1.000000000,7,Car,31.832576082,28,5,0.178571429
kitti_mini,000021,-0.500000000,0,Cyclist,4.499388847,1484,126,0.084905660
kitti_mini,000021,-0.500000000,1,Car,13.730833915,850,848,0.997647059
kitti_mini,000021,-0.500000000,2,Car,17.852240756,238,238,1.000000000
kitti_mini,000021,-0.500000000,3,Van,23.953640642,964,959,0.994813278
kitti_mini,000021,-0.500000000,4,Car,26.519609726,176,166,0.943181818
kitti_mini,000021,-0.500000000,5,Car,26.922373595,113,104,0.920353982
kitti_mini,000021,-0.500000000,6,Car,32.638416015,50,48,0.960000000
kitti_mini,000021,-0.500000000,7,Car,31.832576082,28,25,0.892857143
kitti_mini,000021,0.000000000,0,Cyclist,4.499388847,1484,176,0.118598383
kitti_mini,000021,0.000000000,1,Car,13.730833915,850,850,1.000000000
kitti_mini,000021,0.000000000,2,Car,17.852240756,238,238,1.000000000
kitti_mini,000021,0.000000000,3,Van,23.953640642,964,964,1.000000000
kitti_mini,000021,0.000000000,4,Car,26.519609726,176,176,1.000000000
kitti_mini,000021,0.000000000,5,Car,26.922373595,113,113,1.000000000
kitti_mini,000021,0.000000000,6,Car,32.638416015,50,50,1.000000000
kitti_mini,000021,0.000000000,7,Car,31.832576082,28,28,1.000000000
kitti_mini,000021,0.500000000,0,Cyclist,4.499388847,1484,229,0.154312668
kitti_mini,000021,0.500000000,1,Car,13.730833915,850,850,1.000000000
kitti_mini,000021,0.500000000,2,Car,17.852240756,238,238,1.000000000
kitti_mini,000021,0.500000000,3,Van,23.953640642,964,963,0.998962656
kitti_mini,000021,0.500000000,4,Car,26.519609726,176,175,0.994318182
kitti_mini,000021,0.500000000,5,Car,26.922373595,113,113,1.000000000
kitti_mini,000021,0.500000000,6,Car,32.638416015,50,47,0.940000000
kitti_mini,000021,0.500000000,7,Car,31.832576082,28,28,1.000000000
kitti_mini,000021,1.000000000,0,Cyclist,4.499388847,1484,274,0.184636119
kitti_mini,000021,1.000000000,1,Car,13.730833915,850,845,0.994117647
kitti_mini,000021,1.000000000,2,Car,17.852240756,238,238,1.000000000
kitti_mini,000021,1.000000000,3,Van,23.953640642,964,923,0.957468880
kitti_mini,000021,1.000000000,4,Car,26.519609726,176,161,0.914772727
kitti_mini,000021,1.000000000,5,Car,26.922373595,113,113,1.000000000
kitti_mini,000021,1.000000000,6,Car,32.638416015,50,40,0.800000000
kitti_mini,000021,1.000000000,7,Car,31.832576082,28,28,1.000000000
kitti_mini,000021,2.000000000,0,Cyclist,4.499388847,1484,380,0.256064690
kitti_mini,000021,2.000000000,1,Car,13.730833915,850,789,0.928235294
kitti_mini,000021,2.000000000,2,Car,17.852240756,238,236,0.991596639
kitti_mini,000021,2.000000000,3,Van,23.953640642,964,904,0.937759336
kitti_mini,000021,2.000000000,4,Car,26.519609726,176,122,0.693181818
kitti_mini,000021,2.000000000,5,Car,26.922373595,113,88,0.778761062
kitti_mini,000021,2.000000000,6,Car,32.638416015,50,14,0.280000000
kitti_mini,000021,2.000000000,7,Car,31.832576082,28,28,1.000000000
kitti_mini,000021,3.000000000,0,Cyclist,4.499388847,1484,473,0.318733154
kitti_mini,000021,3.000000000,1,Car,13.730833915,850,717,0.843529412
kitti_mini,000021,3.000000000,2,Car,17.852240756,238,227,0.953781513
kitti_mini,000021,3.000000000,3,Van,23.953640642,964,829,0.859958506
kitti_mini,000021,3.000000000,4,Car,26.519609726,176,77,0.437500000
kitti_mini,000021,3.000000000,5,Car,26.922373595,113,51,0.451327434
kitti_mini,000021,3.000000000,6,Car,32.638416015,50,7,0.140000000
kitti_mini,000021,3.000000000,7,Car,31.832576082,28,3,0.107142857
kitti_mini,000023,-3.000000000,0,Truck,69.307942546,74,0,0.000000000
kitti_mini,000023,-3.000000000,1,Car,57.569750738,13,0,0.000000000
kitti_mini,000023,-3.000000000,2,Cyclist,45.014563199,20,0,0.000000000
kitti_mini,000023,-2.000000000,0,Truck,69.307942546,74,13,0.175675676
kitti_mini,000023,-2.000000000,1,Car,57.569750738,13,4,0.307692308
kitti_mini,000023,-2.000000000,2,Cyclist,45.014563199,20,0,0.000000000
kitti_mini,000023,-1.000000000,0,Truck,69.307942546,74,43,0.581081081
kitti_mini,000023,-1.000000000,1,Car,57.569750738,13,13,1.000000000
kitti_mini,000023,-1.000000000,2,Cyclist,45.014563199,20,0,0.000000000
kitti_mini,000023,-0.500000000,0,Truck,69.307942546,74,61,0.824324324
kitti_mini,000023,-0.500000000,1,Car,57.569750738,13,13,1.000000000
kitti_mini,000023,-0.500000000,2,Cyclist,45.014563199,20,8,0.400000000
kitti_mini,000023,0.000000000,0,Truck,69.307942546,74,74,1.000000000
kitti_mini,000023,0.000000000,1,Car,57.569750738,13,13,1.000000000
kitti_mini,000023,0.000000000,2,Cyclist,45.014563199,20,20,1.000000000
kitti_mini,000023,0.500000000,0,Truck,69.307942546,74,61,0.824324324
kitti_mini,000023,0.500000000,1,Car,57.569750738,13,11,0.846153846
kitti_mini,000023,0.500000000,2,Cyclist,45.014563199,20,12,0.600000000
kitti_mini,000023,1.000000000,0,Truck,69.307942546,74,43,0.581081081
kitti_mini,000023,1.000000000,1,Car,57.569750738,13,7,0.538461538
kitti_mini,000023,1.000000000,2,Cyclist,45.014563199,20,0,0.000000000
kitti_mini,000023,2.000000000,0,Truck,69.307942546,74,10,0.135135135
kitti_mini,000023,2.000000000,1,Car,57.569750738,13,0,0.000000000
kitti_mini,000023,2.000000000,2,Cyclist,45.014563199,20,0,0.000000000
kitti_mini,000023,3.000000000,0,Truck,69.307942546,74,0,0.000000000
kitti_mini,000023,3.000000000,1,Car,57.569750738,13,0,0.000000000
kitti_mini,000023,3.000000000,2,Cyclist,45.014563199,20,0,0.000000000
kitti_mini,000025,-3.000000000,0,Car,4.311252718,1319,110,0.083396513
kitti_mini,000025,-3.000000000,1,Car,10.775778394,1121,962,0.858162355
kitti_mini,000025,-3.000000000,2,Car,30.240755612,61,22,0.360655738
kitti_mini,000025,-3.000000000,3,Car,17.940526748,316,156,0.493670886
kitti_mini,000025,-3.000000000,4,Cyclist,44.759693922,21,0,0.000000000
kitti_mini,000025,-3.000000000,5,Car,22.771293332,27,27,1.000000000
kitti_mini,000025,-2.000000000,0,Car,4.311252718,1319,113,0.085670963
kitti_mini,000025,-2.000000000,1,Car,10.775778394,1121,1032,0.920606601
kitti_mini,000025,-2.000000000,2,Car,30.240755612,61,44,0.721311475
kitti_mini,000025,-2.000000000,3,Car,17.940526748,316,225,0.712025316
kitti_mini,000025,-2.000000000,4,Cyclist,44.759693922,21,0,0.000000000
kitti_mini,000025,-2.000000000,5,Car,22.771293332,27,27,1.000000000
kitti_mini,000025,-1.000000000,0,Car,4.311252718,1319,123,0.093252464
kitti_mini,000025,-1.000000000,1,Car,10.775778394,1121,1101,0.982158787
kitti_mini,000025,-1.000000000,2,Car,30.240755612,61,58,0.950819672
kitti_mini,000025,-1.000000000,3,Car,17.940526748,316,289,0.914556962
kitti_mini,000025,-1.000000000,4,Cyclist,44.759693922,21,0,0.000000000
kitti_mini,000025,-1.000000000,5,Car,22.771293332,27,27,1.000000000
kitti_mini,000025,-0.500000000,0,Car,4.311252718,1319,129,0.097801365
kitti_mini,000025,-0.500000000,1,Car,10.775778394,1121,1119,0.998215879
kitti_mini,000025,-0.500000000,2,Car,30.240755612,61,60,0.983606557
kitti_mini,000025,-0.500000000,3,Car,17.940526748,316,312,0.987341772
kitti_mini,000025,-0.500000000,4,Cyclist,44.759693922,21,7,0.333333333
kitti_mini,000025,-0.500000000,5,Car,22.771293332,27,27,1.000000000
kitti_mini,000025,0.000000000,0,Car,4.311252718,1319,138,0.104624716
kitti_mini,000025,0.000000000,1,Car,10.775778394,1121,1121,1.000000000
kitti_mini,000025,0.000000000,2,Car,30.240755612,61,61,1.000000000
kitti_mini,000025,0.000000000,3,Car,17.940526748,316,316,1.000000000
kitti_mini,000025,0.000000000,4,Cyclist,44.759693922,21,21,1.000000000
kitti_mini,000025,0.000000000,5,Car,22.771293332,27,27,1.000000000
kitti_mini,000025,0.500000000,0,Car,4.311252718,1319,146,0.110689917
kitti_mini,000025,0.500000000,1,Car,10.775778394,1121,1118,0.997323818
kitti_mini,000025,0.500000000,2,Car,30.240755612,61,56,0.918032787
kitti_mini,000025,0.500000000,3,Car,17.940526748,316,312,0.987341772
kitti_mini,000025,0.500000000,4,Cyclist,44.759693922,21,5,0.238095238
kitti_mini,000025,0.500000000,5,Car,22.771293332,27,14,0.518518519
kitti_mini,000025,1.000000000,0,Car,4.311252718,1319,156,0.118271418
kitti_mini,000025,1.000000000,1,Car,10.775778394,1121,1095,0.976806423
kitti_mini,000025,1.000000000,2,Car,30.240755612,61,48,0.786885246
kitti_mini,000025,1.000000000,3,Car,17.940526748,316,293,0.927215190
kitti_mini,000025,1.000000000,4,Cyclist,44.759693922,21,0,0.000000000
kitti_mini,000025,1.000000000,5,Car,22.771293332,27,2,0.074074074
kitti_mini,000025,2.000000000,0,Car,4.311252718,1319,155,0.117513268
kitti_mini,000025,2.000000000,1,Car,10.775778394,1121,1015,0.905441570
kitti_mini,000025,2.000000000,2,Car,30.240755612,61,25,0.409836066
kitti_mini,000025,2.000000000,3,Car,17.940526748,316,233,0.737341772
kitti_mini,000025,2.000000000,4,Cyclist,44.759693922,21,0,0.000000000
kitti_mini,000025,2.000000000,5,Car,22.771293332,27,0,0.000000000
kitti_mini,000025,3.000000000,0,Car,4.311252718,1319,160,0.121304018
kitti_mini,000025,3.000000000,1,Car,10.775778394,1121,929,0.828724353
kitti_mini,000025,3.000000000,2,Car,30.240755612,61,8,0.131147541
kitti_mini,000025,3.000000000,3,Car,17.940526748,316,165,0.522151899
kitti_mini,000025,3.000000000,4,Cyclist,44.759693922,21,0,0.000000000
kitti_mini,000025,3.000000000,5,Car,22.771293332,27,0,0.000000000
kitti_mini,000031,-3.000000000,0,Car,12.734068478,1028,811,0.788910506
kitti_mini,000031,-3.000000000,1,Car,9.180201523,1028,830,0.807392996
kitti_mini,000031,-3.000000000,2,Car,13.558215222,517,482,0.932301741
kitti_mini,000031,-3.000000000,3,Truck,22.591451923,328,175,0.533536585
kitti_mini,000031,-3.000000000,4,Car,26.602411545,141,34,0.241134752
kitti_mini,000031,-3.000000000,5,Van,51.964609110,32,0,0.000000000
kitti_mini,000031,-2.000000000,0,Car,12.734068478,1028,917,0.892023346
kitti_mini,000031,-2.000000000,1,Car,9.180201523,1028,916,0.891050584
kitti_mini,000031,-2.000000000,2,Car,13.558215222,517,513,0.992263056
kitti_mini,000031,-2.000000000,3,Truck,22.591451923,328,227,0.692073171
kitti_mini,000031,-2.000000000,4,Car,26.602411545,141,75,0.531914894
kitti_mini,000031,-2.000000000,5,Van,51.964609110,32,0,0.000000000
kitti_mini,000031,-1.000000000,0,Car,12.734068478,1028,992,0.964980545
kitti_mini,000031,-1.000000000,1,Car,9.180201523,1028,1011,0.983463035
kitti_mini,000031,-1.000000000,2,Car,13.558215222,517,517,1.000000000
kitti_mini,000031,-1.000000000,3,Truck,22.591451923,328,298,0.908536585
kitti_mini,000031,-1.000000000,4,Car,26.602411545,141,113,0.801418440
kitti_mini,000031,-1.000000000,5,Van,51.964609110,32,17,0.531250000
kitti_mini,000031,-0.500000000,0,Car,12.734068478,1028,1025,0.997081712
kitti_mini,000031,-0.500000000,1,Car,9.180201523,1028,1028,1.000000000
kitti_mini,000031,-0.500000000,2,Car,13.558215222,517,517,1.000000000
kitti_mini,000031,-0.500000000,3,Truck,22.591451923,328,310,0.945121951
kitti_mini,000031,-0.500000000,4,Car,26.602411545,141,134,0.950354610
kitti_mini,000031,-0.500000000,5,Van,51.964609110,32,25,0.781250000
kitti_mini,000031,0.000000000,0,Car,12.734068478,1028,1028,1.000000000
kitti_mini,000031,0.000000000,1,Car,9.180201523,1028,1028,1.000000000
kitti_mini,000031,0.000000000,2,Car,13.558215222,517,517,1.000000000
kitti_mini,000031,0.000000000,3,Truck,22.591451923,328,328,1.000000000
kitti_mini,000031,0.000000000,4,Car,26.602411545,141,141,1.000000000
kitti_mini,000031,0.000000000,5,Van,51.964609110,32,32,1.000000000
kitti_mini,000031,0.500000000,0,Car,12.734068478,1028,1025,0.997081712
kitti_mini,000031,0.500000000,1,Car,9.180201523,1028,1028,1.000000000
kitti_mini,000031,0.500000000,2,Car,13.558215222,517,508,0.982591876
kitti_mini,000031,0.500000000,3,Truck,22.591451923,328,320,0.975609756
kitti_mini,000031,0.500000000,4,Car,26.602411545,141,131,0.929078014
kitti_mini,000031,0.500000000,5,Van,51.964609110,32,28,0.875000000
kitti_mini,000031,1.000000000,0,Car,12.734068478,1028,1000,0.972762646
kitti_mini,000031,1.000000000,1,Car,9.180201523,1028,1017,0.989299611
kitti_mini,000031,1.000000000,2,Car,13.558215222,517,491,0.949709865
kitti_mini,000031,1.000000000,3,Truck,22.591451923,328,304,0.926829268
kitti_mini,000031,1.000000000,4,Car,26.602411545,141,110,0.780141844
kitti_mini,000031,1.000000000,5,Van,51.964609110,32,19,0.593750000
kitti_mini,000031,2.000000000,0,Car,12.734068478,1028,903,0.878404669
kitti_mini,000031,2.000000000,1,Car,9.180201523,1028,977,0.950389105
kitti_mini,000031,2.000000000,2,Car,13.558215222,517,432,0.835589942
kitti_mini,000031,2.000000000,3,Truck,22.591451923,328,255,0.777439024
kitti_mini,000031,2.000000000,4,Car,26.602411545,141,68,0.482269504
kitti_mini,000031,2.000000000,5,Van,51.964609110,32,3,0.093750000
kitti_mini,000031,3.000000000,0,Car,12.734068478,1028,801,0.779182879
kitti_mini,000031,3.000000000,1,Car,9.180201523,1028,953,0.927042802
kitti_mini,000031,3.000000000,2,Car,13.558215222,517,351,0.678916828
kitti_mini,000031,3.000000000,3,Truck,22.591451923,328,209,0.637195122
kitti_mini,000031,3.000000000,4,Car,26.602411545,141,29,0.205673759
kitti_mini,000031,3.000000000,5,Van,51.964609110,32,0,0.000000000
kitti_mini,000032,-3.000000000,0,Car,9.801535594,1435,1287,0.896864111
kitti_mini,000032,-3.000000000,1,Car,9.275570063,1352,1125,0.832100592
kitti_mini,000032,-3.000000000,2,Van,14.905562720,803,530,0.660024907
kitti_mini,000032,-3.000000000,3,Car,13.898881250,410,404,0.985365854
kitti_mini,000032,-3.000000000,4,Car,20.233264690,71,56,0.788732394
kitti_mini,000032,-3.000000000,5,Van,25.468853527,584,452,0.773972603
kitti_mini,000032,-3.000000000,6,Car,25.887692056,75,36,0.480000000
kitti_mini,000032,-3.000000000,7,Van,44.745039949,64,0,0.000000000
kitti_mini,000032,-3.000000000,8,Van,41.114211655,154,146,0.948051948
kitti_mini,000032,-3.000000000,9,Car,45.173756762,39,0,0.000000000
kitti_mini,000032,-2.000000000,0,Car,9.801535594,1435,1382,0.963066202
kitti_mini,000032,-2.000000000,1,Car,9.275570063,1352,1223,0.904585799
kitti_mini,000032,-2.000000000,2,Van,14.905562720,803,653,0.813200498
kitti_mini,000032,-2.000000000,3,Car,13.898881250,410,410,1.000000000
kitti_mini,000032,-2.000000000,4,Car,20.233264690,71,64,0.901408451
kitti_mini,000032,-2.000000000,5,Van,25.468853527,584,522,0.893835616
kitti_mini,000032,-2.000000000,6,Car,25.887692056,75,60,0.800000000
kitti_mini,000032,-2.000000000,7,Van,44.745039949,64,6,0.093750000
kitti_mini,000032,-2.000000000,8,Van,41.114211655,154,153,0.993506494
kitti_mini,000032,-2.000000000,9,Car,45.173756762,39,11,0.282051282
kitti_mini,000032,-1.000000000,0,Car,9.801535594,1435,1429,0.995818815
kitti_mini,000032,-1.000000000,1,Car,9.275570063,1352,1321,0.977071006
kitti_mini,000032,-1.000000000,2,Van,14.905562720,803,747,0.930261519
kitti_mini,000032,-1.000000000,3,Car,13.898881250,410,410,1.000000000
kitti_mini,000032,-1.000000000,4,Car,20.233264690,71,70,0.985915493
kitti_mini,000032,-1.000000000,5,Van,25.468853527,584,574,0.982876712
kitti_mini,000032,-1.000000000,6,Car,25.887692056,75,72,0.960000000
kitti_mini,000032,-1.000000000,7,Van,44.745039949,64,36,0.562500000
kitti_mini,000032,-1.000000000,8,Van,41.114211655,154,154,1.000000000
kitti_mini,000032,-1.000000000,9,Car,45.173756762,39,29,0.743589744
kitti_mini,000032,-0.500000000,0,Car,9.801535594,1435,1435,1.000000000
kitti_mini,000032,-0.500000000,1,Car,9.275570063,1352,1346,0.995562130
kitti_mini,000032,-0.500000000,2,Van,14.905562720,803,789,0.982565380
kitti_mini,000032,-0.500000000,3,Car,13.898881250,410,410,1.000000000
kitti_mini,000032,-0.500000000,4,Car,20.233264690,71,71,1.000000000
kitti_mini,000032,-0.500000000,5,Van,25.468853527,584,580,0.993150685
kitti_mini,000032,-0.500000000,6,Car,25.887692056,75,75,1.000000000
kitti_mini,000032,-0.500000000,7,Van,44.745039949,64,49,0.765625000
kitti_mini,000032,-0.500000000,8,Van,41.114211655,154,154,1.000000000
kitti_mini,000032,-0.500000000,9,Car,45.173756762,39,37,0.948717949
kitti_mini,000032,0.000000000,0,Car,9.801535594,1435,1435,1.000000000
kitti_mini,000032,0.000000000,1,Car,9.275570063,1352,1350,0.998520710
kitti_mini,000032,0.000000000,2,Van,14.905562720,803,803,1.000000000
kitti_mini,000032,0.000000000,3,Car,13.898881250,410,410,1.000000000
kitti_mini,000032,0.000000000,4,Car,20.233264690,71,71,1.000000000
kitti_mini,000032,0.000000000,5,Van,25.468853527,584,584,1.000000000
kitti_mini,000032,0.000000000,6,Car,25.887692056,75,75,1.000000000
kitti_mini,000032,0.000000000,7,Van,44.745039949,64,64,1.000000000
kitti_mini,000032,0.000000000,8,Van,41.114211655,154,154,1.000000000
kitti_mini,000032,0.000000000,9,Car,45.173756762,39,39,1.000000000
kitti_mini,000032,0.500000000,0,Car,9.801535594,1435,1435,1.000000000
kitti_mini,000032,0.500000000,1,Car,9.275570063,1352,1352,1.000000000
kitti_mini,000032,0.500000000,2,Van,14.905562720,803,803,1.000000000
kitti_mini,000032,0.500000000,3,Car,13.898881250,410,410,1.000000000
kitti_mini,000032,0.500000000,4,Car,20.233264690,71,59,0.830985915
kitti_mini,000032,0.500000000,5,Van,25.468853527,584,584,1.000000000
kitti_mini,000032,0.500000000,6,Car,25.887692056,75,75,1.000000000
kitti_mini,000032,0.500000000,7,Van,44.745039949,64,58,0.906250000
kitti_mini,000032,0.500000000,8,Van,41.114211655,154,153,0.993506494
kitti_mini,000032,0.500000000,9,Car,45.173756762,39,34,0.871794872
kitti_mini,000032,1.000000000,0,Car,9.801535594,1435,1435,1.000000000
kitti_mini,000032,1.000000000,1,Car,9.275570063,1352,1334,0.986686391
kitti_mini,000032,1.000000000,2,Van,14.905562720,803,803,1.000000000
kitti_mini,000032,1.000000000,3,Car,13.898881250,410,395,0.963414634
kitti_mini,000032,1.000000000,4,Car,20.233264690,71,46,0.647887324
kitti_mini,000032,1.000000000,5,Van,25.468853527,584,584,1.000000000
kitti_mini,000032,1.000000000,6,Car,25.887692056,75,73,0.973333333
kitti_mini,000032,1.000000000,7,Van,44.745039949,64,43,0.671875000
kitti_mini,000032,1.000000000,8,Van,41.114211655,154,135,0.876623377
kitti_mini,000032,1.000000000,9,Car,45.173756762,39,25,0.641025641
kitti_mini,000032,2.000000000,0,Car,9.801535594,1435,1420,0.989547038
kitti_mini,000032,2.000000000,1,Car,9.275570063,1352,1274,0.942307692
kitti_mini,000032,2.000000000,2,Van,14.905562720,803,788,0.981320050
kitti_mini,000032,2.000000000,3,Car,13.898881250,410,352,0.858536585
kitti_mini,000032,2.000000000,4,Car,20.233264690,71,18,0.253521127
kitti_mini,000032,2.000000000,5,Van,25.468853527,584,584,1.000000000
kitti_mini,000032,2.000000000,6,Car,25.887692056,75,56,0.746666667
kitti_mini,000032,2.000000000,7,Van,44.745039949,64,15,0.234375000
kitti_mini,000032,2.000000000,8,Van,41.114211655,154,110,0.714285714
kitti_mini,000032,2.000000000,9,Car,45.173756762,39,8,0.205128205
kitti_mini,000032,3.000000000,0,Car,9.801535594,1435,1362,0.949128920
kitti_mini,000032,3.000000000,1,Car,9.275570063,1352,1214,0.897928994
kitti_mini,000032,3.000000000,2,Van,14.905562720,803,754,0.938978829
kitti_mini,000032,3.000000000,3,Car,13.898881250,410,298,0.726829268
kitti_mini,000032,3.000000000,4,Car,20.233264690,71,8,0.112676056
kitti_mini,000032,3.000000000,5,Van,25.468853527,584,584,1.000000000
kitti_mini,000032,3.000000000,6,Car,25.887692056,75,42,0.560000000
kitti_mini,000032,3.000000000,7,Van,44.745039949,64,0,0.000000000
kitti_mini,000032,3.000000000,8,Van,41.114211655,154,81,0.525974026
kitti_mini,000032,3.000000000,9,Car,45.173756762,39,0,0.000000000
kitti_mini,000043,-3.000000000,0,Pedestrian,12.847509486,158,0,0.000000000
kitti_mini,000043,-3.000000000,1,Pedestrian,12.729120158,183,0,0.000000000
kitti_mini,000043,-3.000000000,2,Pedestrian,20.711064676,85,0,0.000000000
kitti_mini,000043,-3.000000000,3,Pedestrian,20.628766323,88,0,0.000000000
kitti_mini,000043,-2.000000000,0,Pedestrian,12.847509486,158,13,0.082278481
kitti_mini,000043,-2.000000000,1,Pedestrian,12.729120158,183,22,0.120218579
kitti_mini,000043,-2.000000000,2,Pedestrian,20.711064676,85,0,0.000000000
kitti_mini,000043,-2.000000000,3,Pedestrian,20.628766323,88,1,0.011363636
kitti_mini,000043,-1.000000000,0,Pedestrian,12.847509486,158,98,0.620253165
kitti_mini,000043,-1.000000000,1,Pedestrian,12.729120158,183,127,0.693989071
kitti_mini,000043,-1.000000000,2,Pedestrian,20.711064676,85,50,0.588235294
kitti_mini,000043,-1.000000000,3,Pedestrian,20.628766323,88,62,0.704545455
kitti_mini,000043,-0.500000000,0,Pedestrian,12.847509486,158,142,0.898734177
kitti_mini,000043,-0.500000000,1,Pedestrian,12.729120158,183,170,0.928961749
kitti_mini,000043,-0.500000000,2,Pedestrian,20.711064676,85,78,0.917647059
kitti_mini,000043,-0.500000000,3,Pedestrian,20.628766323,88,83,0.943181818
kitti_mini,000043,0.000000000,0,Pedestrian,12.847509486,158,150,0.949367089
kitti_mini,000043,0.000000000,1,Pedestrian,12.729120158,183,182,0.994535519
kitti_mini,000043,0.000000000,2,Pedestrian,20.711064676,85,85,1.000000000
kitti_mini,000043,0.000000000,3,Pedestrian,20.628766323,88,86,0.977272727
kitti_mini,000043,0.500000000,0,Pedestrian,12.847509486,158,137,0.867088608
kitti_mini,000043,0.500000000,1,Pedestrian,12.729120158,183,149,0.814207650
kitti_mini,000043,0.500000000,2,Pedestrian,20.711064676,85,67,0.788235294
kitti_mini,000043,0.500000000,3,Pedestrian,20.628766323,88,66,0.750000000
kitti_mini,000043,1.000000000,0,Pedestrian,12.847509486,158,88,0.556962025
kitti_mini,000043,1.000000000,1,Pedestrian,12.729120158,183,104,0.568306011
kitti_mini,000043,1.000000000,2,Pedestrian,20.711064676,85,36,0.423529412
kitti_mini,000043,1.000000000,3,Pedestrian,20.628766323,88,24,0.272727273
kitti_mini,000043,2.000000000,0,Pedestrian,12.847509486,158,10,0.063291139
kitti_mini,000043,2.000000000,1,Pedestrian,12.729120158,183,6,0.032786885
kitti_mini,000043,2.000000000,2,Pedestrian,20.711064676,85,0,0.000000000
kitti_mini,000043,2.000000000,3,Pedestrian,20.628766323,88,1,0.011363636
kitti_mini,000043,3.000000000,0,Pedestrian,12.847509486,158,0,0.000000000
kitti_mini,000043,3.000000000,1,Pedestrian,12.729120158,183,0,0.000000000
kitti_mini,000043,3.000000000,2,Pedestrian,20.711064676,85,0,0.000000000
kitti_mini,000043,3.000000000,3,Pedestrian,20.628766323,88,0,0.000000000
kitti_mini,000048,-3.000000000,0,Pedestrian,16.937284316,113,0,0.000000000
kitti_mini,000048,-3.000000000,1,Pedestrian,17.211362526,132,0,0.000000000
kitti_mini,000048,-3.000000000,2,Pedestrian,16.627450195,116,0,0.000000000
kitti_mini,000048,-3.000000000,3,Cyclist,30.440330156,41,0,0.000000000
kitti_mini,000048,-2.000000000,0,Pedestrian,16.937284316,113,12,0.106194690
kitti_mini,000048,-2.000000000,1,Pedestrian,17.211362526,132,22,0.166666667
kitti_mini,000048,-2.000000000,2,Pedestrian,16.627450195,116,27,0.232758621
kitti_mini,000048,-2.000000000,3,Cyclist,30.440330156,41,0,0.000000000
kitti_mini,000048,-1.000000000,0,Pedestrian,16.937284316,113,92,0.814159292
kitti_mini,000048,-1.000000000,1,Pedestrian,17.211362526,132,101,0.765151515
kitti_mini,000048,-1.000000000,2,Pedestrian,16.627450195,116,106,0.913793103
kitti_mini,000048,-1.000000000,3,Cyclist,30.440330156,41,11,0.268292683
kitti_mini,000048,-0.500000000,0,Pedestrian,16.937284316,113,102,0.902654867
kitti_mini,000048,-0.500000000,1,Pedestrian,17.211362526,132,131,0.992424242
kitti_mini,000048,-0.500000000,2,Pedestrian,16.627450195,116,116,1.000000000
kitti_mini,000048,-0.500000000,3,Cyclist,30.440330156,41,31,0.756097561
kitti_mini,000048,0.000000000,0,Pedestrian,16.937284316,113,108,0.955752212
kitti_mini,000048,0.000000000,1,Pedestrian,17.211362526,132,125,0.946969697
kitti_mini,000048,0.000000000,2,Pedestrian,16.627450195,116,96,0.827586207
kitti_mini,000048,0.000000000,3,Cyclist,30.440330156,41,41,1.000000000
kitti_mini,000048,0.500000000,0,Pedestrian,16.937284316,113,83,0.734513274
kitti_mini,000048,0.500000000,1,Pedestrian,17.211362526,132,105,0.795454545
kitti_mini,000048,0.500000000,2,Pedestrian,16.627450195,116,61,0.525862069
kitti_mini,000048,0.500000000,3,Cyclist,30.440330156,41,37,0.902439024
kitti_mini,000048,1.000000000,0,Pedestrian,16.937284316,113,36,0.318584071
kitti_mini,000048,1.000000000,1,Pedestrian,17.211362526,132,69,0.522727273
kitti_mini,000048,1.000000000,2,Pedestrian,16.627450195,116,19,0.163793103
kitti_mini,000048,1.000000000,3,Cyclist,30.440330156,41,18,0.439024390
kitti_mini,000048,2.000000000,0,Pedestrian,16.937284316,113,2,0.017699115
kitti_mini,000048,2.000000000,1,Pedestrian,17.211362526,132,0,0.000000000
kitti_mini,000048,2.000000000,2,Pedestrian,16.627450195,116,0,0.000000000
kitti_mini,000048,2.000000000,3,Cyclist,30.440330156,41,0,0.000000000
kitti_mini,000048,3.000000000,0,Pedestrian,16.937284316,113,0,0.000000000
kitti_mini,000048,3.000000000,1,Pedestrian,17.211362526,132,0,0.000000000
kitti_mini,000048,3.000000000,2,Pedestrian,16.627450195,116,0,0.000000000
kitti_mini,000048,3.000000000,3,Cyclist,30.440330156,41,0,0.000000000
kitti_mini,000049,-3.000000000,0,Car,21.607524152,206,81,0.393203883
kitti_mini,000049,-3.000000000,1,Car,14.431735862,930,779,0.837634409
kitti_mini,000049,-3.000000000,2,Car,22.345274668,140,37,0.264285714
kitti_mini,000049,-3.000000000,3,Car,25.244710337,79,12,0.151898734
kitti_mini,000049,-3.000000000,4,Car,32.808616246,18,0,0.000000000
kitti_mini,000049,-3.000000000,5,Van,45.878905828,79,17,0.215189873
kitti_mini,000049,-3.000000000,6,Pedestrian,5.707845478,830,563,0.678313253
kitti_mini,000049,-3.000000000,7,Car,10.530056980,571,568,0.994746060
kitti_mini,000049,-3.000000000,8,Car,15.530991597,432,378,0.875000000
kitti_mini,000049,-3.000000000,9,Car,20.710943967,198,179,0.904040404
kitti_mini,000049,-3.000000000,10,Pedestrian,32.830986887,42,0,0.000000000
kitti_mini,000049,-3.000000000,11,Car,33.287105612,74,34,0.459459459
kitti_mini,000049,-3.000000000,12,Car,14.502261893,437,394,0.901601831
kitti_mini,000049,-3.000000000,13,Car,19.081050810,312,227,0.727564103
kitti_mini,000049,-3.000000000,15,Car,23.254833906,8,2,0.250000000
kitti_mini,000049,-3.000000000,16,Van,35.615561206,261,194,0.743295019
kitti_mini,000049,-3.000000000,17,Car,22.431596020,56,43,0.767857143
kitti_mini,000049,-2.000000000,0,Car,21.607524152,206,126,0.611650485
kitti_mini,000049,-2.000000000,1,Car,14.431735862,930,853,0.917204301
kitti_mini,000049,-2.000000000,2,Car,22.345274668,140,74,0.528571429
kitti_mini,000049,-2.000000000,3,Car,25.244710337,79,29,0.367088608
kitti_mini,000049,-2.000000000,4,Car,32.808616246,18,2,0.111111111
kitti_mini,000049,-2.000000000,5,Van,45.878905828,79,28,0.354430380
kitti_mini,000049,-2.000000000,6,Pedestrian,5.707845478,830,644,0.775903614
kitti_mini,000049,-2.000000000,7,Car,10.530056980,571,569,0.996497373
kitti_mini,000049,-2.000000000,8,Car,15.530991597,432,417,0.965277778
kitti_mini,000049,-2.000000000,9,Car,20.710943967,198,185,0.934343434
kitti_mini,000049,-2.000000000,10,Pedestrian,32.830986887,42,0,0.000000000
kitti_mini,000049,-2.000000000,11,Car,33.287105612,74,53,0.716216216
kitti_mini,000049,-2.000000000,12,Car,14.502261893,437,394,0.901601831
kitti_mini,000049,-2.000000000,13,Car,19.081050810,312,273,0.875000000
kitti_mini,000049,-2.000000000,15,Car,23.254833906,8,4,0.500000000
kitti_mini,000049,-2.000000000,16,Van,35.615561206,261,233,0.892720307
kitti_mini,000049,-2.000000000,17,Car,22.431596020,56,51,0.910714286
kitti_mini,000049,-1.000000000,0,Car,21.607524152,206,167,0.810679612
kitti_mini,000049,-1.000000000,1,Car,14.431735862,930,922,0.991397849
kitti_mini,000049,-1.000000000,2,Car,22.345274668,140,118,0.842857143
kitti_mini,000049,-1.000000000,3,Car,25.244710337,79,66,0.835443038
kitti_mini,000049,-1.000000000,4,Car,32.808616246,18,11,0.611111111
kitti_mini,000049,-1.000000000,5,Van,45.878905828,79,61,0.772151899
kitti_mini,000049,-1.000000000,6,Pedestrian,5.707845478,830,710,0.855421687
kitti_mini,000049,-1.000000000,7,Car,10.530056980,571,570,0.998248687
kitti_mini,000049,-1.000000000,8,Car,15.530991597,432,432,1.000000000
kitti_mini,000049,-1.000000000,9,Car,20.710943967,198,190,0.959595960
kitti_mini,000049,-1.000000000,10,Pedestrian,32.830986887,42,11,0.261904762
kitti_mini,000049,-1.000000000,11,Car,33.287105612,74,74,1.000000000
kitti_mini,000049,-1.000000000,12,Car,14.502261893,437,436,0.997711670
kitti_mini,000049,-1.000000000,13,Car,19.081050810,312,299,0.958333333
kitti_mini,000049,-1.000000000,15,Car,23.254833906,8,8,1.000000000
kitti_mini,000049,-1.000000000,16,Van,35.615561206,261,250,0.957854406
kitti_mini,000049,-1.000000000,17,Car,22.431596020,56,51,0.910714286
kitti_mini,000049,-0.500000000,0,Car,21.607524152,206,190,0.922330097
kitti_mini,000049,-0.500000000,1,Car,14.431735862,930,930,1.000000000
kitti_mini,000049,-0.500000000,2,Car,22.345274668,140,136,0.971428571
kitti_mini,000049,-0.500000000,3,Car,25.244710337,79,79,1.000000000
kitti_mini,000049,-0.500000000,4,Car,32.808616246,18,15,0.833333333
kitti_mini,000049,-0.500000000,5,Van,45.878905828,79,75,0.949367089
kitti_mini,000049,-0.500000000,6,Pedestrian,5.707845478,830,703,0.846987952
kitti_mini,000049,-0.500000000,7,Car,10.530056980,571,571,1.000000000
kitti_mini,000049,-0.500000000,8,Car,15.530991597,432,432,1.000000000
kitti_mini,000049,-0.500000000,9,Car,20.710943967,198,196,0.989898990
kitti_mini,000049,-0.500000000,10,Pedestrian,32.830986887,42,31,0.738095238
kitti_mini,000049,-0.500000000,11,Car,33.287105612,74,74,1.000000000
kitti_mini,000049,-0.500000000,12,Car,14.502261893,437,437,1.000000000
kitti_mini,000049,-0.500000000,13,Car,19.081050810,312,310,0.993589744
kitti_mini,000049,-0.500000000,15,Car,23.254833906,8,8,1.000000000
kitti_mini,000049,-0.500000000,16,Van,35.615561206,261,261,1.000000000
kitti_mini,000049,-0.500000000,17,Car,22.431596020,56,50,0.892857143
kitti_mini,000049,0.000000000,0,Car,21.607524152,206,206,1.000000000
kitti_mini,000049,0.000000000,1,Car,14.431735862,930,930,1.000000000
kitti_mini,000049,0.000000000,2,Car,22.345274668,140,140,1.000000000
kitti_mini,000049,0.000000000,3,Car,25.244710337,79,79,1.000000000
kitti_mini,000049,0.000000000,4,Car,32.808616246,18,18,1.000000000
kitti_mini,000049,0.000000000,5,Van,45.878905828,79,79,1.000000000
kitti_mini,000049,0.000000000,6,Pedestrian,5.707845478,830,690,0.831325301
kitti_mini,000049,0.000000000,7,Car,10.530056980,571,571,1.000000000
kitti_mini,000049,0.000000000,8,Car,15.530991597,432,432,1.000000000
kitti_mini,000049,0.000000000,9,Car,20.710943967,198,198,1.000000000
kitti_mini,000049,0.000000000,10,Pedestrian,32.830986887,42,37,0.880952381
kitti_mini,000049,0.000000000,11,Car,33.287105612,74,74,1.000000000
kitti_mini,000049,0.000000000,12,Car,14.502261893,437,437,1.000000000
kitti_mini,000049,0.000000000,13,Car,19.081050810,312,312,1.000000000
kitti_mini,000049,0.000000000,15,Car,23.254833906,8,8,1.000000000
kitti_mini,000049,0.000000000,16,Van,35.615561206,261,261,1.000000000
kitti_mini,000049,0.000000000,17,Car,22.431596020,56,49,0.875000000
kitti_mini,000049,0.500000000,0,Car,21.607524152,206,190,0.922330097
kitti_mini,000049,0.500000000,1,Car,14.431735862,930,925,0.994623656
kitti_mini,000049,0.500000000,2,Car,22.345274668,140,140,1.000000000
kitti_mini,000049,0.500000000,3,Car,25.244710337,79,79,1.000000000
kitti_mini,000049,0.500000000,4,Car,32.808616246,18,18,1.000000000
kitti_mini,000049,0.500000000,5,Van,45.878905828,79,79,1.000000000
kitti_mini,000049,0.500000000,6,Pedestrian,5.707845478,830,671,0.808433735
kitti_mini,000049,0.500000000,7,Car,10.530056980,571,565,0.989492119
kitti_mini,000049,0.500000000,8,Car,15.530991597,432,426,0.986111111
kitti_mini,000049,0.500000000,9,Car,20.710943967,198,195,0.984848485
kitti_mini,000049,0.500000000,10,Pedestrian,32.830986887,42,24,0.571428571
kitti_mini,000049,0.500000000,11,Car,33.287105612,74,74,1.000000000
kitti_mini,000049,0.500000000,12,Car,14.502261893,437,437,1.000000000
kitti_mini,000049,0.500000000,13,Car,19.081050810,312,312,1.000000000
kitti_mini,000049,0.500000000,15,Car,23.254833906,8,8,1.000000000
kitti_mini,000049,0.500000000,16,Van,35.615561206,261,250,0.957854406
kitti_mini,000049,0.500000000,17,Car,22.431596020,56,48,0.857142857
kitti_mini,000049,1.000000000,0,Car,21.607524152,206,165,0.800970874
kitti_mini,000049,1.000000000,1,Car,14.431735862,930,903,0.970967742
kitti_mini,000049,1.000000000,2,Car,22.345274668,140,140,1.000000000
kitti_mini,000049,1.000000000,3,Car,25.244710337,79,79,1.000000000
kitti_mini,000049,1.000000000,4,Car,32.808616246,18,18,1.000000000
kitti_mini,000049,1.000000000,5,Van,45.878905828,79,76,0.962025316
kitti_mini,000049,1.000000000,6,Pedestrian,5.707845478,830,649,0.781927711
kitti_mini,000049,1.000000000,7,Car,10.530056980,571,543,0.950963222
kitti_mini,000049,1.000000000,8,Car,15.530991597,432,406,0.939814815
kitti_mini,000049,1.000000000,9,Car,20.710943967,198,167,0.843434343
kitti_mini,000049,1.000000000,10,Pedestrian,32.830986887,42,2,0.047619048
kitti_mini,000049,1.000000000,11,Car,33.287105612,74,74,1.000000000
kitti_mini,000049,1.000000000,12,Car,14.502261893,437,437,1.000000000
kitti_mini,000049,1.000000000,13,Car,19.081050810,312,312,1.000000000
kitti_mini,000049,1.000000000,15,Car,23.254833906,8,8,1.000000000
kitti_mini,000049,1.000000000,16,Van,35.615561206,261,235,0.900383142
kitti_mini,000049,1.000000000,17,Car,22.431596020,56,41,0.732142857
kitti_mini,000049,2.000000000,0,Car,21.607524152,206,116,0.563106796
kitti_mini,000049,2.000000000,1,Car,14.431735862,930,854,0.918279570
kitti_mini,000049,2.000000000,2,Car,22.345274668,140,140,1.000000000
kitti_mini,000049,2.000000000,3,Car,25.244710337,79,79,1.000000000
kitti_mini,000049,2.000000000,4,Car,32.808616246,18,18,1.000000000
kitti_mini,000049,2.000000000,5,Van,45.878905828,79,69,0.873417722
kitti_mini,000049,2.000000000,6,Pedestrian,5.707845478,830,561,0.675903614
kitti_mini,000049,2.000000000,7,Car,10.530056980,571,495,0.866900175
kitti_mini,000049,2.000000000,8,Car,15.530991597,432,359,0.831018519
kitti_mini,000049,2.000000000,9,Car,20.710943967,198,102,0.515151515
kitti_mini,000049,2.000000000,10,Pedestrian,32.830986887,42,0,0.000000000
kitti_mini,000049,2.000000000,11,Car,33.287105612,74,73,0.986486486
kitti_mini,000049,2.000000000,12,Car,14.502261893,437,421,0.963386728
kitti_mini,000049,2.000000000,13,Car,19.081050810,312,311,0.996794872
kitti_mini,000049,2.000000000,15,Car,23.254833906,8,8,1.000000000
kitti_mini,000049,2.000000000,16,Van,35.615561206,261,199,0.762452107
kitti_mini,000049,2.000000000,17,Car,22.431596020,56,20,0.357142857
kitti_mini,000049,3.000000000,0,Car,21.607524152,206,74,0.359223301
kitti_mini,000049,3.000000000,1,Car,14.431735862,930,797,0.856989247
kitti_mini,000049,3.000000000,2,Car,22.345274668,140,138,0.985714286
kitti_mini,000049,3.000000000,3,Car,25.244710337,79,76,0.962025316
kitti_mini,000049,3.000000000,4,Car,32.808616246,18,18,1.000000000
kitti_mini,000049,3.000000000,5,Van,45.878905828,79,59,0.746835443
kitti_mini,000049,3.000000000,6,Pedestrian,5.707845478,830,436,0.525301205
kitti_mini,000049,3.000000000,7,Car,10.530056980,571,464,0.812609457
kitti_mini,000049,3.000000000,8,Car,15.530991597,432,298,0.689814815
kitti_mini,000049,3.000000000,9,Car,20.710943967,198,38,0.191919192
kitti_mini,000049,3.000000000,10,Pedestrian,32.830986887,42,0,0.000000000
kitti_mini,000049,3.000000000,11,Car,33.287105612,74,62,0.837837838
kitti_mini,000049,3.000000000,12,Car,14.502261893,437,385,0.881006865
kitti_mini,000049,3.000000000,13,Car,19.081050810,312,292,0.935897436
kitti_mini,000049,3.000000000,15,Car,23.254833906,8,7,0.875000000
kitti_mini,000049,3.000000000,16,Van,35.615561206,261,168,0.643678161
kitti_mini,000049,3.000000000,17,Car,22.431596020,56,10,0.178571429
kitti_mini,000061,-3.000000000,0,Van,18.858870592,989,649,0.656218402
kitti_mini,000061,-3.000000000,1,Car,14.805975145,441,127,0.287981859
kitti_mini,000061,-3.000000000,2,Car,41.063836888,6,0,0.000000000
kitti_mini,000061,-3.000000000,3,Car,21.305694075,145,10,0.068965517
kitti_mini,000061,-3.000000000,5,Van,43.673307638,14,0,0.000000000
kitti_mini,000061,-2.000000000,0,Van,18.858870592,989,761,0.769464105
kitti_mini,000061,-2.000000000,1,Car,14.805975145,441,134,0.303854875
kitti_mini,000061,-2.000000000,2,Car,41.063836888,6,0,0.000000000
kitti_mini,000061,-2.000000000,3,Car,21.305694075,145,55,0.379310345
kitti_mini,000061,-2.000000000,5,Van,43.673307638,14,4,0.285714286
kitti_mini,000061,-1.000000000,0,Van,18.858870592,989,892,0.901921132
kitti_mini,000061,-1.000000000,1,Car,14.805975145,441,144,0.326530612
kitti_mini,000061,-1.000000000,2,Car,41.063836888,6,3,0.500000000
kitti_mini,000061,-1.000000000,3,Car,21.305694075,145,117,0.806896552
kitti_mini,000061,-1.000000000,5,Van,43.673307638,14,8,0.571428571
kitti_mini,000061,-0.500000000,0,Van,18.858870592,989,950,0.960566229
kitti_mini,000061,-0.500000000,1,Car,14.805975145,441,143,0.324263039
kitti_mini,000061,-0.500000000,2,Car,41.063836888,6,6,1.000000000
kitti_mini,000061,-0.500000000,3,Car,21.305694075,145,145,1.000000000
kitti_mini,000061,-0.500000000,5,Van,43.673307638,14,11,0.785714286
kitti_mini,000061,0.000000000,0,Van,18.858870592,989,989,1.000000000
kitti_mini,000061,0.000000000,1,Car,14.805975145,441,108,0.244897959
kitti_mini,000061,0.000000000,2,Car,41.063836888,6,6,1.000000000
kitti_mini,000061,0.000000000,3,Car,21.305694075,145,145,1.000000000
kitti_mini,000061,0.000000000,5,Van,43.673307638,14,14,1.000000000
kitti_mini,000061,0.500000000,0,Van,18.858870592,989,987,0.997977755
kitti_mini,000061,0.500000000,1,Car,14.805975145,441,73,0.165532880
kitti_mini,000061,0.500000000,2,Car,41.063836888,6,6,1.000000000
kitti_mini,000061,0.500000000,3,Car,21.305694075,145,145,1.000000000
kitti_mini,000061,0.500000000,5,Van,43.673307638,14,11,0.785714286
kitti_mini,000061,1.000000000,0,Van,18.858870592,989,959,0.969666330
kitti_mini,000061,1.000000000,1,Car,14.805975145,441,34,0.077097506
kitti_mini,000061,1.000000000,2,Car,41.063836888,6,4,0.666666667
kitti_mini,000061,1.000000000,3,Car,21.305694075,145,144,0.993103448
kitti_mini,000061,1.000000000,5,Van,43.673307638,14,9,0.642857143
kitti_mini,000061,2.000000000,0,Van,18.858870592,989,855,0.864509606
kitti_mini,000061,2.000000000,1,Car,14.805975145,441,0,0.000000000
kitti_mini,000061,2.000000000,2,Car,41.063836888,6,0,0.000000000
kitti_mini,000061,2.000000000,3,Car,21.305694075,145,121,0.834482759
kitti_mini,000061,2.000000000,5,Van,43.673307638,14,5,0.357142857
kitti_mini,000061,3.000000000,0,Van,18.858870592,989,739,0.747219414
kitti_mini,000061,3.000000000,1,Car,14.805975145,441,0,0.000000000
kitti_mini,000061,3.000000000,2,Car,41.063836888,6,0,0.000000000
kitti_mini,000061,3.000000000,3,Car,21.305694075,145,65,0.448275862
kitti_mini,000061,3.000000000,5,Van,43.673307638,14,0,0.000000000
nuscenes_mini_subset,scene-0103_000,-3.000000000,1,Pedestrian,18.630304179,8,0,0.000000000
nuscenes_mini_subset,scene-0103_000,-3.000000000,2,Pedestrian,31.060601533,5,0,0.000000000
nuscenes_mini_subset,scene-0103_000,-3.000000000,4,Pedestrian,20.977138146,9,0,0.000000000
nuscenes_mini_subset,scene-0103_000,-3.000000000,5,Pedestrian,28.772704133,5,0,0.000000000
nuscenes_mini_subset,scene-0103_000,-2.000000000,1,Pedestrian,18.630304179,8,0,0.000000000
nuscenes_mini_subset,scene-0103_000,-2.000000000,2,Pedestrian,31.060601533,5,0,0.000000000
nuscenes_mini_subset,scene-0103_000,-2.000000000,4,Pedestrian,20.977138146,9,0,0.000000000
nuscenes_mini_subset,scene-0103_000,-2.000000000,5,Pedestrian,28.772704133,5,0,0.000000000
nuscenes_mini_subset,scene-0103_000,-1.000000000,1,Pedestrian,18.630304179,8,3,0.375000000
nuscenes_mini_subset,scene-0103_000,-1.000000000,2,Pedestrian,31.060601533,5,2,0.400000000
nuscenes_mini_subset,scene-0103_000,-1.000000000,4,Pedestrian,20.977138146,9,4,0.444444444
nuscenes_mini_subset,scene-0103_000,-1.000000000,5,Pedestrian,28.772704133,5,2,0.400000000
nuscenes_mini_subset,scene-0103_000,-0.500000000,1,Pedestrian,18.630304179,8,7,0.875000000
nuscenes_mini_subset,scene-0103_000,-0.500000000,2,Pedestrian,31.060601533,5,4,0.800000000
nuscenes_mini_subset,scene-0103_000,-0.500000000,4,Pedestrian,20.977138146,9,9,1.000000000
nuscenes_mini_subset,scene-0103_000,-0.500000000,5,Pedestrian,28.772704133,5,4,0.800000000
nuscenes_mini_subset,scene-0103_000,0.000000000,1,Pedestrian,18.630304179,8,8,1.000000000
nuscenes_mini_subset,scene-0103_000,0.000000000,2,Pedestrian,31.060601533,5,5,1.000000000
nuscenes_mini_subset,scene-0103_000,0.000000000,4,Pedestrian,20.977138146,9,9,1.000000000
nuscenes_mini_subset,scene-0103_000,0.000000000,5,Pedestrian,28.772704133,5,5,1.000000000
nuscenes_mini_subset,scene-0103_000,0.500000000,1,Pedestrian,18.630304179,8,8,1.000000000
nuscenes_mini_subset,scene-0103_000,0.500000000,2,Pedestrian,31.060601533,5,5,1.000000000
nuscenes_mini_subset,scene-0103_000,0.500000000,4,Pedestrian,20.977138146,9,9,1.000000000
nuscenes_mini_subset,scene-0103_000,0.500000000,5,Pedestrian,28.772704133,5,4,0.800000000
nuscenes_mini_subset,scene-0103_000,1.000000000,1,Pedestrian,18.630304179,8,7,0.875000000
nuscenes_mini_subset,scene-0103_000,1.000000000,2,Pedestrian,31.060601533,5,1,0.200000000
nuscenes_mini_subset,scene-0103_000,1.000000000,4,Pedestrian,20.977138146,9,7,0.777777778
nuscenes_mini_subset,scene-0103_000,1.000000000,5,Pedestrian,28.772704133,5,1,0.200000000
nuscenes_mini_subset,scene-0103_000,2.000000000,1,Pedestrian,18.630304179,8,1,0.125000000
nuscenes_mini_subset,scene-0103_000,2.000000000,2,Pedestrian,31.060601533,5,0,0.000000000
nuscenes_mini_subset,scene-0103_000,2.000000000,4,Pedestrian,20.977138146,9,0,0.000000000
nuscenes_mini_subset,scene-0103_000,2.000000000,5,Pedestrian,28.772704133,5,0,0.000000000
nuscenes_mini_subset,scene-0103_000,3.000000000,1,Pedestrian,18.630304179,8,0,0.000000000
nuscenes_mini_subset,scene-0103_000,3.000000000,2,Pedestrian,31.060601533,5,0,0.000000000
nuscenes_mini_subset,scene-0103_000,3.000000000,4,Pedestrian,20.977138146,9,0,0.000000000
nuscenes_mini_subset,scene-0103_000,3.000000000,5,Pedestrian,28.772704133,5,0,0.000000000
nuscenes_mini_subset,scene-0103_001,-3.000000000,1,Pedestrian,14.084753557,21,0,0.000000000
nuscenes_mini_subset,scene-0103_001,-3.000000000,2,Pedestrian,26.106984775,5,0,0.000000000
nuscenes_mini_subset,scene-0103_001,-3.000000000,9,Pedestrian,27.697169848,5,0,0.000000000
nuscenes_mini_subset,scene-0103_001,-3.000000000,16,Pedestrian,26.847901626,5,0,0.000000000
nuscenes_mini_subset,scene-0103_001,-3.000000000,18,Pedestrian,27.508837776,6,0,0.000000000
nuscenes_mini_subset,scene-0103_001,-2.000000000,1,Pedestrian,14.084753557,21,0,0.000000000
nuscenes_mini_subset,scene-0103_001,-2.000000000,2,Pedestrian,26.106984775,5,0,0.000000000
nuscenes_mini_subset,scene-0103_001,-2.000000000,9,Pedestrian,27.697169848,5,0,0.000000000
nuscenes_mini_subset,scene-0103_001,-2.000000000,16,Pedestrian,26.847901626,5,0,0.000000000
nuscenes_mini_subset,scene-0103_001,-2.000000000,18,Pedestrian,27.508837776,6,0,0.000000000
nuscenes_mini_subset,scene-0103_001,-1.000000000,1,Pedestrian,14.084753557,21,7,0.333333333
nuscenes_mini_subset,scene-0103_001,-1.000000000,2,Pedestrian,26.106984775,5,4,0.800000000
nuscenes_mini_subset,scene-0103_001,-1.000000000,9,Pedestrian,27.697169848,5,1,0.200000000
nuscenes_mini_subset,scene-0103_001,-1.000000000,16,Pedestrian,26.847901626,5,4,0.800000000
nuscenes_mini_subset,scene-0103_001,-1.000000000,18,Pedestrian,27.508837776,6,1,0.166666667
nuscenes_mini_subset,scene-0103_001,-0.500000000,1,Pedestrian,14.084753557,21,16,0.761904762
nuscenes_mini_subset,scene-0103_001,-0.500000000,2,Pedestrian,26.106984775,5,5,1.000000000
nuscenes_mini_subset,scene-0103_001,-0.500000000,9,Pedestrian,27.697169848,5,5,1.000000000
nuscenes_mini_subset,scene-0103_001,-0.500000000,16,Pedestrian,26.847901626,5,5,1.000000000
nuscenes_mini_subset,scene-0103_001,-0.500000000,18,Pedestrian,27.508837776,6,5,0.833333333
nuscenes_mini_subset,scene-0103_001,0.000000000,1,Pedestrian,14.084753557,21,20,0.952380952
nuscenes_mini_subset,scene-0103_001,0.000000000,2,Pedestrian,26.106984775,5,5,1.000000000
nuscenes_mini_subset,scene-0103_001,0.000000000,9,Pedestrian,27.697169848,5,5,1.000000000
nuscenes_mini_subset,scene-0103_001,0.000000000,16,Pedestrian,26.847901626,5,5,1.000000000
nuscenes_mini_subset,scene-0103_001,0.000000000,18,Pedestrian,27.508837776,6,6,1.000000000
nuscenes_mini_subset,scene-0103_001,0.500000000,1,Pedestrian,14.084753557,21,21,1.000000000
nuscenes_mini_subset,scene-0103_001,0.500000000,2,Pedestrian,26.106984775,5,4,0.800000000
nuscenes_mini_subset,scene-0103_001,0.500000000,9,Pedestrian,27.697169848,5,5,1.000000000
nuscenes_mini_subset,scene-0103_001,0.500000000,16,Pedestrian,26.847901626,5,4,0.800000000
nuscenes_mini_subset,scene-0103_001,0.500000000,18,Pedestrian,27.508837776,6,5,0.833333333
nuscenes_mini_subset,scene-0103_001,1.000000000,1,Pedestrian,14.084753557,21,21,1.000000000
nuscenes_mini_subset,scene-0103_001,1.000000000,2,Pedestrian,26.106984775,5,3,0.600000000
nuscenes_mini_subset,scene-0103_001,1.000000000,9,Pedestrian,27.697169848,5,2,0.400000000
nuscenes_mini_subset,scene-0103_001,1.000000000,16,Pedestrian,26.847901626,5,3,0.600000000
nuscenes_mini_subset,scene-0103_001,1.000000000,18,Pedestrian,27.508837776,6,1,0.166666667
nuscenes_mini_subset,scene-0103_001,2.000000000,1,Pedestrian,14.084753557,21,14,0.666666667
nuscenes_mini_subset,scene-0103_001,2.000000000,2,Pedestrian,26.106984775,5,0,0.000000000
nuscenes_mini_subset,scene-0103_001,2.000000000,9,Pedestrian,27.697169848,5,0,0.000000000
nuscenes_mini_subset,scene-0103_001,2.000000000,16,Pedestrian,26.847901626,5,0,0.000000000
nuscenes_mini_subset,scene-0103_001,2.000000000,18,Pedestrian,27.508837776,6,0,0.000000000
nuscenes_mini_subset,scene-0103_001,3.000000000,1,Pedestrian,14.084753557,21,1,0.047619048
nuscenes_mini_subset,scene-0103_001,3.000000000,2,Pedestrian,26.106984775,5,0,0.000000000
nuscenes_mini_subset,scene-0103_001,3.000000000,9,Pedestrian,27.697169848,5,0,0.000000000
nuscenes_mini_subset,scene-0103_001,3.000000000,16,Pedestrian,26.847901626,5,0,0.000000000
nuscenes_mini_subset,scene-0103_001,3.000000000,18,Pedestrian,27.508837776,6,0,0.000000000
nuscenes_mini_subset,scene-0103_002,-3.000000000,1,Pedestrian,21.421769857,11,0,0.000000000
nuscenes_mini_subset,scene-0103_002,-3.000000000,2,Pedestrian,29.179187884,5,0,0.000000000
nuscenes_mini_subset,scene-0103_002,-3.000000000,5,Pedestrian,22.397806805,8,0,0.000000000
nuscenes_mini_subset,scene-0103_002,-3.000000000,8,Pedestrian,23.406598868,5,0,0.000000000
nuscenes_mini_subset,scene-0103_002,-2.000000000,1,Pedestrian,21.421769857,11,3,0.272727273
nuscenes_mini_subset,scene-0103_002,-2.000000000,2,Pedestrian,29.179187884,5,0,0.000000000
nuscenes_mini_subset,scene-0103_002,-2.000000000,5,Pedestrian,22.397806805,8,0,0.000000000
nuscenes_mini_subset,scene-0103_002,-2.000000000,8,Pedestrian,23.406598868,5,0,0.000000000
nuscenes_mini_subset,scene-0103_002,-1.000000000,1,Pedestrian,21.421769857,11,9,0.818181818
nuscenes_mini_subset,scene-0103_002,-1.000000000,2,Pedestrian,29.179187884,5,0,0.000000000
nuscenes_mini_subset,scene-0103_002,-1.000000000,5,Pedestrian,22.397806805,8,5,0.625000000
nuscenes_mini_subset,scene-0103_002,-1.000000000,8,Pedestrian,23.406598868,5,4,0.800000000
nuscenes_mini_subset,scene-0103_002,-0.500000000,1,Pedestrian,21.421769857,11,11,1.000000000
nuscenes_mini_subset,scene-0103_002,-0.500000000,2,Pedestrian,29.179187884,5,4,0.800000000
nuscenes_mini_subset,scene-0103_002,-0.500000000,5,Pedestrian,22.397806805,8,7,0.875000000
nuscenes_mini_subset,scene-0103_002,-0.500000000,8,Pedestrian,23.406598868,5,5,1.000000000
nuscenes_mini_subset,scene-0103_002,0.000000000,1,Pedestrian,21.421769857,11,11,1.000000000
nuscenes_mini_subset,scene-0103_002,0.000000000,2,Pedestrian,29.179187884,5,5,1.000000000
nuscenes_mini_subset,scene-0103_002,0.000000000,5,Pedestrian,22.397806805,8,8,1.000000000
nuscenes_mini_subset,scene-0103_002,0.000000000,8,Pedestrian,23.406598868,5,5,1.000000000
nuscenes_mini_subset,scene-0103_002,0.500000000,1,Pedestrian,21.421769857,11,8,0.727272727
nuscenes_mini_subset,scene-0103_002,0.500000000,2,Pedestrian,29.179187884,5,3,0.600000000
nuscenes_mini_subset,scene-0103_002,0.500000000,5,Pedestrian,22.397806805,8,7,0.875000000
nuscenes_mini_subset,scene-0103_002,0.500000000,8,Pedestrian,23.406598868,5,5,1.000000000
nuscenes_mini_subset,scene-0103_002,1.000000000,1,Pedestrian,21.421769857,11,7,0.636363636
nuscenes_mini_subset,scene-0103_002,1.000000000,2,Pedestrian,29.179187884,5,0,0.000000000
nuscenes_mini_subset,scene-0103_002,1.000000000,5,Pedestrian,22.397806805,8,6,0.750000000
nuscenes_mini_subset,scene-0103_002,1.000000000,8,Pedestrian,23.406598868,5,1,0.200000000
nuscenes_mini_subset,scene-0103_002,2.000000000,1,Pedestrian,21.421769857,11,1,0.090909091
nuscenes_mini_subset,scene-0103_002,2.000000000,2,Pedestrian,29.179187884,5,0,0.000000000
nuscenes_mini_subset,scene-0103_002,2.000000000,5,Pedestrian,22.397806805,8,0,0.000000000
nuscenes_mini_subset,scene-0103_002,2.000000000,8,Pedestrian,23.406598868,5,0,0.000000000
nuscenes_mini_subset,scene-0103_002,3.000000000,1,Pedestrian,21.421769857,11,0,0.000000000
nuscenes_mini_subset,scene-0103_002,3.000000000,2,Pedestrian,29.179187884,5,0,0.000000000
nuscenes_mini_subset,scene-0103_002,3.000000000,5,Pedestrian,22.397806805,8,0,0.000000000
nuscenes_mini_subset,scene-0103_002,3.000000000,8,Pedestrian,23.406598868,5,0,0.000000000
nuscenes_mini_subset,scene-0103_003,-3.000000000,0,Pedestrian,23.973172443,5,0,0.000000000
nuscenes_mini_subset,scene-0103_003,-3.000000000,1,Pedestrian,16.815069760,15,0,0.000000000
nuscenes_mini_subset,scene-0103_003,-3.000000000,3,Car,40.239752528,7,0,0.000000000
nuscenes_mini_subset,scene-0103_003,-3.000000000,8,Pedestrian,19.376225816,8,0,0.000000000
nuscenes_mini_subset,scene-0103_003,-3.000000000,14,Car,22.945343464,12,10,0.833333333
nuscenes_mini_subset,scene-0103_003,-2.000000000,0,Pedestrian,23.973172443,5,0,0.000000000
nuscenes_mini_subset,scene-0103_003,-2.000000000,1,Pedestrian,16.815069760,15,9,0.600000000
nuscenes_mini_subset,scene-0103_003,-2.000000000,3,Car,40.239752528,7,2,0.285714286
nuscenes_mini_subset,scene-0103_003,-2.000000000,8,Pedestrian,19.376225816,8,0,0.000000000
nuscenes_mini_subset,scene-0103_003,-2.000000000,14,Car,22.945343464,12,10,0.833333333
nuscenes_mini_subset,scene-0103_003,-1.000000000,0,Pedestrian,23.973172443,5,2,0.400000000
nuscenes_mini_subset,scene-0103_003,-1.000000000,1,Pedestrian,16.815069760,15,15,1.000000000
nuscenes_mini_subset,scene-0103_003,-1.000000000,3,Car,40.239752528,7,5,0.714285714
nuscenes_mini_subset,scene-0103_003,-1.000000000,8,Pedestrian,19.376225816,8,7,0.875000000
nuscenes_mini_subset,scene-0103_003,-1.000000000,14,Car,22.945343464,12,12,1.000000000
nuscenes_mini_subset,scene-0103_003,-0.500000000,0,Pedestrian,23.973172443,5,5,1.000000000
nuscenes_mini_subset,scene-0103_003,-0.500000000,1,Pedestrian,16.815069760,15,15,1.000000000
nuscenes_mini_subset,scene-0103_003,-0.500000000,3,Car,40.239752528,7,7,1.000000000
nuscenes_mini_subset,scene-0103_003,-0.500000000,8,Pedestrian,19.376225816,8,8,1.000000000
nuscenes_mini_subset,scene-0103_003,-0.500000000,14,Car,22.945343464,12,12,1.000000000
nuscenes_mini_subset,scene-0103_003,0.000000000,0,Pedestrian,23.973172443,5,5,1.000000000
nuscenes_mini_subset,scene-0103_003,0.000000000,1,Pedestrian,16.815069760,15,15,1.000000000
nuscenes_mini_subset,scene-0103_003,0.000000000,3,Car,40.239752528,7,7,1.000000000
nuscenes_mini_subset,scene-0103_003,0.000000000,8,Pedestrian,19.376225816,8,8,1.000000000
nuscenes_mini_subset,scene-0103_003,0.000000000,14,Car,22.945343464,12,12,1.000000000
nuscenes_mini_subset,scene-0103_003,0.500000000,0,Pedestrian,23.973172443,5,5,1.000000000
nuscenes_mini_subset,scene-0103_003,0.500000000,1,Pedestrian,16.815069760,15,15,1.000000000
nuscenes_mini_subset,scene-0103_003,0.500000000,3,Car,40.239752528,7,6,0.857142857
nuscenes_mini_subset,scene-0103_003,0.500000000,8,Pedestrian,19.376225816,8,8,1.000000000
nuscenes_mini_subset,scene-0103_003,0.500000000,14,Car,22.945343464,12,12,1.000000000
nuscenes_mini_subset,scene-0103_003,1.000000000,0,Pedestrian,23.973172443,5,3,0.600000000
nuscenes_mini_subset,scene-0103_003,1.000000000,1,Pedestrian,16.815069760,15,12,0.800000000
nuscenes_mini_subset,scene-0103_003,1.000000000,3,Car,40.239752528,7,5,0.714285714
nuscenes_mini_subset,scene-0103_003,1.000000000,8,Pedestrian,19.376225816,8,5,0.625000000
nuscenes_mini_subset,scene-0103_003,1.000000000,14,Car,22.945343464,12,12,1.000000000
nuscenes_mini_subset,scene-0103_003,2.000000000,0,Pedestrian,23.973172443,5,0,0.000000000
nuscenes_mini_subset,scene-0103_003,2.000000000,1,Pedestrian,16.815069760,15,3,0.200000000
nuscenes_mini_subset,scene-0103_003,2.000000000,3,Car,40.239752528,7,2,0.285714286
nuscenes_mini_subset,scene-0103_003,2.000000000,8,Pedestrian,19.376225816,8,0,0.000000000
nuscenes_mini_subset,scene-0103_003,2.000000000,14,Car,22.945343464,12,11,0.916666667
nuscenes_mini_subset,scene-0103_003,3.000000000,0,Pedestrian,23.973172443,5,0,0.000000000
nuscenes_mini_subset,scene-0103_003,3.000000000,1,Pedestrian,16.815069760,15,0,0.000000000
nuscenes_mini_subset,scene-0103_003,3.000000000,3,Car,40.239752528,7,0,0.000000000
nuscenes_mini_subset,scene-0103_003,3.000000000,8,Pedestrian,19.376225816,8,0,0.000000000
nuscenes_mini_subset,scene-0103_003,3.000000000,14,Car,22.945343464,12,6,0.500000000
nuscenes_mini_subset,scene-0103_004,-3.000000000,0,Pedestrian,19.901740273,11,0,0.000000000
nuscenes_mini_subset,scene-0103_004,-3.000000000,1,Pedestrian,20.505725673,6,0,0.000000000
nuscenes_mini_subset,scene-0103_004,-3.000000000,5,Pedestrian,16.314716312,10,0,0.000000000
nuscenes_mini_subset,scene-0103_004,-3.000000000,6,Pedestrian,21.345985115,7,0,0.000000000
nuscenes_mini_subset,scene-0103_004,-3.000000000,8,Pedestrian,15.717207248,16,0,0.000000000
nuscenes_mini_subset,scene-0103_004,-3.000000000,12,Pedestrian,17.831931382,9,0,0.000000000
nuscenes_mini_subset,scene-0103_004,-3.000000000,16,Car,14.426188718,53,46,0.867924528
nuscenes_mini_subset,scene-0103_004,-3.000000000,17,Car,49.151098981,5,0,0.000000000
nuscenes_mini_subset,scene-0103_004,-3.000000000,22,Pedestrian,18.157083374,9,0,0.000000000
nuscenes_mini_subset,scene-0103_004,-2.000000000,0,Pedestrian,19.901740273,11,0,0.000000000
nuscenes_mini_subset,scene-0103_004,-2.000000000,1,Pedestrian,20.505725673,6,0,0.000000000
nuscenes_mini_subset,scene-0103_004,-2.000000000,5,Pedestrian,16.314716312,10,0,0.000000000
nuscenes_mini_subset,scene-0103_004,-2.000000000,6,Pedestrian,21.345985115,7,0,0.000000000
nuscenes_mini_subset,scene-0103_004,-2.000000000,8,Pedestrian,15.717207248,16,2,0.125000000
nuscenes_mini_subset,scene-0103_004,-2.000000000,12,Pedestrian,17.831931382,9,0,0.000000000
nuscenes_mini_subset,scene-0103_004,-2.000000000,16,Car,14.426188718,53,47,0.886792453
nuscenes_mini_subset,scene-0103_004,-2.000000000,17,Car,49.151098981,5,0,0.000000000
nuscenes_mini_subset,scene-0103_004,-2.000000000,22,Pedestrian,18.157083374,9,0,0.000000000
nuscenes_mini_subset,scene-0103_004,-1.000000000,0,Pedestrian,19.901740273,11,8,0.727272727
nuscenes_mini_subset,scene-0103_004,-1.000000000,1,Pedestrian,20.505725673,6,2,0.333333333
nuscenes_mini_subset,scene-0103_004,-1.000000000,5,Pedestrian,16.314716312,10,0,0.000000000
nuscenes_mini_subset,scene-0103_004,-1.000000000,6,Pedestrian,21.345985115,7,1,0.142857143
nuscenes_mini_subset,scene-0103_004,-1.000000000,8,Pedestrian,15.717207248,16,12,0.750000000
nuscenes_mini_subset,scene-0103_004,-1.000000000,12,Pedestrian,17.831931382,9,7,0.777777778
nuscenes_mini_subset,scene-0103_004,-1.000000000,16,Car,14.426188718,53,51,0.962264151
nuscenes_mini_subset,scene-0103_004,-1.000000000,17,Car,49.151098981,5,3,0.600000000
nuscenes_mini_subset,scene-0103_004,-1.000000000,22,Pedestrian,18.157083374,9,2,0.222222222
nuscenes_mini_subset,scene-0103_004,-0.500000000,0,Pedestrian,19.901740273,11,11,1.000000000
nuscenes_mini_subset,scene-0103_004,-0.500000000,1,Pedestrian,20.505725673,6,6,1.000000000
nuscenes_mini_subset,scene-0103_004,-0.500000000,5,Pedestrian,16.314716312,10,0,0.000000000
nuscenes_mini_subset,scene-0103_004,-0.500000000,6,Pedestrian,21.345985115,7,5,0.714285714
nuscenes_mini_subset,scene-0103_004,-0.500000000,8,Pedestrian,15.717207248,16,16,1.000000000
nuscenes_mini_subset,scene-0103_004,-0.500000000,12,Pedestrian,17.831931382,9,9,1.000000000
nuscenes_mini_subset,scene-0103_004,-0.500000000,16,Car,14.426188718,53,53,1.000000000
nuscenes_mini_subset,scene-0103_004,-0.500000000,17,Car,49.151098981,5,5,1.000000000
nuscenes_mini_subset,scene-0103_004,-0.500000000,22,Pedestrian,18.157083374,9,2,0.222222222
nuscenes_mini_subset,scene-0103_004,0.000000000,0,Pedestrian,19.901740273,11,10,0.909090909
nuscenes_mini_subset,scene-0103_004,0.000000000,1,Pedestrian,20.505725673,6,6,1.000000000
nuscenes_mini_subset,scene-0103_004,0.000000000,5,Pedestrian,16.314716312,10,0,0.000000000
nuscenes_mini_subset,scene-0103_004,0.000000000,6,Pedestrian,21.345985115,7,7,1.000000000
nuscenes_mini_subset,scene-0103_004,0.000000000,8,Pedestrian,15.717207248,16,16,1.000000000
nuscenes_mini_subset,scene-0103_004,0.000000000,12,Pedestrian,17.831931382,9,9,1.000000000
nuscenes_mini_subset,scene-0103_004,0.000000000,16,Car,14.426188718,53,53,1.000000000
nuscenes_mini_subset,scene-0103_004,0.000000000,17,Car,49.151098981,5,5,1.000000000
nuscenes_mini_subset,scene-0103_004,0.000000000,22,Pedestrian,18.157083374,9,6,0.666666667
nuscenes_mini_subset,scene-0103_004,0.500000000,0,Pedestrian,19.901740273,11,3,0.272727273
nuscenes_mini_subset,scene-0103_004,0.500000000,1,Pedestrian,20.505725673,6,4,0.666666667
nuscenes_mini_subset,scene-0103_004,0.500000000,5,Pedestrian,16.314716312,10,0,0.000000000
nuscenes_mini_subset,scene-0103_004,0.500000000,6,Pedestrian,21.345985115,7,7,1.000000000
nuscenes_mini_subset,scene-0103_004,0.500000000,8,Pedestrian,15.717207248,16,16,1.000000000
nuscenes_mini_subset,scene-0103_004,0.500000000,12,Pedestrian,17.831931382,9,9,1.000000000
nuscenes_mini_subset,scene-0103_004,0.500000000,16,Car,14.426188718,53,53,1.000000000
nuscenes_mini_subset,scene-0103_004,0.500000000,17,Car,49.151098981,5,5,1.000000000
nuscenes_mini_subset,scene-0103_004,0.500000000,22,Pedestrian,18.157083374,9,8,0.888888889
nuscenes_mini_subset,scene-0103_004,1.000000000,0,Pedestrian,19.901740273,11,0,0.000000000
nuscenes_mini_subset,scene-0103_004,1.000000000,1,Pedestrian,20.505725673,6,4,0.666666667
nuscenes_mini_subset,scene-0103_004,1.000000000,5,Pedestrian,16.314716312,10,3,0.300000000
nuscenes_mini_subset,scene-0103_004,1.000000000,6,Pedestrian,21.345985115,7,2,0.285714286
nuscenes_mini_subset,scene-0103_004,1.000000000,8,Pedestrian,15.717207248,16,15,0.937500000
nuscenes_mini_subset,scene-0103_004,1.000000000,12,Pedestrian,17.831931382,9,7,0.777777778
nuscenes_mini_subset,scene-0103_004,1.000000000,16,Car,14.426188718,53,53,1.000000000
nuscenes_mini_subset,scene-0103_004,1.000000000,17,Car,49.151098981,5,4,0.800000000
nuscenes_mini_subset,scene-0103_004,1.000000000,22,Pedestrian,18.157083374,9,7,0.777777778
nuscenes_mini_subset,scene-0103_004,2.000000000,0,Pedestrian,19.901740273,11,0,0.000000000
nuscenes_mini_subset,scene-0103_004,2.000000000,1,Pedestrian,20.505725673,6,0,0.000000000
nuscenes_mini_subset,scene-0103_004,2.000000000,5,Pedestrian,16.314716312,10,1,0.100000000
nuscenes_mini_subset,scene-0103_004,2.000000000,6,Pedestrian,21.345985115,7,0,0.000000000
nuscenes_mini_subset,scene-0103_004,2.000000000,8,Pedestrian,15.717207248,16,7,0.437500000
nuscenes_mini_subset,scene-0103_004,2.000000000,12,Pedestrian,17.831931382,9,0,0.000000000
nuscenes_mini_subset,scene-0103_004,2.000000000,16,Car,14.426188718,53,51,0.962264151
nuscenes_mini_subset,scene-0103_004,2.000000000,17,Car,49.151098981,5,1,0.200000000
nuscenes_mini_subset,scene-0103_004,2.000000000,22,Pedestrian,18.157083374,9,0,0.000000000
nuscenes_mini_subset,scene-0103_004,3.000000000,0,Pedestrian,19.901740273,11,0,0.000000000
nuscenes_mini_subset,scene-0103_004,3.000000000,1,Pedestrian,20.505725673,6,0,0.000000000
nuscenes_mini_subset,scene-0103_004,3.000000000,5,Pedestrian,16.314716312,10,0,0.000000000
nuscenes_mini_subset,scene-0103_004,3.000000000,6,Pedestrian,21.345985115,7,0,0.000000000
nuscenes_mini_subset,scene-0103_004,3.000000000,8,Pedestrian,15.717207248,16,0,0.000000000
nuscenes_mini_subset,scene-0103_004,3.000000000,12,Pedestrian,17.831931382,9,0,0.000000000
nuscenes_mini_subset,scene-0103_004,3.000000000,16,Car,14.426188718,53,47,0.886792453
nuscenes_mini_subset,scene-0103_004,3.000000000,17,Car,49.151098981,5,0,0.000000000
nuscenes_mini_subset,scene-0103_004,3.000000000,22,Pedestrian,18.157083374,9,0,0.000000000
nuscenes_mini_subset,scene-0103_005,-3.000000000,0,Pedestrian,16.221036266,13,0,0.000000000
nuscenes_mini_subset,scene-0103_005,-3.000000000,4,Pedestrian,17.021128959,9,0,0.000000000
nuscenes_mini_subset,scene-0103_005,-3.000000000,5,Car,46.439142646,6,0,0.000000000
nuscenes_mini_subset,scene-0103_005,-3.000000000,7,Car,30.449638496,5,1,0.200000000
nuscenes_mini_subset,scene-0103_005,-3.000000000,9,Pedestrian,18.711111442,7,0,0.000000000
nuscenes_mini_subset,scene-0103_005,-3.000000000,12,Car,6.572924813,511,113,0.221135029
nuscenes_mini_subset,scene-0103_005,-2.000000000,0,Pedestrian,16.221036266,13,0,0.000000000
nuscenes_mini_subset,scene-0103_005,-2.000000000,4,Pedestrian,17.021128959,9,0,0.000000000
nuscenes_mini_subset,scene-0103_005,-2.000000000,5,Car,46.439142646,6,3,0.500000000
nuscenes_mini_subset,scene-0103_005,-2.000000000,7,Car,30.449638496,5,3,0.600000000
nuscenes_mini_subset,scene-0103_005,-2.000000000,9,Pedestrian,18.711111442,7,0,0.000000000
nuscenes_mini_subset,scene-0103_005,-2.000000000,12,Car,6.572924813,511,97,0.189823875
nuscenes_mini_subset,scene-0103_005,-1.000000000,0,Pedestrian,16.221036266,13,7,0.538461538
nuscenes_mini_subset,scene-0103_005,-1.000000000,4,Pedestrian,17.021128959,9,5,0.555555556
nuscenes_mini_subset,scene-0103_005,-1.000000000,5,Car,46.439142646,6,5,0.833333333
nuscenes_mini_subset,scene-0103_005,-1.000000000,7,Car,30.449638496,5,5,1.000000000
nuscenes_mini_subset,scene-0103_005,-1.000000000,9,Pedestrian,18.711111442,7,1,0.142857143
nuscenes_mini_subset,scene-0103_005,-1.000000000,12,Car,6.572924813,511,86,0.168297456
nuscenes_mini_subset,scene-0103_005,-0.500000000,0,Pedestrian,16.221036266,13,11,0.846153846
nuscenes_mini_subset,scene-0103_005,-0.500000000,4,Pedestrian,17.021128959,9,6,0.666666667
nuscenes_mini_subset,scene-0103_005,-0.500000000,5,Car,46.439142646,6,6,1.000000000
nuscenes_mini_subset,scene-0103_005,-0.500000000,7,Car,30.449638496,5,5,1.000000000
nuscenes_mini_subset,scene-0103_005,-0.500000000,9,Pedestrian,18.711111442,7,6,0.857142857
nuscenes_mini_subset,scene-0103_005,-0.500000000,12,Car,6.572924813,511,82,0.160469667
nuscenes_mini_subset,scene-0103_005,0.000000000,0,Pedestrian,16.221036266,13,13,1.000000000
nuscenes_mini_subset,scene-0103_005,0.000000000,4,Pedestrian,17.021128959,9,9,1.000000000
nuscenes_mini_subset,scene-0103_005,0.000000000,5,Car,46.439142646,6,6,1.000000000
nuscenes_mini_subset,scene-0103_005,0.000000000,7,Car,30.449638496,5,5,1.000000000
nuscenes_mini_subset,scene-0103_005,0.000000000,9,Pedestrian,18.711111442,7,7,1.000000000
nuscenes_mini_subset,scene-0103_005,0.000000000,12,Car,6.572924813,511,79,0.154598826
nuscenes_mini_subset,scene-0103_005,0.500000000,0,Pedestrian,16.221036266,13,13,1.000000000
nuscenes_mini_subset,scene-0103_005,0.500000000,4,Pedestrian,17.021128959,9,9,1.000000000
nuscenes_mini_subset,scene-0103_005,0.500000000,5,Car,46.439142646,6,6,1.000000000
nuscenes_mini_subset,scene-0103_005,0.500000000,7,Car,30.449638496,5,5,1.000000000
nuscenes_mini_subset,scene-0103_005,0.500000000,9,Pedestrian,18.711111442,7,7,1.000000000
nuscenes_mini_subset,scene-0103_005,0.500000000,12,Car,6.572924813,511,76,0.148727984
nuscenes_mini_subset,scene-0103_005,1.000000000,0,Pedestrian,16.221036266,13,12,0.923076923
nuscenes_mini_subset,scene-0103_005,1.000000000,4,Pedestrian,17.021128959,9,4,0.444444444
nuscenes_mini_subset,scene-0103_005,1.000000000,5,Car,46.439142646,6,6,1.000000000
nuscenes_mini_subset,scene-0103_005,1.000000000,7,Car,30.449638496,5,5,1.000000000
nuscenes_mini_subset,scene-0103_005,1.000000000,9,Pedestrian,18.711111442,7,5,0.714285714
nuscenes_mini_subset,scene-0103_005,1.000000000,12,Car,6.572924813,511,71,0.138943249
nuscenes_mini_subset,scene-0103_005,2.000000000,0,Pedestrian,16.221036266,13,2,0.153846154
nuscenes_mini_subset,scene-0103_005,2.000000000,4,Pedestrian,17.021128959,9,0,0.000000000
nuscenes_mini_subset,scene-0103_005,2.000000000,5,Car,46.439142646,6,6,1.000000000
nuscenes_mini_subset,scene-0103_005,2.000000000,7,Car,30.449638496,5,5,1.000000000
nuscenes_mini_subset,scene-0103_005,2.000000000,9,Pedestrian,18.711111442,7,0,0.000000000
nuscenes_mini_subset,scene-0103_005,2.000000000,12,Car,6.572924813,511,63,0.123287671
nuscenes_mini_subset,scene-0103_005,3.000000000,0,Pedestrian,16.221036266,13,0,0.000000000
nuscenes_mini_subset,scene-0103_005,3.000000000,4,Pedestrian,17.021128959,9,0,0.000000000
nuscenes_mini_subset,scene-0103_005,3.000000000,5,Car,46.439142646,6,4,0.666666667
nuscenes_mini_subset,scene-0103_005,3.000000000,7,Car,30.449638496,5,3,0.600000000
nuscenes_mini_subset,scene-0103_005,3.000000000,9,Pedestrian,18.711111442,7,0,0.000000000
nuscenes_mini_subset,scene-0103_005,3.000000000,12,Car,6.572924813,511,54,0.105675147
nuscenes_mini_subset,scene-0103_006,-3.000000000,0,Car,40.293983575,6,0,0.000000000
nuscenes_mini_subset,scene-0103_006,-3.000000000,3,Car,42.309877632,7,2,0.285714286
nuscenes_mini_subset,scene-0103_006,-3.000000000,4,Car,22.402197278,19,11,0.578947368
nuscenes_mini_subset,scene-0103_006,-3.000000000,5,Car,26.127291811,14,9,0.642857143
nuscenes_mini_subset,scene-0103_006,-3.000000000,7,Pedestrian,14.417035068,10,0,0.000000000
nuscenes_mini_subset,scene-0103_006,-2.000000000,0,Car,40.293983575,6,2,0.333333333
nuscenes_mini_subset,scene-0103_006,-2.000000000,3,Car,42.309877632,7,5,0.714285714
nuscenes_mini_subset,scene-0103_006,-2.000000000,4,Car,22.402197278,19,15,0.789473684
nuscenes_mini_subset,scene-0103_006,-2.000000000,5,Car,26.127291811,14,13,0.928571429
nuscenes_mini_subset,scene-0103_006,-2.000000000,7,Pedestrian,14.417035068,10,0,0.000000000
nuscenes_mini_subset,scene-0103_006,-1.000000000,0,Car,40.293983575,6,5,0.833333333
nuscenes_mini_subset,scene-0103_006,-1.000000000,3,Car,42.309877632,7,7,1.000000000
nuscenes_mini_subset,scene-0103_006,-1.000000000,4,Car,22.402197278,19,18,0.947368421
nuscenes_mini_subset,scene-0103_006,-1.000000000,5,Car,26.127291811,14,13,0.928571429
nuscenes_mini_subset,scene-0103_006,-1.000000000,7,Pedestrian,14.417035068,10,0,0.000000000
nuscenes_mini_subset,scene-0103_006,-0.500000000,0,Car,40.293983575,6,6,1.000000000
nuscenes_mini_subset,scene-0103_006,-0.500000000,3,Car,42.309877632,7,7,1.000000000
nuscenes_mini_subset,scene-0103_006,-0.500000000,4,Car,22.402197278,19,19,1.000000000
nuscenes_mini_subset,scene-0103_006,-0.500000000,5,Car,26.127291811,14,14,1.000000000
nuscenes_mini_subset,scene-0103_006,-0.500000000,7,Pedestrian,14.417035068,10,1,0.100000000
nuscenes_mini_subset,scene-0103_006,0.000000000,0,Car,40.293983575,6,6,1.000000000
nuscenes_mini_subset,scene-0103_006,0.000000000,3,Car,42.309877632,7,7,1.000000000
nuscenes_mini_subset,scene-0103_006,0.000000000,4,Car,22.402197278,19,19,1.000000000
nuscenes_mini_subset,scene-0103_006,0.000000000,5,Car,26.127291811,14,14,1.000000000
nuscenes_mini_subset,scene-0103_006,0.000000000,7,Pedestrian,14.417035068,10,4,0.400000000
nuscenes_mini_subset,scene-0103_006,0.500000000,0,Car,40.293983575,6,6,1.000000000
nuscenes_mini_subset,scene-0103_006,0.500000000,3,Car,42.309877632,7,7,1.000000000
nuscenes_mini_subset,scene-0103_006,0.500000000,4,Car,22.402197278,19,18,0.947368421
nuscenes_mini_subset,scene-0103_006,0.500000000,5,Car,26.127291811,14,14,1.000000000
nuscenes_mini_subset,scene-0103_006,0.500000000,7,Pedestrian,14.417035068,10,9,0.900000000
nuscenes_mini_subset,scene-0103_006,1.000000000,0,Car,40.293983575,6,4,0.666666667
nuscenes_mini_subset,scene-0103_006,1.000000000,3,Car,42.309877632,7,7,1.000000000
nuscenes_mini_subset,scene-0103_006,1.000000000,4,Car,22.402197278,19,17,0.894736842
nuscenes_mini_subset,scene-0103_006,1.000000000,5,Car,26.127291811,14,14,1.000000000
nuscenes_mini_subset,scene-0103_006,1.000000000,7,Pedestrian,14.417035068,10,8,0.800000000
nuscenes_mini_subset,scene-0103_006,2.000000000,0,Car,40.293983575,6,1,0.166666667
nuscenes_mini_subset,scene-0103_006,2.000000000,3,Car,42.309877632,7,7,1.000000000
nuscenes_mini_subset,scene-0103_006,2.000000000,4,Car,22.402197278,19,14,0.736842105
nuscenes_mini_subset,scene-0103_006,2.000000000,5,Car,26.127291811,14,11,0.785714286
nuscenes_mini_subset,scene-0103_006,2.000000000,7,Pedestrian,14.417035068,10,1,0.100000000
nuscenes_mini_subset,scene-0103_006,3.000000000,0,Car,40.293983575,6,0,0.000000000
nuscenes_mini_subset,scene-0103_006,3.000000000,3,Car,42.309877632,7,6,0.857142857
nuscenes_mini_subset,scene-0103_006,3.000000000,4,Car,22.402197278,19,11,0.578947368
nuscenes_mini_subset,scene-0103_006,3.000000000,5,Car,26.127291811,14,8,0.571428571
nuscenes_mini_subset,scene-0103_006,3.000000000,7,Pedestrian,14.417035068,10,0,0.000000000
nuscenes_mini_subset,scene-0103_007,-3.000000000,2,Car,37.767285282,7,5,0.714285714
nuscenes_mini_subset,scene-0103_007,-3.000000000,4,Car,13.171645527,101,81,0.801980198
nuscenes_mini_subset,scene-0103_007,-3.000000000,5,Car,21.900926287,11,11,1.000000000
nuscenes_mini_subset,scene-0103_007,-3.000000000,11,Car,36.323911747,8,0,0.000000000
nuscenes_mini_subset,scene-0103_007,-3.000000000,12,Pedestrian,31.381685847,5,0,0.000000000
nuscenes_mini_subset,scene-0103_007,-2.000000000,2,Car,37.767285282,7,7,1.000000000
nuscenes_mini_subset,scene-0103_007,-2.000000000,4,Car,13.171645527,101,89,0.881188119
nuscenes_mini_subset,scene-0103_007,-2.000000000,5,Car,21.900926287,11,11,1.000000000
nuscenes_mini_subset,scene-0103_007,-2.000000000,11,Car,36.323911747,8,3,0.375000000
nuscenes_mini_subset,scene-0103_007,-2.000000000,12,Pedestrian,31.381685847,5,0,0.000000000
nuscenes_mini_subset,scene-0103_007,-1.000000000,2,Car,37.767285282,7,7,1.000000000
nuscenes_mini_subset,scene-0103_007,-1.000000000,4,Car,13.171645527,101,99,0.980198020
nuscenes_mini_subset,scene-0103_007,-1.000000000,5,Car,21.900926287,11,11,1.000000000
nuscenes_mini_subset,scene-0103_007,-1.000000000,11,Car,36.323911747,8,6,0.750000000
nuscenes_mini_subset,scene-0103_007,-1.000000000,12,Pedestrian,31.381685847,5,1,0.200000000
nuscenes_mini_subset,scene-0103_007,-0.500000000,2,Car,37.767285282,7,7,1.000000000
nuscenes_mini_subset,scene-0103_007,-0.500000000,4,Car,13.171645527,101,101,1.000000000
nuscenes_mini_subset,scene-0103_007,-0.500000000,5,Car,21.900926287,11,11,1.000000000
nuscenes_mini_subset,scene-0103_007,-0.500000000,11,Car,36.323911747,8,7,0.875000000
nuscenes_mini_subset,scene-0103_007,-0.500000000,12,Pedestrian,31.381685847,5,3,0.600000000
nuscenes_mini_subset,scene-0103_007,0.000000000,2,Car,37.767285282,7,7,1.000000000
nuscenes_mini_subset,scene-0103_007,0.000000000,4,Car,13.171645527,101,101,1.000000000
nuscenes_mini_subset,scene-0103_007,0.000000000,5,Car,21.900926287,11,11,1.000000000
nuscenes_mini_subset,scene-0103_007,0.000000000,11,Car,36.323911747,8,8,1.000000000
nuscenes_mini_subset,scene-0103_007,0.000000000,12,Pedestrian,31.381685847,5,5,1.000000000
nuscenes_mini_subset,scene-0103_007,0.500000000,2,Car,37.767285282,7,7,1.000000000
nuscenes_mini_subset,scene-0103_007,0.500000000,4,Car,13.171645527,101,101,1.000000000
nuscenes_mini_subset,scene-0103_007,0.500000000,5,Car,21.900926287,11,11,1.000000000
nuscenes_mini_subset,scene-0103_007,0.500000000,11,Car,36.323911747,8,8,1.000000000
nuscenes_mini_subset,scene-0103_007,0.500000000,12,Pedestrian,31.381685847,5,5,1.000000000
nuscenes_mini_subset,scene-0103_007,1.000000000,2,Car,37.767285282,7,7,1.000000000
nuscenes_mini_subset,scene-0103_007,1.000000000,4,Car,13.171645527,101,100,0.990099010
nuscenes_mini_subset,scene-0103_007,1.000000000,5,Car,21.900926287,11,10,0.909090909
nuscenes_mini_subset,scene-0103_007,1.000000000,11,Car,36.323911747,8,8,1.000000000
nuscenes_mini_subset,scene-0103_007,1.000000000,12,Pedestrian,31.381685847,5,3,0.600000000
nuscenes_mini_subset,scene-0103_007,2.000000000,2,Car,37.767285282,7,6,0.857142857
nuscenes_mini_subset,scene-0103_007,2.000000000,4,Car,13.171645527,101,96,0.950495050
nuscenes_mini_subset,scene-0103_007,2.000000000,5,Car,21.900926287,11,8,0.727272727
nuscenes_mini_subset,scene-0103_007,2.000000000,11,Car,36.323911747,8,5,0.625000000
nuscenes_mini_subset,scene-0103_007,2.000000000,12,Pedestrian,31.381685847,5,0,0.000000000
nuscenes_mini_subset,scene-0103_007,3.000000000,2,Car,37.767285282,7,6,0.857142857
nuscenes_mini_subset,scene-0103_007,3.000000000,4,Car,13.171645527,101,91,0.900990099
nuscenes_mini_subset,scene-0103_007,3.000000000,5,Car,21.900926287,11,8,0.727272727
nuscenes_mini_subset,scene-0103_007,3.000000000,11,Car,36.323911747,8,2,0.250000000
nuscenes_mini_subset,scene-0103_007,3.000000000,12,Pedestrian,31.381685847,5,0,0.000000000
nuscenes_mini_subset,scene-0103_008,-3.000000000,2,Car,33.457740062,5,3,0.600000000
nuscenes_mini_subset,scene-0103_008,-3.000000000,4,Car,5.127855401,1339,107,0.079910381
nuscenes_mini_subset,scene-0103_008,-3.000000000,5,Car,17.807173649,48,44,0.916666667
nuscenes_mini_subset,scene-0103_008,-3.000000000,11,Car,31.913255220,7,1,0.142857143
nuscenes_mini_subset,scene-0103_008,-3.000000000,12,Pedestrian,27.796603724,5,0,0.000000000
nuscenes_mini_subset,scene-0103_008,-2.000000000,2,Car,33.457740062,5,4,0.800000000
nuscenes_mini_subset,scene-0103_008,-2.000000000,4,Car,5.127855401,1339,97,0.072442121
nuscenes_mini_subset,scene-0103_008,-2.000000000,5,Car,17.807173649,48,44,0.916666667
nuscenes_mini_subset,scene-0103_008,-2.000000000,11,Car,31.913255220,7,3,0.428571429
nuscenes_mini_subset,scene-0103_008,-2.000000000,12,Pedestrian,27.796603724,5,0,0.000000000
nuscenes_mini_subset,scene-0103_008,-1.000000000,2,Car,33.457740062,5,5,1.000000000
nuscenes_mini_subset,scene-0103_008,-1.000000000,4,Car,5.127855401,1339,77,0.057505601
nuscenes_mini_subset,scene-0103_008,-1.000000000,5,Car,17.807173649,48,47,0.979166667
nuscenes_mini_subset,scene-0103_008,-1.000000000,11,Car,31.913255220,7,5,0.714285714
nuscenes_mini_subset,scene-0103_008,-1.000000000,12,Pedestrian,27.796603724,5,1,0.200000000
nuscenes_mini_subset,scene-0103_008,-0.500000000,2,Car,33.457740062,5,5,1.000000000
nuscenes_mini_subset,scene-0103_008,-0.500000000,4,Car,5.127855401,1339,69,0.051530993
nuscenes_mini_subset,scene-0103_008,-0.500000000,5,Car,17.807173649,48,48,1.000000000
nuscenes_mini_subset,scene-0103_008,-0.500000000,11,Car,31.913255220,7,6,0.857142857
nuscenes_mini_subset,scene-0103_008,-0.500000000,12,Pedestrian,27.796603724,5,5,1.000000000
nuscenes_mini_subset,scene-0103_008,0.000000000,2,Car,33.457740062,5,5,1.000000000
nuscenes_mini_subset,scene-0103_008,0.000000000,4,Car,5.127855401,1339,61,0.045556385
nuscenes_mini_subset,scene-0103_008,0.000000000,5,Car,17.807173649,48,48,1.000000000
nuscenes_mini_subset,scene-0103_008,0.000000000,11,Car,31.913255220,7,7,1.000000000
nuscenes_mini_subset,scene-0103_008,0.000000000,12,Pedestrian,27.796603724,5,5,1.000000000
nuscenes_mini_subset,scene-0103_008,0.500000000,2,Car,33.457740062,5,5,1.000000000
nuscenes_mini_subset,scene-0103_008,0.500000000,4,Car,5.127855401,1339,52,0.038834951
nuscenes_mini_subset,scene-0103_008,0.500000000,5,Car,17.807173649,48,48,1.000000000
nuscenes_mini_subset,scene-0103_008,0.500000000,11,Car,31.913255220,7,7,1.000000000
nuscenes_mini_subset,scene-0103_008,0.500000000,12,Pedestrian,27.796603724,5,5,1.000000000
nuscenes_mini_subset,scene-0103_008,1.000000000,2,Car,33.457740062,5,5,1.000000000
nuscenes_mini_subset,scene-0103_008,1.000000000,4,Car,5.127855401,1339,42,0.031366692
nuscenes_mini_subset,scene-0103_008,1.000000000,5,Car,17.807173649,48,48,1.000000000
nuscenes_mini_subset,scene-0103_008,1.000000000,11,Car,31.913255220,7,7,1.000000000
nuscenes_mini_subset,scene-0103_008,1.000000000,12,Pedestrian,27.796603724,5,4,0.800000000
nuscenes_mini_subset,scene-0103_008,2.000000000,2,Car,33.457740062,5,4,0.800000000
nuscenes_mini_subset,scene-0103_008,2.000000000,4,Car,5.127855401,1339,26,0.019417476
nuscenes_mini_subset,scene-0103_008,2.000000000,5,Car,17.807173649,48,43,0.895833333
nuscenes_mini_subset,scene-0103_008,2.000000000,11,Car,31.913255220,7,5,0.714285714
nuscenes_mini_subset,scene-0103_008,2.000000000,12,Pedestrian,27.796603724,5,0,0.000000000
nuscenes_mini_subset,scene-0103_008,3.000000000,2,Car,33.457740062,5,2,0.400000000
nuscenes_mini_subset,scene-0103_008,3.000000000,4,Car,5.127855401,1339,9,0.006721434
nuscenes_mini_subset,scene-0103_008,3.000000000,5,Car,17.807173649,48,38,0.791666667
nuscenes_mini_subset,scene-0103_008,3.000000000,11,Car,31.913255220,7,4,0.571428571
nuscenes_mini_subset,scene-0103_008,3.000000000,12,Pedestrian,27.796603724,5,0,0.000000000
nuscenes_mini_subset,scene-0103_009,-3.000000000,2,Car,29.163305856,10,10,1.000000000
nuscenes_mini_subset,scene-0103_009,-3.000000000,4,Car,30.163101185,7,5,0.714285714
nuscenes_mini_subset,scene-0103_009,-3.000000000,5,Car,13.901730994,102,73,0.715686275
nuscenes_mini_subset,scene-0103_009,-3.000000000,11,Car,27.474659143,19,6,0.315789474
nuscenes_mini_subset,scene-0103_009,-3.000000000,12,Pedestrian,24.222510702,9,0,0.000000000
nuscenes_mini_subset,scene-0103_009,-2.000000000,2,Car,29.163305856,10,10,1.000000000
nuscenes_mini_subset,scene-0103_009,-2.000000000,4,Car,30.163101185,7,5,0.714285714
nuscenes_mini_subset,scene-0103_009,-2.000000000,5,Car,13.901730994,102,69,0.676470588
nuscenes_mini_subset,scene-0103_009,-2.000000000,11,Car,27.474659143,19,12,0.631578947
nuscenes_mini_subset,scene-0103_009,-2.000000000,12,Pedestrian,24.222510702,9,0,0.000000000
nuscenes_mini_subset,scene-0103_009,-1.000000000,2,Car,29.163305856,10,10,1.000000000
nuscenes_mini_subset,scene-0103_009,-1.000000000,4,Car,30.163101185,7,7,1.000000000
nuscenes_mini_subset,scene-0103_009,-1.000000000,5,Car,13.901730994,102,66,0.647058824
nuscenes_mini_subset,scene-0103_009,-1.000000000,11,Car,27.474659143,19,17,0.894736842
nuscenes_mini_subset,scene-0103_009,-1.000000000,12,Pedestrian,24.222510702,9,5,0.555555556
nuscenes_mini_subset,scene-0103_009,-0.500000000,2,Car,29.163305856,10,10,1.000000000
nuscenes_mini_subset,scene-0103_009,-0.500000000,4,Car,30.163101185,7,7,1.000000000
nuscenes_mini_subset,scene-0103_009,-0.500000000,5,Car,13.901730994,102,62,0.607843137
nuscenes_mini_subset,scene-0103_009,-0.500000000,11,Car,27.474659143,19,19,1.000000000
nuscenes_mini_subset,scene-0103_009,-0.500000000,12,Pedestrian,24.222510702,9,8,0.888888889
nuscenes_mini_subset,scene-0103_009,0.000000000,2,Car,29.163305856,10,10,1.000000000
nuscenes_mini_subset,scene-0103_009,0.000000000,4,Car,30.163101185,7,7,1.000000000
nuscenes_mini_subset,scene-0103_009,0.000000000,5,Car,13.901730994,102,58,0.568627451
nuscenes_mini_subset,scene-0103_009,0.000000000,11,Car,27.474659143,19,19,1.000000000
nuscenes_mini_subset,scene-0103_009,0.000000000,12,Pedestrian,24.222510702,9,9,1.000000000
nuscenes_mini_subset,scene-0103_009,0.500000000,2,Car,29.163305856,10,10,1.000000000
nuscenes_mini_subset,scene-0103_009,0.500000000,4,Car,30.163101185,7,7,1.000000000
nuscenes_mini_subset,scene-0103_009,0.500000000,5,Car,13.901730994,102,53,0.519607843
nuscenes_mini_subset,scene-0103_009,0.500000000,11,Car,27.474659143,19,19,1.000000000
nuscenes_mini_subset,scene-0103_009,0.500000000,12,Pedestrian,24.222510702,9,9,1.000000000
nuscenes_mini_subset,scene-0103_009,1.000000000,2,Car,29.163305856,10,10,1.000000000
nuscenes_mini_subset,scene-0103_009,1.000000000,4,Car,30.163101185,7,7,1.000000000
nuscenes_mini_subset,scene-0103_009,1.000000000,5,Car,13.901730994,102,49,0.480392157
nuscenes_mini_subset,scene-0103_009,1.000000000,11,Car,27.474659143,19,18,0.947368421
nuscenes_mini_subset,scene-0103_009,1.000000000,12,Pedestrian,24.222510702,9,7,0.777777778
nuscenes_mini_subset,scene-0103_009,2.000000000,2,Car,29.163305856,10,9,0.900000000
nuscenes_mini_subset,scene-0103_009,2.000000000,4,Car,30.163101185,7,6,0.857142857
nuscenes_mini_subset,scene-0103_009,2.000000000,5,Car,13.901730994,102,40,0.392156863
nuscenes_mini_subset,scene-0103_009,2.000000000,11,Car,27.474659143,19,16,0.842105263
nuscenes_mini_subset,scene-0103_009,2.000000000,12,Pedestrian,24.222510702,9,0,0.000000000
nuscenes_mini_subset,scene-0103_009,3.000000000,2,Car,29.163305856,10,9,0.900000000
nuscenes_mini_subset,scene-0103_009,3.000000000,4,Car,30.163101185,7,6,0.857142857
nuscenes_mini_subset,scene-0103_009,3.000000000,5,Car,13.901730994,102,30,0.294117647
nuscenes_mini_subset,scene-0103_009,3.000000000,11,Car,27.474659143,19,11,0.578947368
nuscenes_mini_subset,scene-0103_009,3.000000000,12,Pedestrian,24.222510702,9,0,0.000000000
nuscenes_mini_subset,scene-0103_010,-3.000000000,0,Car,41.571260492,7,0,0.000000000
nuscenes_mini_subset,scene-0103_010,-3.000000000,1,Car,24.969413178,38,35,0.921052632
nuscenes_mini_subset,scene-0103_010,-3.000000000,3,Car,26.515501401,24,18,0.750000000
nuscenes_mini_subset,scene-0103_010,-3.000000000,4,Car,10.574386288,255,4,0.015686275
nuscenes_mini_subset,scene-0103_010,-3.000000000,9,Car,23.113942144,25,12,0.480000000
nuscenes_mini_subset,scene-0103_010,-3.000000000,10,Pedestrian,20.774379060,9,0,0.000000000
nuscenes_mini_subset,scene-0103_010,-2.000000000,0,Car,41.571260492,7,2,0.285714286
nuscenes_mini_subset,scene-0103_010,-2.000000000,1,Car,24.969413178,38,38,1.000000000
nuscenes_mini_subset,scene-0103_010,-2.000000000,3,Car,26.515501401,24,18,0.750000000
nuscenes_mini_subset,scene-0103_010,-2.000000000,4,Car,10.574386288,255,3,0.011764706
nuscenes_mini_subset,scene-0103_010,-2.000000000,9,Car,23.113942144,25,18,0.720000000
nuscenes_mini_subset,scene-0103_010,-2.000000000,10,Pedestrian,20.774379060,9,2,0.222222222
nuscenes_mini_subset,scene-0103_010,-1.000000000,0,Car,41.571260492,7,5,0.714285714
nuscenes_mini_subset,scene-0103_010,-1.000000000,1,Car,24.969413178,38,38,1.000000000
nuscenes_mini_subset,scene-0103_010,-1.000000000,3,Car,26.515501401,24,18,0.750000000
nuscenes_mini_subset,scene-0103_010,-1.000000000,4,Car,10.574386288,255,1,0.003921569
nuscenes_mini_subset,scene-0103_010,-1.000000000,9,Car,23.113942144,25,24,0.960000000
nuscenes_mini_subset,scene-0103_010,-1.000000000,10,Pedestrian,20.774379060,9,8,0.888888889
nuscenes_mini_subset,scene-0103_010,-0.500000000,0,Car,41.571260492,7,7,1.000000000
nuscenes_mini_subset,scene-0103_010,-0.500000000,1,Car,24.969413178,38,38,1.000000000
nuscenes_mini_subset,scene-0103_010,-0.500000000,3,Car,26.515501401,24,17,0.708333333
nuscenes_mini_subset,scene-0103_010,-0.500000000,4,Car,10.574386288,255,0,0.000000000
nuscenes_mini_subset,scene-0103_010,-0.500000000,9,Car,23.113942144,25,25,1.000000000
nuscenes_mini_subset,scene-0103_010,-0.500000000,10,Pedestrian,20.774379060,9,9,1.000000000
nuscenes_mini_subset,scene-0103_010,0.000000000,0,Car,41.571260492,7,7,1.000000000
nuscenes_mini_subset,scene-0103_010,0.000000000,1,Car,24.969413178,38,38,1.000000000
nuscenes_mini_subset,scene-0103_010,0.000000000,3,Car,26.515501401,24,15,0.625000000
nuscenes_mini_subset,scene-0103_010,0.000000000,4,Car,10.574386288,255,0,0.000000000
nuscenes_mini_subset,scene-0103_010,0.000000000,9,Car,23.113942144,25,25,1.000000000
nuscenes_mini_subset,scene-0103_010,0.000000000,10,Pedestrian,20.774379060,9,9,1.000000000
nuscenes_mini_subset,scene-0103_010,0.500000000,0,Car,41.571260492,7,6,0.857142857
nuscenes_mini_subset,scene-0103_010,0.500000000,1,Car,24.969413178,38,38,1.000000000
nuscenes_mini_subset,scene-0103_010,0.500000000,3,Car,26.515501401,24,14,0.583333333
nuscenes_mini_subset,scene-0103_010,0.500000000,4,Car,10.574386288,255,0,0.000000000
nuscenes_mini_subset,scene-0103_010,0.500000000,9,Car,23.113942144,25,25,1.000000000
nuscenes_mini_subset,scene-0103_010,0.500000000,10,Pedestrian,20.774379060,9,8,0.888888889
nuscenes_mini_subset,scene-0103_010,1.000000000,0,Car,41.571260492,7,4,0.571428571
nuscenes_mini_subset,scene-0103_010,1.000000000,1,Car,24.969413178,38,38,1.000000000
nuscenes_mini_subset,scene-0103_010,1.000000000,3,Car,26.515501401,24,12,0.500000000
nuscenes_mini_subset,scene-0103_010,1.000000000,4,Car,10.574386288,255,0,0.000000000
nuscenes_mini_subset,scene-0103_010,1.000000000,9,Car,23.113942144,25,24,0.960000000
nuscenes_mini_subset,scene-0103_010,1.000000000,10,Pedestrian,20.774379060,9,7,0.777777778
nuscenes_mini_subset,scene-0103_010,2.000000000,0,Car,41.571260492,7,1,0.142857143
nuscenes_mini_subset,scene-0103_010,2.000000000,1,Car,24.969413178,38,37,0.973684211
nuscenes_mini_subset,scene-0103_010,2.000000000,3,Car,26.515501401,24,7,0.291666667
nuscenes_mini_subset,scene-0103_010,2.000000000,4,Car,10.574386288,255,0,0.000000000
nuscenes_mini_subset,scene-0103_010,2.000000000,9,Car,23.113942144,25,22,0.880000000
nuscenes_mini_subset,scene-0103_010,2.000000000,10,Pedestrian,20.774379060,9,1,0.111111111
nuscenes_mini_subset,scene-0103_010,3.000000000,0,Car,41.571260492,7,0,0.000000000
nuscenes_mini_subset,scene-0103_010,3.000000000,1,Car,24.969413178,38,34,0.894736842
nuscenes_mini_subset,scene-0103_010,3.000000000,3,Car,26.515501401,24,4,0.166666667
nuscenes_mini_subset,scene-0103_010,3.000000000,4,Car,10.574386288,255,0,0.000000000
nuscenes_mini_subset,scene-0103_010,3.000000000,9,Car,23.113942144,25,19,0.760000000
nuscenes_mini_subset,scene-0103_010,3.000000000,10,Pedestrian,20.774379060,9,0,0.000000000
nuscenes_mini_subset,scene-0103_011,-3.000000000,1,Car,21.222554191,45,40,0.888888889
nuscenes_mini_subset,scene-0103_011,-3.000000000,3,Car,23.315098626,40,6,0.150000000
nuscenes_mini_subset,scene-0103_011,-3.000000000,8,Car,19.298022533,34,22,0.647058824
nuscenes_mini_subset,scene-0103_011,-3.000000000,9,Pedestrian,17.862559045,13,0,0.000000000
nuscenes_mini_subset,scene-0103_011,-2.000000000,1,Car,21.222554191,45,45,1.000000000
nuscenes_mini_subset,scene-0103_011,-2.000000000,3,Car,23.315098626,40,3,0.075000000
nuscenes_mini_subset,scene-0103_011,-2.000000000,8,Car,19.298022533,34,27,0.794117647
nuscenes_mini_subset,scene-0103_011,-2.000000000,9,Pedestrian,17.862559045,13,0,0.000000000
nuscenes_mini_subset,scene-0103_011,-1.000000000,1,Car,21.222554191,45,45,1.000000000
nuscenes_mini_subset,scene-0103_011,-1.000000000,3,Car,23.315098626,40,1,0.025000000
nuscenes_mini_subset,scene-0103_011,-1.000000000,8,Car,19.298022533,34,33,0.970588235
nuscenes_mini_subset,scene-0103_011,-1.000000000,9,Pedestrian,17.862559045,13,4,0.307692308
nuscenes_mini_subset,scene-0103_011,-0.500000000,1,Car,21.222554191,45,45,1.000000000
nuscenes_mini_subset,scene-0103_011,-0.500000000,3,Car,23.315098626,40,1,0.025000000
nuscenes_mini_subset,scene-0103_011,-0.500000000,8,Car,19.298022533,34,34,1.000000000
nuscenes_mini_subset,scene-0103_011,-0.500000000,9,Pedestrian,17.862559045,13,8,0.615384615
nuscenes_mini_subset,scene-0103_011,0.000000000,1,Car,21.222554191,45,45,1.000000000
nuscenes_mini_subset,scene-0103_011,0.000000000,3,Car,23.315098626,40,1,0.025000000
nuscenes_mini_subset,scene-0103_011,0.000000000,8,Car,19.298022533,34,34,1.000000000
nuscenes_mini_subset,scene-0103_011,0.000000000,9,Pedestrian,17.862559045,13,12,0.923076923
nuscenes_mini_subset,scene-0103_011,0.500000000,1,Car,21.222554191,45,45,1.000000000
nuscenes_mini_subset,scene-0103_011,0.500000000,3,Car,23.315098626,40,1,0.025000000
nuscenes_mini_subset,scene-0103_011,0.500000000,8,Car,19.298022533,34,34,1.000000000
nuscenes_mini_subset,scene-0103_011,0.500000000,9,Pedestrian,17.862559045,13,13,1.000000000
nuscenes_mini_subset,scene-0103_011,1.000000000,1,Car,21.222554191,45,45,1.000000000
nuscenes_mini_subset,scene-0103_011,1.000000000,3,Car,23.315098626,40,0,0.000000000
nuscenes_mini_subset,scene-0103_011,1.000000000,8,Car,19.298022533,34,34,1.000000000
nuscenes_mini_subset,scene-0103_011,1.000000000,9,Pedestrian,17.862559045,13,9,0.692307692
nuscenes_mini_subset,scene-0103_011,2.000000000,1,Car,21.222554191,45,45,1.000000000
nuscenes_mini_subset,scene-0103_011,2.000000000,3,Car,23.315098626,40,0,0.000000000
nuscenes_mini_subset,scene-0103_011,2.000000000,8,Car,19.298022533,34,30,0.882352941
nuscenes_mini_subset,scene-0103_011,2.000000000,9,Pedestrian,17.862559045,13,2,0.153846154
nuscenes_mini_subset,scene-0103_011,3.000000000,1,Car,21.222554191,45,42,0.933333333
nuscenes_mini_subset,scene-0103_011,3.000000000,3,Car,23.315098626,40,0,0.000000000
nuscenes_mini_subset,scene-0103_011,3.000000000,8,Car,19.298022533,34,24,0.705882353
nuscenes_mini_subset,scene-0103_011,3.000000000,9,Pedestrian,17.862559045,13,0,0.000000000
nuscenes_mini_subset,scene-0103_012,-3.000000000,0,Car,18.196783098,47,38,0.808510638
nuscenes_mini_subset,scene-0103_012,-3.000000000,7,Car,16.152064964,61,49,0.803278689
nuscenes_mini_subset,scene-0103_012,-3.000000000,10,Car,27.073375412,11,4,0.363636364
nuscenes_mini_subset,scene-0103_012,-3.000000000,12,Pedestrian,23.265262707,6,0,0.000000000
nuscenes_mini_subset,scene-0103_012,-2.000000000,0,Car,18.196783098,47,43,0.914893617
nuscenes_mini_subset,scene-0103_012,-2.000000000,7,Car,16.152064964,61,55,0.901639344
nuscenes_mini_subset,scene-0103_012,-2.000000000,10,Car,27.073375412,11,7,0.636363636
nuscenes_mini_subset,scene-0103_012,-2.000000000,12,Pedestrian,23.265262707,6,0,0.000000000
nuscenes_mini_subset,scene-0103_012,-1.000000000,0,Car,18.196783098,47,47,1.000000000
nuscenes_mini_subset,scene-0103_012,-1.000000000,7,Car,16.152064964,61,61,1.000000000
nuscenes_mini_subset,scene-0103_012,-1.000000000,10,Car,27.073375412,11,11,1.000000000
nuscenes_mini_subset,scene-0103_012,-1.000000000,12,Pedestrian,23.265262707,6,2,0.333333333
nuscenes_mini_subset,scene-0103_012,-0.500000000,0,Car,18.196783098,47,47,1.000000000
nuscenes_mini_subset,scene-0103_012,-0.500000000,7,Car,16.152064964,61,61,1.000000000
nuscenes_mini_subset,scene-0103_012,-0.500000000,10,Car,27.073375412,11,11,1.000000000
nuscenes_mini_subset,scene-0103_012,-0.500000000,12,Pedestrian,23.265262707,6,3,0.500000000
nuscenes_mini_subset,scene-0103_012,0.000000000,0,Car,18.196783098,47,47,1.000000000
nuscenes_mini_subset,scene-0103_012,0.000000000,7,Car,16.152064964,61,61,1.000000000
nuscenes_mini_subset,scene-0103_012,0.000000000,10,Car,27.073375412,11,11,1.000000000
nuscenes_mini_subset,scene-0103_012,0.000000000,12,Pedestrian,23.265262707,6,6,1.000000000
nuscenes_mini_subset,scene-0103_012,0.500000000,0,Car,18.196783098,47,47,1.000000000
nuscenes_mini_subset,scene-0103_012,0.500000000,7,Car,16.152064964,61,61,1.000000000
nuscenes_mini_subset,scene-0103_012,0.500000000,10,Car,27.073375412,11,11,1.000000000
nuscenes_mini_subset,scene-0103_012,0.500000000,12,Pedestrian,23.265262707,6,6,1.000000000
nuscenes_mini_subset,scene-0103_012,1.000000000,0,Car,18.196783098,47,47,1.000000000
nuscenes_mini_subset,scene-0103_012,1.000000000,7,Car,16.152064964,61,60,0.983606557
nuscenes_mini_subset,scene-0103_012,1.000000000,10,Car,27.073375412,11,9,0.818181818
nuscenes_mini_subset,scene-0103_012,1.000000000,12,Pedestrian,23.265262707,6,6,1.000000000
nuscenes_mini_subset,scene-0103_012,2.000000000,0,Car,18.196783098,47,47,1.000000000
nuscenes_mini_subset,scene-0103_012,2.000000000,7,Car,16.152064964,61,54,0.885245902
nuscenes_mini_subset,scene-0103_012,2.000000000,10,Car,27.073375412,11,8,0.727272727
nuscenes_mini_subset,scene-0103_012,2.000000000,12,Pedestrian,23.265262707,6,0,0.000000000
nuscenes_mini_subset,scene-0103_012,3.000000000,0,Car,18.196783098,47,45,0.957446809
nuscenes_mini_subset,scene-0103_012,3.000000000,7,Car,16.152064964,61,48,0.786885246
nuscenes_mini_subset,scene-0103_012,3.000000000,10,Car,27.073375412,11,5,0.454545455
nuscenes_mini_subset,scene-0103_012,3.000000000,12,Pedestrian,23.265262707,6,0,0.000000000
nuscenes_mini_subset,scene-0103_013,-3.000000000,1,Car,16.295987369,71,69,0.971830986
nuscenes_mini_subset,scene-0103_013,-3.000000000,8,Car,14.166509184,89,73,0.820224719
nuscenes_mini_subset,scene-0103_013,-3.000000000,12,Car,24.990529884,16,9,0.562500000
nuscenes_mini_subset,scene-0103_013,-3.000000000,14,Pedestrian,20.679394212,6,0,0.000000000
nuscenes_mini_subset,scene-0103_013,-2.000000000,1,Car,16.295987369,71,71,1.000000000
nuscenes_mini_subset,scene-0103_013,-2.000000000,8,Car,14.166509184,89,82,0.921348315
nuscenes_mini_subset,scene-0103_013,-2.000000000,12,Car,24.990529884,16,11,0.687500000
nuscenes_mini_subset,scene-0103_013,-2.000000000,14,Pedestrian,20.679394212,6,0,0.000000000
nuscenes_mini_subset,scene-0103_013,-1.000000000,1,Car,16.295987369,71,71,1.000000000
nuscenes_mini_subset,scene-0103_013,-1.000000000,8,Car,14.166509184,89,89,1.000000000
nuscenes_mini_subset,scene-0103_013,-1.000000000,12,Car,24.990529884,16,15,0.937500000
nuscenes_mini_subset,scene-0103_013,-1.000000000,14,Pedestrian,20.679394212,6,3,0.500000000
nuscenes_mini_subset,scene-0103_013,-0.500000000,1,Car,16.295987369,71,71,1.000000000
nuscenes_mini_subset,scene-0103_013,-0.500000000,8,Car,14.166509184,89,89,1.000000000
nuscenes_mini_subset,scene-0103_013,-0.500000000,12,Car,24.990529884,16,15,0.937500000
nuscenes_mini_subset,scene-0103_013,-0.500000000,14,Pedestrian,20.679394212,6,5,0.833333333
nuscenes_mini_subset,scene-0103_013,0.000000000,1,Car,16.295987369,71,71,1.000000000
nuscenes_mini_subset,scene-0103_013,0.000000000,8,Car,14.166509184,89,89,1.000000000
nuscenes_mini_subset,scene-0103_013,0.000000000,12,Car,24.990529884,16,16,1.000000000
nuscenes_mini_subset,scene-0103_013,0.000000000,14,Pedestrian,20.679394212,6,6,1.000000000
nuscenes_mini_subset,scene-0103_013,0.500000000,1,Car,16.295987369,71,71,1.000000000
nuscenes_mini_subset,scene-0103_013,0.500000000,8,Car,14.166509184,89,89,1.000000000
nuscenes_mini_subset,scene-0103_013,0.500000000,12,Car,24.990529884,16,16,1.000000000
nuscenes_mini_subset,scene-0103_013,0.500000000,14,Pedestrian,20.679394212,6,6,1.000000000
nuscenes_mini_subset,scene-0103_013,1.000000000,1,Car,16.295987369,71,71,1.000000000
nuscenes_mini_subset,scene-0103_013,1.000000000,8,Car,14.166509184,89,89,1.000000000
nuscenes_mini_subset,scene-0103_013,1.000000000,12,Car,24.990529884,16,15,0.937500000
nuscenes_mini_subset,scene-0103_013,1.000000000,14,Pedestrian,20.679394212,6,6,1.000000000
nuscenes_mini_subset,scene-0103_013,2.000000000,1,Car,16.295987369,71,70,0.985915493
nuscenes_mini_subset,scene-0103_013,2.000000000,8,Car,14.166509184,89,85,0.955056180
nuscenes_mini_subset,scene-0103_013,2.000000000,12,Car,24.990529884,16,12,0.750000000
nuscenes_mini_subset,scene-0103_013,2.000000000,14,Pedestrian,20.679394212,6,1,0.166666667
nuscenes_mini_subset,scene-0103_013,3.000000000,1,Car,16.295987369,71,68,0.957746479
nuscenes_mini_subset,scene-0103_013,3.000000000,8,Car,14.166509184,89,79,0.887640449
nuscenes_mini_subset,scene-0103_013,3.000000000,12,Car,24.990529884,16,8,0.500000000
nuscenes_mini_subset,scene-0103_013,3.000000000,14,Pedestrian,20.679394212,6,0,0.000000000
nuscenes_mini_subset,scene-0103_014,-3.000000000,1,Car,14.438652970,130,129,0.992307692
nuscenes_mini_subset,scene-0103_014,-3.000000000,9,Car,12.266706909,131,118,0.900763359
nuscenes_mini_subset,scene-0103_014,-3.000000000,13,Car,22.971551906,26,17,0.653846154
nuscenes_mini_subset,scene-0103_014,-3.000000000,15,Pedestrian,18.210685632,5,0,0.000000000
nuscenes_mini_subset,scene-0103_014,-2.000000000,1,Car,14.438652970,130,130,1.000000000
nuscenes_mini_subset,scene-0103_014,-2.000000000,9,Car,12.266706909,131,128,0.977099237
nuscenes_mini_subset,scene-0103_014,-2.000000000,13,Car,22.971551906,26,22,0.846153846
nuscenes_mini_subset,scene-0103_014,-2.000000000,15,Pedestrian,18.210685632,5,1,0.200000000
nuscenes_mini_subset,scene-0103_014,-1.000000000,1,Car,14.438652970,130,130,1.000000000
nuscenes_mini_subset,scene-0103_014,-1.000000000,9,Car,12.266706909,131,131,1.000000000
nuscenes_mini_subset,scene-0103_014,-1.000000000,13,Car,22.971551906,26,25,0.961538462
nuscenes_mini_subset,scene-0103_014,-1.000000000,15,Pedestrian,18.210685632,5,5,1.000000000
nuscenes_mini_subset,scene-0103_014,-0.500000000,1,Car,14.438652970,130,130,1.000000000
nuscenes_mini_subset,scene-0103_014,-0.500000000,9,Car,12.266706909,131,131,1.000000000
nuscenes_mini_subset,scene-0103_014,-0.500000000,13,Car,22.971551906,26,26,1.000000000
nuscenes_mini_subset,scene-0103_014,-0.500000000,15,Pedestrian,18.210685632,5,5,1.000000000
nuscenes_mini_subset,scene-0103_014,0.000000000,1,Car,14.438652970,130,130,1.000000000
nuscenes_mini_subset,scene-0103_014,0.000000000,9,Car,12.266706909,131,131,1.000000000
nuscenes_mini_subset,scene-0103_014,0.000000000,13,Car,22.971551906,26,26,1.000000000
nuscenes_mini_subset,scene-0103_014,0.000000000,15,Pedestrian,18.210685632,5,5,1.000000000
nuscenes_mini_subset,scene-0103_014,0.500000000,1,Car,14.438652970,130,130,1.000000000
nuscenes_mini_subset,scene-0103_014,0.500000000,9,Car,12.266706909,131,131,1.000000000
nuscenes_mini_subset,scene-0103_014,0.500000000,13,Car,22.971551906,26,26,1.000000000
nuscenes_mini_subset,scene-0103_014,0.500000000,15,Pedestrian,18.210685632,5,5,1.000000000
nuscenes_mini_subset,scene-0103_014,1.000000000,1,Car,14.438652970,130,128,0.984615385
nuscenes_mini_subset,scene-0103_014,1.000000000,9,Car,12.266706909,131,130,0.992366412
nuscenes_mini_subset,scene-0103_014,1.000000000,13,Car,22.971551906,26,24,0.923076923
nuscenes_mini_subset,scene-0103_014,1.000000000,15,Pedestrian,18.210685632,5,4,0.800000000
nuscenes_mini_subset,scene-0103_014,2.000000000,1,Car,14.438652970,130,124,0.953846154
nuscenes_mini_subset,scene-0103_014,2.000000000,9,Car,12.266706909,131,125,0.954198473
nuscenes_mini_subset,scene-0103_014,2.000000000,13,Car,22.971551906,26,18,0.692307692
nuscenes_mini_subset,scene-0103_014,2.000000000,15,Pedestrian,18.210685632,5,0,0.000000000
nuscenes_mini_subset,scene-0103_014,3.000000000,1,Car,14.438652970,130,121,0.930769231
nuscenes_mini_subset,scene-0103_014,3.000000000,9,Car,12.266706909,131,119,0.908396947
nuscenes_mini_subset,scene-0103_014,3.000000000,13,Car,22.971551906,26,12,0.461538462
nuscenes_mini_subset,scene-0103_014,3.000000000,15,Pedestrian,18.210685632,5,0,0.000000000
nuscenes_mini_subset,scene-0103_015,-3.000000000,1,Car,13.172637880,157,152,0.968152866
nuscenes_mini_subset,scene-0103_015,-3.000000000,3,Pedestrian,22.085273839,5,0,0.000000000
nuscenes_mini_subset,scene-0103_015,-3.000000000,4,Pedestrian,22.239793424,8,0,0.000000000
nuscenes_mini_subset,scene-0103_015,-3.000000000,6,Car,41.923512296,6,0,0.000000000
nuscenes_mini_subset,scene-0103_015,-3.000000000,9,Car,10.915026008,188,119,0.632978723
nuscenes_mini_subset,scene-0103_015,-3.000000000,14,Car,21.559816712,23,12,0.521739130
nuscenes_mini_subset,scene-0103_015,-3.000000000,16,Pedestrian,16.264323713,9,0,0.000000000
nuscenes_mini_subset,scene-0103_015,-2.000000000,1,Car,13.172637880,157,155,0.987261146
nuscenes_mini_subset,scene-0103_015,-2.000000000,3,Pedestrian,22.085273839,5,0,0.000000000
nuscenes_mini_subset,scene-0103_015,-2.000000000,4,Pedestrian,22.239793424,8,0,0.000000000
nuscenes_mini_subset,scene-0103_015,-2.000000000,6,Car,41.923512296,6,0,0.000000000
nuscenes_mini_subset,scene-0103_015,-2.000000000,9,Car,10.915026008,188,137,0.728723404
nuscenes_mini_subset,scene-0103_015,-2.000000000,14,Car,21.559816712,23,19,0.826086957
nuscenes_mini_subset,scene-0103_015,-2.000000000,16,Pedestrian,16.264323713,9,0,0.000000000
nuscenes_mini_subset,scene-0103_015,-1.000000000,1,Car,13.172637880,157,157,1.000000000
nuscenes_mini_subset,scene-0103_015,-1.000000000,3,Pedestrian,22.085273839,5,3,0.600000000
nuscenes_mini_subset,scene-0103_015,-1.000000000,4,Pedestrian,22.239793424,8,2,0.250000000
nuscenes_mini_subset,scene-0103_015,-1.000000000,6,Car,41.923512296,6,3,0.500000000
nuscenes_mini_subset,scene-0103_015,-1.000000000,9,Car,10.915026008,188,148,0.787234043
nuscenes_mini_subset,scene-0103_015,-1.000000000,14,Car,21.559816712,23,22,0.956521739
nuscenes_mini_subset,scene-0103_015,-1.000000000,16,Pedestrian,16.264323713,9,0,0.000000000
nuscenes_mini_subset,scene-0103_015,-0.500000000,1,Car,13.172637880,157,157,1.000000000
nuscenes_mini_subset,scene-0103_015,-0.500000000,3,Pedestrian,22.085273839,5,5,1.000000000
nuscenes_mini_subset,scene-0103_015,-0.500000000,4,Pedestrian,22.239793424,8,6,0.750000000
nuscenes_mini_subset,scene-0103_015,-0.500000000,6,Car,41.923512296,6,5,0.833333333
nuscenes_mini_subset,scene-0103_015,-0.500000000,9,Car,10.915026008,188,154,0.819148936
nuscenes_mini_subset,scene-0103_015,-0.500000000,14,Car,21.559816712,23,23,1.000000000
nuscenes_mini_subset,scene-0103_015,-0.500000000,16,Pedestrian,16.264323713,9,0,0.000000000
nuscenes_mini_subset,scene-0103_015,0.000000000,1,Car,13.172637880,157,157,1.000000000
nuscenes_mini_subset,scene-0103_015,0.000000000,3,Pedestrian,22.085273839,5,4,0.800000000
nuscenes_mini_subset,scene-0103_015,0.000000000,4,Pedestrian,22.239793424,8,8,1.000000000
nuscenes_mini_subset,scene-0103_015,0.000000000,6,Car,41.923512296,6,6,1.000000000
nuscenes_mini_subset,scene-0103_015,0.000000000,9,Car,10.915026008,188,162,0.861702128
nuscenes_mini_subset,scene-0103_015,0.000000000,14,Car,21.559816712,23,23,1.000000000
nuscenes_mini_subset,scene-0103_015,0.000000000,16,Pedestrian,16.264323713,9,4,0.444444444
nuscenes_mini_subset,scene-0103_015,0.500000000,1,Car,13.172637880,157,157,1.000000000
nuscenes_mini_subset,scene-0103_015,0.500000000,3,Pedestrian,22.085273839,5,2,0.400000000
nuscenes_mini_subset,scene-0103_015,0.500000000,4,Pedestrian,22.239793424,8,8,1.000000000
nuscenes_mini_subset,scene-0103_015,0.500000000,6,Car,41.923512296,6,6,1.000000000
nuscenes_mini_subset,scene-0103_015,0.500000000,9,Car,10.915026008,188,166,0.882978723
nuscenes_mini_subset,scene-0103_015,0.500000000,14,Car,21.559816712,23,23,1.000000000
nuscenes_mini_subset,scene-0103_015,0.500000000,16,Pedestrian,16.264323713,9,7,0.777777778
nuscenes_mini_subset,scene-0103_015,1.000000000,1,Car,13.172637880,157,157,1.000000000
nuscenes_mini_subset,scene-0103_015,1.000000000,3,Pedestrian,22.085273839,5,0,0.000000000
nuscenes_mini_subset,scene-0103_015,1.000000000,4,Pedestrian,22.239793424,8,6,0.750000000
nuscenes_mini_subset,scene-0103_015,1.000000000,6,Car,41.923512296,6,4,0.666666667
nuscenes_mini_subset,scene-0103_015,1.000000000,9,Car,10.915026008,188,174,0.925531915
nuscenes_mini_subset,scene-0103_015,1.000000000,14,Car,21.559816712,23,23,1.000000000
nuscenes_mini_subset,scene-0103_015,1.000000000,16,Pedestrian,16.264323713,9,8,0.888888889
nuscenes_mini_subset,scene-0103_015,2.000000000,1,Car,13.172637880,157,154,0.980891720
nuscenes_mini_subset,scene-0103_015,2.000000000,3,Pedestrian,22.085273839,5,0,0.000000000
nuscenes_mini_subset,scene-0103_015,2.000000000,4,Pedestrian,22.239793424,8,0,0.000000000
nuscenes_mini_subset,scene-0103_015,2.000000000,6,Car,41.923512296,6,1,0.166666667
nuscenes_mini_subset,scene-0103_015,2.000000000,9,Car,10.915026008,188,178,0.946808511
nuscenes_mini_subset,scene-0103_015,2.000000000,14,Car,21.559816712,23,20,0.869565217
nuscenes_mini_subset,scene-0103_015,2.000000000,16,Pedestrian,16.264323713,9,1,0.111111111
nuscenes_mini_subset,scene-0103_015,3.000000000,1,Car,13.172637880,157,149,0.949044586
nuscenes_mini_subset,scene-0103_015,3.000000000,3,Pedestrian,22.085273839,5,0,0.000000000
nuscenes_mini_subset,scene-0103_015,3.000000000,4,Pedestrian,22.239793424,8,0,0.000000000
nuscenes_mini_subset,scene-0103_015,3.000000000,6,Car,41.923512296,6,0,0.000000000
nuscenes_mini_subset,scene-0103_015,3.000000000,9,Car,10.915026008,188,176,0.936170213
nuscenes_mini_subset,scene-0103_015,3.000000000,14,Car,21.559816712,23,17,0.739130435
nuscenes_mini_subset,scene-0103_015,3.000000000,16,Pedestrian,16.264323713,9,0,0.000000000
nuscenes_mini_subset,scene-0103_016,-3.000000000,1,Car,12.774255961,146,146,1.000000000
nuscenes_mini_subset,scene-0103_016,-3.000000000,3,Pedestrian,21.068213404,8,0,0.000000000
nuscenes_mini_subset,scene-0103_016,-3.000000000,9,Car,10.032214460,243,120,0.493827160
nuscenes_mini_subset,scene-0103_016,-3.000000000,12,Truck,57.282758650,7,1,0.142857143
nuscenes_mini_subset,scene-0103_016,-3.000000000,14,Car,20.596625945,5,2,0.400000000
nuscenes_mini_subset,scene-0103_016,-2.000000000,1,Car,12.774255961,146,146,1.000000000
nuscenes_mini_subset,scene-0103_016,-2.000000000,3,Pedestrian,21.068213404,8,0,0.000000000
nuscenes_mini_subset,scene-0103_016,-2.000000000,9,Car,10.032214460,243,132,0.543209877
nuscenes_mini_subset,scene-0103_016,-2.000000000,12,Truck,57.282758650,7,4,0.571428571
nuscenes_mini_subset,scene-0103_016,-2.000000000,14,Car,20.596625945,5,3,0.600000000
nuscenes_mini_subset,scene-0103_016,-1.000000000,1,Car,12.774255961,146,146,1.000000000
nuscenes_mini_subset,scene-0103_016,-1.000000000,3,Pedestrian,21.068213404,8,4,0.500000000
nuscenes_mini_subset,scene-0103_016,-1.000000000,9,Car,10.032214460,243,146,0.600823045
nuscenes_mini_subset,scene-0103_016,-1.000000000,12,Truck,57.282758650,7,6,0.857142857
nuscenes_mini_subset,scene-0103_016,-1.000000000,14,Car,20.596625945,5,5,1.000000000
nuscenes_mini_subset,scene-0103_016,-0.500000000,1,Car,12.774255961,146,146,1.000000000
nuscenes_mini_subset,scene-0103_016,-0.500000000,3,Pedestrian,21.068213404,8,7,0.875000000
nuscenes_mini_subset,scene-0103_016,-0.500000000,9,Car,10.032214460,243,153,0.629629630
nuscenes_mini_subset,scene-0103_016,-0.500000000,12,Truck,57.282758650,7,7,1.000000000
nuscenes_mini_subset,scene-0103_016,-0.500000000,14,Car,20.596625945,5,5,1.000000000
nuscenes_mini_subset,scene-0103_016,0.000000000,1,Car,12.774255961,146,146,1.000000000
nuscenes_mini_subset,scene-0103_016,0.000000000,3,Pedestrian,21.068213404,8,4,0.500000000
nuscenes_mini_subset,scene-0103_016,0.000000000,9,Car,10.032214460,243,160,0.658436214
nuscenes_mini_subset,scene-0103_016,0.000000000,12,Truck,57.282758650,7,7,1.000000000
nuscenes_mini_subset,scene-0103_016,0.000000000,14,Car,20.596625945,5,5,1.000000000
nuscenes_mini_subset,scene-0103_016,0.500000000,1,Car,12.774255961,146,145,0.993150685
nuscenes_mini_subset,scene-0103_016,0.500000000,3,Pedestrian,21.068213404,8,2,0.250000000
nuscenes_mini_subset,scene-0103_016,0.500000000,9,Car,10.032214460,243,168,0.691358025
nuscenes_mini_subset,scene-0103_016,0.500000000,12,Truck,57.282758650,7,6,0.857142857
nuscenes_mini_subset,scene-0103_016,0.500000000,14,Car,20.596625945,5,5,1.000000000
nuscenes_mini_subset,scene-0103_016,1.000000000,1,Car,12.774255961,146,144,0.986301370
nuscenes_mini_subset,scene-0103_016,1.000000000,3,Pedestrian,21.068213404,8,0,0.000000000
nuscenes_mini_subset,scene-0103_016,1.000000000,9,Car,10.032214460,243,177,0.728395062
nuscenes_mini_subset,scene-0103_016,1.000000000,12,Truck,57.282758650,7,5,0.714285714
nuscenes_mini_subset,scene-0103_016,1.000000000,14,Car,20.596625945,5,5,1.000000000
nuscenes_mini_subset,scene-0103_016,2.000000000,1,Car,12.774255961,146,140,0.958904110
nuscenes_mini_subset,scene-0103_016,2.000000000,3,Pedestrian,21.068213404,8,0,0.000000000
nuscenes_mini_subset,scene-0103_016,2.000000000,9,Car,10.032214460,243,186,0.765432099
nuscenes_mini_subset,scene-0103_016,2.000000000,12,Truck,57.282758650,7,2,0.285714286
nuscenes_mini_subset,scene-0103_016,2.000000000,14,Car,20.596625945,5,4,0.800000000
nuscenes_mini_subset,scene-0103_016,3.000000000,1,Car,12.774255961,146,134,0.917808219
nuscenes_mini_subset,scene-0103_016,3.000000000,3,Pedestrian,21.068213404,8,0,0.000000000
nuscenes_mini_subset,scene-0103_016,3.000000000,9,Car,10.032214460,243,193,0.794238683
nuscenes_mini_subset,scene-0103_016,3.000000000,12,Truck,57.282758650,7,0,0.000000000
nuscenes_mini_subset,scene-0103_016,3.000000000,14,Car,20.596625945,5,4,0.800000000
nuscenes_mini_subset,scene-0103_017,-3.000000000,2,Car,12.990817519,113,113,1.000000000
nuscenes_mini_subset,scene-0103_017,-3.000000000,7,Car,40.262775239,6,0,0.000000000
nuscenes_mini_subset,scene-0103_017,-3.000000000,9,Car,23.892978392,27,26,0.962962963
nuscenes_mini_subset,scene-0103_017,-3.000000000,12,Car,9.328000350,279,86,0.308243728
nuscenes_mini_subset,scene-0103_017,-3.000000000,15,Truck,56.546854195,9,1,0.111111111
nuscenes_mini_subset,scene-0103_017,-3.000000000,16,Car,29.031060290,9,3,0.333333333
nuscenes_mini_subset,scene-0103_017,-2.000000000,2,Car,12.990817519,113,113,1.000000000
nuscenes_mini_subset,scene-0103_017,-2.000000000,7,Car,40.262775239,6,1,0.166666667
nuscenes_mini_subset,scene-0103_017,-2.000000000,9,Car,23.892978392,27,27,1.000000000
nuscenes_mini_subset,scene-0103_017,-2.000000000,12,Car,9.328000350,279,103,0.369175627
nuscenes_mini_subset,scene-0103_017,-2.000000000,15,Truck,56.546854195,9,3,0.333333333
nuscenes_mini_subset,scene-0103_017,-2.000000000,16,Car,29.031060290,9,5,0.555555556
nuscenes_mini_subset,scene-0103_017,-1.000000000,2,Car,12.990817519,113,113,1.000000000
nuscenes_mini_subset,scene-0103_017,-1.000000000,7,Car,40.262775239,6,4,0.666666667
nuscenes_mini_subset,scene-0103_017,-1.000000000,9,Car,23.892978392,27,27,1.000000000
nuscenes_mini_subset,scene-0103_017,-1.000000000,12,Car,9.328000350,279,123,0.440860215
nuscenes_mini_subset,scene-0103_017,-1.000000000,15,Truck,56.546854195,9,8,0.888888889
nuscenes_mini_subset,scene-0103_017,-1.000000000,16,Car,29.031060290,9,8,0.888888889
nuscenes_mini_subset,scene-0103_017,-0.500000000,2,Car,12.990817519,113,113,1.000000000
nuscenes_mini_subset,scene-0103_017,-0.500000000,7,Car,40.262775239,6,5,0.833333333
nuscenes_mini_subset,scene-0103_017,-0.500000000,9,Car,23.892978392,27,27,1.000000000
nuscenes_mini_subset,scene-0103_017,-0.500000000,12,Car,9.328000350,279,129,0.462365591
nuscenes_mini_subset,scene-0103_017,-0.500000000,15,Truck,56.546854195,9,9,1.000000000
nuscenes_mini_subset,scene-0103_017,-0.500000000,16,Car,29.031060290,9,9,1.000000000
nuscenes_mini_subset,scene-0103_017,0.000000000,2,Car,12.990817519,113,113,1.000000000
nuscenes_mini_subset,scene-0103_017,0.000000000,7,Car,40.262775239,6,6,1.000000000
nuscenes_mini_subset,scene-0103_017,0.000000000,9,Car,23.892978392,27,27,1.000000000
nuscenes_mini_subset,scene-0103_017,0.000000000,12,Car,9.328000350,279,140,0.501792115
nuscenes_mini_subset,scene-0103_017,0.000000000,15,Truck,56.546854195,9,9,1.000000000
nuscenes_mini_subset,scene-0103_017,0.000000000,16,Car,29.031060290,9,9,1.000000000
nuscenes_mini_subset,scene-0103_017,0.500000000,2,Car,12.990817519,113,113,1.000000000
nuscenes_mini_subset,scene-0103_017,0.500000000,7,Car,40.262775239,6,6,1.000000000
nuscenes_mini_subset,scene-0103_017,0.500000000,9,Car,23.892978392,27,27,1.000000000
nuscenes_mini_subset,scene-0103_017,0.500000000,12,Car,9.328000350,279,148,0.530465950
nuscenes_mini_subset,scene-0103_017,0.500000000,15,Truck,56.546854195,9,8,0.888888889
nuscenes_mini_subset,scene-0103_017,0.500000000,16,Car,29.031060290,9,9,1.000000000
nuscenes_mini_subset,scene-0103_017,1.000000000,2,Car,12.990817519,113,113,1.000000000
nuscenes_mini_subset,scene-0103_017,1.000000000,7,Car,40.262775239,6,4,0.666666667
nuscenes_mini_subset,scene-0103_017,1.000000000,9,Car,23.892978392,27,26,0.962962963
nuscenes_mini_subset,scene-0103_017,1.000000000,12,Car,9.328000350,279,154,0.551971326
nuscenes_mini_subset,scene-0103_017,1.000000000,15,Truck,56.546854195,9,7,0.777777778
nuscenes_mini_subset,scene-0103_017,1.000000000,16,Car,29.031060290,9,7,0.777777778
nuscenes_mini_subset,scene-0103_017,2.000000000,2,Car,12.990817519,113,110,0.973451327
nuscenes_mini_subset,scene-0103_017,2.000000000,7,Car,40.262775239,6,1,0.166666667
nuscenes_mini_subset,scene-0103_017,2.000000000,9,Car,23.892978392,27,21,0.777777778
nuscenes_mini_subset,scene-0103_017,2.000000000,12,Car,9.328000350,279,163,0.584229391
nuscenes_mini_subset,scene-0103_017,2.000000000,15,Truck,56.546854195,9,4,0.444444444
nuscenes_mini_subset,scene-0103_017,2.000000000,16,Car,29.031060290,9,7,0.777777778
nuscenes_mini_subset,scene-0103_017,3.000000000,2,Car,12.990817519,113,108,0.955752212
nuscenes_mini_subset,scene-0103_017,3.000000000,7,Car,40.262775239,6,0,0.000000000
nuscenes_mini_subset,scene-0103_017,3.000000000,9,Car,23.892978392,27,15,0.555555556
nuscenes_mini_subset,scene-0103_017,3.000000000,12,Car,9.328000350,279,176,0.630824373
nuscenes_mini_subset,scene-0103_017,3.000000000,15,Truck,56.546854195,9,0,0.000000000
nuscenes_mini_subset,scene-0103_017,3.000000000,16,Car,29.031060290,9,6,0.666666667
nuscenes_mini_subset,scene-0103_018,-3.000000000,2,Car,13.478252648,102,99,0.970588235
nuscenes_mini_subset,scene-0103_018,-3.000000000,9,Car,23.026375971,38,24,0.631578947
nuscenes_mini_subset,scene-0103_018,-3.000000000,12,Car,8.573759132,432,81,0.187500000
nuscenes_mini_subset,scene-0103_018,-3.000000000,16,Truck,55.719526768,5,1,0.200000000
nuscenes_mini_subset,scene-0103_018,-3.000000000,17,Car,28.106091031,7,3,0.428571429
nuscenes_mini_subset,scene-0103_018,-3.000000000,18,Car,18.026968046,32,32,1.000000000
nuscenes_mini_subset,scene-0103_018,-2.000000000,2,Car,13.478252648,102,102,1.000000000
nuscenes_mini_subset,scene-0103_018,-2.000000000,9,Car,23.026375971,38,30,0.789473684
nuscenes_mini_subset,scene-0103_018,-2.000000000,12,Car,8.573759132,432,101,0.233796296
nuscenes_mini_subset,scene-0103_018,-2.000000000,16,Truck,55.719526768,5,2,0.400000000
nuscenes_mini_subset,scene-0103_018,-2.000000000,17,Car,28.106091031,7,4,0.571428571
nuscenes_mini_subset,scene-0103_018,-2.000000000,18,Car,18.026968046,32,32,1.000000000
nuscenes_mini_subset,scene-0103_018,-1.000000000,2,Car,13.478252648,102,102,1.000000000
nuscenes_mini_subset,scene-0103_018,-1.000000000,9,Car,23.026375971,38,37,0.973684211
nuscenes_mini_subset,scene-0103_018,-1.000000000,12,Car,8.573759132,432,121,0.280092593
nuscenes_mini_subset,scene-0103_018,-1.000000000,16,Truck,55.719526768,5,4,0.800000000
nuscenes_mini_subset,scene-0103_018,-1.000000000,17,Car,28.106091031,7,7,1.000000000
nuscenes_mini_subset,scene-0103_018,-1.000000000,18,Car,18.026968046,32,32,1.000000000
nuscenes_mini_subset,scene-0103_018,-0.500000000,2,Car,13.478252648,102,102,1.000000000
nuscenes_mini_subset,scene-0103_018,-0.500000000,9,Car,23.026375971,38,38,1.000000000
nuscenes_mini_subset,scene-0103_018,-0.500000000,12,Car,8.573759132,432,130,0.300925926
nuscenes_mini_subset,scene-0103_018,-0.500000000,16,Truck,55.719526768,5,5,1.000000000
nuscenes_mini_subset,scene-0103_018,-0.500000000,17,Car,28.106091031,7,7,1.000000000
nuscenes_mini_subset,scene-0103_018,-0.500000000,18,Car,18.026968046,32,32,1.000000000
nuscenes_mini_subset,scene-0103_018,0.000000000,2,Car,13.478252648,102,102,1.000000000
nuscenes_mini_subset,scene-0103_018,0.000000000,9,Car,23.026375971,38,38,1.000000000
nuscenes_mini_subset,scene-0103_018,0.000000000,12,Car,8.573759132,432,143,0.331018519
nuscenes_mini_subset,scene-0103_018,0.000000000,16,Truck,55.719526768,5,5,1.000000000
nuscenes_mini_subset,scene-0103_018,0.000000000,17,Car,28.106091031,7,7,1.000000000
nuscenes_mini_subset,scene-0103_018,0.000000000,18,Car,18.026968046,32,32,1.000000000
nuscenes_mini_subset,scene-0103_018,0.500000000,2,Car,13.478252648,102,102,1.000000000
nuscenes_mini_subset,scene-0103_018,0.500000000,9,Car,23.026375971,38,38,1.000000000
nuscenes_mini_subset,scene-0103_018,0.500000000,12,Car,8.573759132,432,152,0.351851852
nuscenes_mini_subset,scene-0103_018,0.500000000,16,Truck,55.719526768,5,5,1.000000000
nuscenes_mini_subset,scene-0103_018,0.500000000,17,Car,28.106091031,7,6,0.857142857
nuscenes_mini_subset,scene-0103_018,0.500000000,18,Car,18.026968046,32,32,1.000000000
nuscenes_mini_subset,scene-0103_018,1.000000000,2,Car,13.478252648,102,102,1.000000000
nuscenes_mini_subset,scene-0103_018,1.000000000,9,Car,23.026375971,38,37,0.973684211
nuscenes_mini_subset,scene-0103_018,1.000000000,12,Car,8.573759132,432,166,0.384259259
nuscenes_mini_subset,scene-0103_018,1.000000000,16,Truck,55.719526768,5,3,0.600000000
nuscenes_mini_subset,scene-0103_018,1.000000000,17,Car,28.106091031,7,5,0.714285714
nuscenes_mini_subset,scene-0103_018,1.000000000,18,Car,18.026968046,32,31,0.968750000
nuscenes_mini_subset,scene-0103_018,2.000000000,2,Car,13.478252648,102,98,0.960784314
nuscenes_mini_subset,scene-0103_018,2.000000000,9,Car,23.026375971,38,34,0.894736842
nuscenes_mini_subset,scene-0103_018,2.000000000,12,Car,8.573759132,432,181,0.418981481
nuscenes_mini_subset,scene-0103_018,2.000000000,16,Truck,55.719526768,5,3,0.600000000
nuscenes_mini_subset,scene-0103_018,2.000000000,17,Car,28.106091031,7,5,0.714285714
nuscenes_mini_subset,scene-0103_018,2.000000000,18,Car,18.026968046,32,26,0.812500000
nuscenes_mini_subset,scene-0103_018,3.000000000,2,Car,13.478252648,102,92,0.901960784
nuscenes_mini_subset,scene-0103_018,3.000000000,9,Car,23.026375971,38,30,0.789473684
nuscenes_mini_subset,scene-0103_018,3.000000000,12,Car,8.573759132,432,196,0.453703704
nuscenes_mini_subset,scene-0103_018,3.000000000,16,Truck,55.719526768,5,1,0.200000000
nuscenes_mini_subset,scene-0103_018,3.000000000,17,Car,28.106091031,7,4,0.571428571
nuscenes_mini_subset,scene-0103_018,3.000000000,18,Car,18.026968046,32,20,0.625000000
nuscenes_mini_subset,scene-0103_019,-3.000000000,2,Car,15.418933290,53,49,0.924528302
nuscenes_mini_subset,scene-0103_019,-3.000000000,8,Car,38.343125462,9,0,0.000000000
nuscenes_mini_subset,scene-0103_019,-3.000000000,10,Car,22.229055760,31,23,0.741935484
nuscenes_mini_subset,scene-0103_019,-3.000000000,13,Car,7.807753718,519,42,0.080924855
nuscenes_mini_subset,scene-0103_019,-3.000000000,17,Truck,54.819478392,5,0,0.000000000
nuscenes_mini_subset,scene-0103_019,-3.000000000,18,Car,27.292025838,7,3,0.428571429
nuscenes_mini_subset,scene-0103_019,-3.000000000,19,Car,16.631006897,73,60,0.821917808
nuscenes_mini_subset,scene-0103_019,-2.000000000,2,Car,15.418933290,53,53,1.000000000
nuscenes_mini_subset,scene-0103_019,-2.000000000,8,Car,38.343125462,9,2,0.222222222
nuscenes_mini_subset,scene-0103_019,-2.000000000,10,Car,22.229055760,31,28,0.903225806
nuscenes_mini_subset,scene-0103_019,-2.000000000,13,Car,7.807753718,519,54,0.104046243
nuscenes_mini_subset,scene-0103_019,-2.000000000,17,Truck,54.819478392,5,1,0.200000000
nuscenes_mini_subset,scene-0103_019,-2.000000000,18,Car,27.292025838,7,6,0.857142857
nuscenes_mini_subset,scene-0103_019,-2.000000000,19,Car,16.631006897,73,67,0.917808219
nuscenes_mini_subset,scene-0103_019,-1.000000000,2,Car,15.418933290,53,53,1.000000000
nuscenes_mini_subset,scene-0103_019,-1.000000000,8,Car,38.343125462,9,5,0.555555556
nuscenes_mini_subset,scene-0103_019,-1.000000000,10,Car,22.229055760,31,30,0.967741935
nuscenes_mini_subset,scene-0103_019,-1.000000000,13,Car,7.807753718,519,65,0.125240848
nuscenes_mini_subset,scene-0103_019,-1.000000000,17,Truck,54.819478392,5,4,0.800000000
nuscenes_mini_subset,scene-0103_019,-1.000000000,18,Car,27.292025838,7,6,0.857142857
nuscenes_mini_subset,scene-0103_019,-1.000000000,19,Car,16.631006897,73,71,0.972602740
nuscenes_mini_subset,scene-0103_019,-0.500000000,2,Car,15.418933290,53,53,1.000000000
nuscenes_mini_subset,scene-0103_019,-0.500000000,8,Car,38.343125462,9,8,0.888888889
nuscenes_mini_subset,scene-0103_019,-0.500000000,10,Car,22.229055760,31,31,1.000000000
nuscenes_mini_subset,scene-0103_019,-0.500000000,13,Car,7.807753718,519,69,0.132947977
nuscenes_mini_subset,scene-0103_019,-0.500000000,17,Truck,54.819478392,5,5,1.000000000
nuscenes_mini_subset,scene-0103_019,-0.500000000,18,Car,27.292025838,7,7,1.000000000
nuscenes_mini_subset,scene-0103_019,-0.500000000,19,Car,16.631006897,73,72,0.986301370
nuscenes_mini_subset,scene-0103_019,0.000000000,2,Car,15.418933290,53,53,1.000000000
nuscenes_mini_subset,scene-0103_019,0.000000000,8,Car,38.343125462,9,9,1.000000000
nuscenes_mini_subset,scene-0103_019,0.000000000,10,Car,22.229055760,31,31,1.000000000
nuscenes_mini_subset,scene-0103_019,0.000000000,13,Car,7.807753718,519,78,0.150289017
nuscenes_mini_subset,scene-0103_019,0.000000000,17,Truck,54.819478392,5,5,1.000000000
nuscenes_mini_subset,scene-0103_019,0.000000000,18,Car,27.292025838,7,7,1.000000000
nuscenes_mini_subset,scene-0103_019,0.000000000,19,Car,16.631006897,73,73,1.000000000
nuscenes_mini_subset,scene-0103_019,0.500000000,2,Car,15.418933290,53,53,1.000000000
nuscenes_mini_subset,scene-0103_019,0.500000000,8,Car,38.343125462,9,9,1.000000000
nuscenes_mini_subset,scene-0103_019,0.500000000,10,Car,22.229055760,31,31,1.000000000
nuscenes_mini_subset,scene-0103_019,0.500000000,13,Car,7.807753718,519,90,0.173410405
nuscenes_mini_subset,scene-0103_019,0.500000000,17,Truck,54.819478392,5,5,1.000000000
nuscenes_mini_subset,scene-0103_019,0.500000000,18,Car,27.292025838,7,7,1.000000000
nuscenes_mini_subset,scene-0103_019,0.500000000,19,Car,16.631006897,73,73,1.000000000
nuscenes_mini_subset,scene-0103_019,1.000000000,2,Car,15.418933290,53,52,0.981132075
nuscenes_mini_subset,scene-0103_019,1.000000000,8,Car,38.343125462,9,7,0.777777778
nuscenes_mini_subset,scene-0103_019,1.000000000,10,Car,22.229055760,31,30,0.967741935
nuscenes_mini_subset,scene-0103_019,1.000000000,13,Car,7.807753718,519,98,0.188824663
nuscenes_mini_subset,scene-0103_019,1.000000000,17,Truck,54.819478392,5,5,1.000000000
nuscenes_mini_subset,scene-0103_019,1.000000000,18,Car,27.292025838,7,5,0.714285714
nuscenes_mini_subset,scene-0103_019,1.000000000,19,Car,16.631006897,73,73,1.000000000
nuscenes_mini_subset,scene-0103_019,2.000000000,2,Car,15.418933290,53,50,0.943396226
nuscenes_mini_subset,scene-0103_019,2.000000000,8,Car,38.343125462,9,4,0.444444444
nuscenes_mini_subset,scene-0103_019,2.000000000,10,Car,22.229055760,31,26,0.838709677
nuscenes_mini_subset,scene-0103_019,2.000000000,13,Car,7.807753718,519,116,0.223506744
nuscenes_mini_subset,scene-0103_019,2.000000000,17,Truck,54.819478392,5,3,0.600000000
nuscenes_mini_subset,scene-0103_019,2.000000000,18,Car,27.292025838,7,5,0.714285714
nuscenes_mini_subset,scene-0103_019,2.000000000,19,Car,16.631006897,73,69,0.945205479
nuscenes_mini_subset,scene-0103_019,3.000000000,2,Car,15.418933290,53,48,0.905660377
nuscenes_mini_subset,scene-0103_019,3.000000000,8,Car,38.343125462,9,0,0.000000000
nuscenes_mini_subset,scene-0103_019,3.000000000,10,Car,22.229055760,31,26,0.838709677
nuscenes_mini_subset,scene-0103_019,3.000000000,13,Car,7.807753718,519,133,0.256262042
nuscenes_mini_subset,scene-0103_019,3.000000000,17,Truck,54.819478392,5,0,0.000000000
nuscenes_mini_subset,scene-0103_019,3.000000000,18,Car,27.292025838,7,4,0.571428571
nuscenes_mini_subset,scene-0103_019,3.000000000,19,Car,16.631006897,73,65,0.890410959
nuscenes_mini_subset,scene-0103_020,-3.000000000,2,Car,17.474889068,17,9,0.529411765
nuscenes_mini_subset,scene-0103_020,-3.000000000,10,Car,37.328607263,10,0,0.000000000
nuscenes_mini_subset,scene-0103_020,-3.000000000,12,Car,21.331677416,24,23,0.958333333
nuscenes_mini_subset,scene-0103_020,-3.000000000,15,Car,6.990126073,661,19,0.028744327
nuscenes_mini_subset,scene-0103_020,-3.000000000,19,Truck,53.807398066,5,0,0.000000000
nuscenes_mini_subset,scene-0103_020,-3.000000000,21,Car,15.196695320,120,104,0.866666667
nuscenes_mini_subset,scene-0103_020,-2.000000000,2,Car,17.474889068,17,15,0.882352941
nuscenes_mini_subset,scene-0103_020,-2.000000000,10,Car,37.328607263,10,3,0.300000000
nuscenes_mini_subset,scene-0103_020,-2.000000000,12,Car,21.331677416,24,24,1.000000000
nuscenes_mini_subset,scene-0103_020,-2.000000000,15,Car,6.990126073,661,30,0.045385779
nuscenes_mini_subset,scene-0103_020,-2.000000000,19,Truck,53.807398066,5,2,0.400000000
nuscenes_mini_subset,scene-0103_020,-2.000000000,21,Car,15.196695320,120,112,0.933333333
nuscenes_mini_subset,scene-0103_020,-1.000000000,2,Car,17.474889068,17,17,1.000000000
nuscenes_mini_subset,scene-0103_020,-1.000000000,10,Car,37.328607263,10,6,0.600000000
nuscenes_mini_subset,scene-0103_020,-1.000000000,12,Car,21.331677416,24,24,1.000000000
nuscenes_mini_subset,scene-0103_020,-1.000000000,15,Car,6.990126073,661,41,0.062027231
nuscenes_mini_subset,scene-0103_020,-1.000000000,19,Truck,53.807398066,5,5,1.000000000
nuscenes_mini_subset,scene-0103_020,-1.000000000,21,Car,15.196695320,120,119,0.991666667
nuscenes_mini_subset,scene-0103_020,-0.500000000,2,Car,17.474889068,17,17,1.000000000
nuscenes_mini_subset,scene-0103_020,-0.500000000,10,Car,37.328607263,10,9,0.900000000
nuscenes_mini_subset,scene-0103_020,-0.500000000,12,Car,21.331677416,24,24,1.000000000
nuscenes_mini_subset,scene-0103_020,-0.500000000,15,Car,6.990126073,661,48,0.072617247
nuscenes_mini_subset,scene-0103_020,-0.500000000,19,Truck,53.807398066,5,5,1.000000000
nuscenes_mini_subset,scene-0103_020,-0.500000000,21,Car,15.196695320,120,120,1.000000000
nuscenes_mini_subset,scene-0103_020,0.000000000,2,Car,17.474889068,17,17,1.000000000
nuscenes_mini_subset,scene-0103_020,0.000000000,10,Car,37.328607263,10,10,1.000000000
nuscenes_mini_subset,scene-0103_020,0.000000000,12,Car,21.331677416,24,24,1.000000000
nuscenes_mini_subset,scene-0103_020,0.000000000,15,Car,6.990126073,661,54,0.081694402
nuscenes_mini_subset,scene-0103_020,0.000000000,19,Truck,53.807398066,5,5,1.000000000
nuscenes_mini_subset,scene-0103_020,0.000000000,21,Car,15.196695320,120,120,1.000000000
nuscenes_mini_subset,scene-0103_020,0.500000000,2,Car,17.474889068,17,17,1.000000000
nuscenes_mini_subset,scene-0103_020,0.500000000,10,Car,37.328607263,10,9,0.900000000
nuscenes_mini_subset,scene-0103_020,0.500000000,12,Car,21.331677416,24,24,1.000000000
nuscenes_mini_subset,scene-0103_020,0.500000000,15,Car,6.990126073,661,62,0.093797277
nuscenes_mini_subset,scene-0103_020,0.500000000,19,Truck,53.807398066,5,5,1.000000000
nuscenes_mini_subset,scene-0103_020,0.500000000,21,Car,15.196695320,120,120,1.000000000
nuscenes_mini_subset,scene-0103_020,1.000000000,2,Car,17.474889068,17,17,1.000000000
nuscenes_mini_subset,scene-0103_020,1.000000000,10,Car,37.328607263,10,7,0.700000000
nuscenes_mini_subset,scene-0103_020,1.000000000,12,Car,21.331677416,24,23,0.958333333
nuscenes_mini_subset,scene-0103_020,1.000000000,15,Car,6.990126073,661,67,0.101361573
nuscenes_mini_subset,scene-0103_020,1.000000000,19,Truck,53.807398066,5,5,1.000000000
nuscenes_mini_subset,scene-0103_020,1.000000000,21,Car,15.196695320,120,120,1.000000000
nuscenes_mini_subset,scene-0103_020,2.000000000,2,Car,17.474889068,17,15,0.882352941
nuscenes_mini_subset,scene-0103_020,2.000000000,10,Car,37.328607263,10,4,0.400000000
nuscenes_mini_subset,scene-0103_020,2.000000000,12,Car,21.331677416,24,18,0.750000000
nuscenes_mini_subset,scene-0103_020,2.000000000,15,Car,6.990126073,661,80,0.121028744
nuscenes_mini_subset,scene-0103_020,2.000000000,19,Truck,53.807398066,5,3,0.600000000
nuscenes_mini_subset,scene-0103_020,2.000000000,21,Car,15.196695320,120,116,0.966666667
nuscenes_mini_subset,scene-0103_020,3.000000000,2,Car,17.474889068,17,15,0.882352941
nuscenes_mini_subset,scene-0103_020,3.000000000,10,Car,37.328607263,10,0,0.000000000
nuscenes_mini_subset,scene-0103_020,3.000000000,12,Car,21.331677416,24,15,0.625000000
nuscenes_mini_subset,scene-0103_020,3.000000000,15,Car,6.990126073,661,84,0.127080182
nuscenes_mini_subset,scene-0103_020,3.000000000,19,Truck,53.807398066,5,0,0.000000000
nuscenes_mini_subset,scene-0103_020,3.000000000,21,Car,15.196695320,120,107,0.891666667
nuscenes_mini_subset,scene-0103_021,-3.000000000,2,Car,19.273394237,24,10,0.416666667
nuscenes_mini_subset,scene-0103_021,-3.000000000,10,Car,35.985232090,10,0,0.000000000
nuscenes_mini_subset,scene-0103_021,-3.000000000,12,Car,20.216300353,14,9,0.642857143
nuscenes_mini_subset,scene-0103_021,-3.000000000,16,Car,6.015894415,883,0,0.000000000
nuscenes_mini_subset,scene-0103_021,-3.000000000,21,Truck,52.437718368,6,0,0.000000000
nuscenes_mini_subset,scene-0103_021,-3.000000000,22,Car,25.191501617,6,0,0.000000000
nuscenes_mini_subset,scene-0103_021,-3.000000000,23,Car,13.721521905,154,140,0.909090909
nuscenes_mini_subset,scene-0103_021,-2.000000000,2,Car,19.273394237,24,13,0.541666667
nuscenes_mini_subset,scene-0103_021,-2.000000000,10,Car,35.985232090,10,3,0.300000000
nuscenes_mini_subset,scene-0103_021,-2.000000000,12,Car,20.216300353,14,12,0.857142857
nuscenes_mini_subset,scene-0103_021,-2.000000000,16,Car,6.015894415,883,0,0.000000000
nuscenes_mini_subset,scene-0103_021,-2.000000000,21,Truck,52.437718368,6,2,0.333333333
nuscenes_mini_subset,scene-0103_021,-2.000000000,22,Car,25.191501617,6,0,0.000000000
nuscenes_mini_subset,scene-0103_021,-2.000000000,23,Car,13.721521905,154,151,0.980519481
nuscenes_mini_subset,scene-0103_021,-1.000000000,2,Car,19.273394237,24,20,0.833333333
nuscenes_mini_subset,scene-0103_021,-1.000000000,10,Car,35.985232090,10,6,0.600000000
nuscenes_mini_subset,scene-0103_021,-1.000000000,12,Car,20.216300353,14,14,1.000000000
nuscenes_mini_subset,scene-0103_021,-1.000000000,16,Car,6.015894415,883,0,0.000000000
nuscenes_mini_subset,scene-0103_021,-1.000000000,21,Truck,52.437718368,6,5,0.833333333
nuscenes_mini_subset,scene-0103_021,-1.000000000,22,Car,25.191501617,6,3,0.500000000
nuscenes_mini_subset,scene-0103_021,-1.000000000,23,Car,13.721521905,154,154,1.000000000
nuscenes_mini_subset,scene-0103_021,-0.500000000,2,Car,19.273394237,24,23,0.958333333
nuscenes_mini_subset,scene-0103_021,-0.500000000,10,Car,35.985232090,10,9,0.900000000
nuscenes_mini_subset,scene-0103_021,-0.500000000,12,Car,20.216300353,14,14,1.000000000
nuscenes_mini_subset,scene-0103_021,-0.500000000,16,Car,6.015894415,883,1,0.001132503
nuscenes_mini_subset,scene-0103_021,-0.500000000,21,Truck,52.437718368,6,5,0.833333333
nuscenes_mini_subset,scene-0103_021,-0.500000000,22,Car,25.191501617,6,3,0.500000000
nuscenes_mini_subset,scene-0103_021,-0.500000000,23,Car,13.721521905,154,154,1.000000000
nuscenes_mini_subset,scene-0103_021,0.000000000,2,Car,19.273394237,24,24,1.000000000
nuscenes_mini_subset,scene-0103_021,0.000000000,10,Car,35.985232090,10,10,1.000000000
nuscenes_mini_subset,scene-0103_021,0.000000000,12,Car,20.216300353,14,14,1.000000000
nuscenes_mini_subset,scene-0103_021,0.000000000,16,Car,6.015894415,883,4,0.004530011
nuscenes_mini_subset,scene-0103_021,0.000000000,21,Truck,52.437718368,6,6,1.000000000
nuscenes_mini_subset,scene-0103_021,0.000000000,22,Car,25.191501617,6,4,0.666666667
nuscenes_mini_subset,scene-0103_021,0.000000000,23,Car,13.721521905,154,154,1.000000000
nuscenes_mini_subset,scene-0103_021,0.500000000,2,Car,19.273394237,24,24,1.000000000
nuscenes_mini_subset,scene-0103_021,0.500000000,10,Car,35.985232090,10,9,0.900000000
nuscenes_mini_subset,scene-0103_021,0.500000000,12,Car,20.216300353,14,14,1.000000000
nuscenes_mini_subset,scene-0103_021,0.500000000,16,Car,6.015894415,883,10,0.011325028
nuscenes_mini_subset,scene-0103_021,0.500000000,21,Truck,52.437718368,6,6,1.000000000
nuscenes_mini_subset,scene-0103_021,0.500000000,22,Car,25.191501617,6,5,0.833333333
nuscenes_mini_subset,scene-0103_021,0.500000000,23,Car,13.721521905,154,154,1.000000000
nuscenes_mini_subset,scene-0103_021,1.000000000,2,Car,19.273394237,24,21,0.875000000
nuscenes_mini_subset,scene-0103_021,1.000000000,10,Car,35.985232090,10,7,0.700000000
nuscenes_mini_subset,scene-0103_021,1.000000000,12,Car,20.216300353,14,12,0.857142857
nuscenes_mini_subset,scene-0103_021,1.000000000,16,Car,6.015894415,883,15,0.016987542
nuscenes_mini_subset,scene-0103_021,1.000000000,21,Truck,52.437718368,6,6,1.000000000
nuscenes_mini_subset,scene-0103_021,1.000000000,22,Car,25.191501617,6,5,0.833333333
nuscenes_mini_subset,scene-0103_021,1.000000000,23,Car,13.721521905,154,153,0.993506494
nuscenes_mini_subset,scene-0103_021,2.000000000,2,Car,19.273394237,24,17,0.708333333
nuscenes_mini_subset,scene-0103_021,2.000000000,10,Car,35.985232090,10,4,0.400000000
nuscenes_mini_subset,scene-0103_021,2.000000000,12,Car,20.216300353,14,9,0.642857143
nuscenes_mini_subset,scene-0103_021,2.000000000,16,Car,6.015894415,883,25,0.028312571
nuscenes_mini_subset,scene-0103_021,2.000000000,21,Truck,52.437718368,6,4,0.666666667
nuscenes_mini_subset,scene-0103_021,2.000000000,22,Car,25.191501617,6,6,1.000000000
nuscenes_mini_subset,scene-0103_021,2.000000000,23,Car,13.721521905,154,150,0.974025974
nuscenes_mini_subset,scene-0103_021,3.000000000,2,Car,19.273394237,24,16,0.666666667
nuscenes_mini_subset,scene-0103_021,3.000000000,10,Car,35.985232090,10,0,0.000000000
nuscenes_mini_subset,scene-0103_021,3.000000000,12,Car,20.216300353,14,7,0.500000000
nuscenes_mini_subset,scene-0103_021,3.000000000,16,Car,6.015894415,883,25,0.028312571
nuscenes_mini_subset,scene-0103_021,3.000000000,21,Truck,52.437718368,6,1,0.166666667
nuscenes_mini_subset,scene-0103_021,3.000000000,22,Car,25.191501617,6,6,1.000000000
nuscenes_mini_subset,scene-0103_021,3.000000000,23,Car,13.721521905,154,146,0.948051948
nuscenes_mini_subset,scene-0103_022,-3.000000000,2,Car,21.192797139,7,2,0.285714286
nuscenes_mini_subset,scene-0103_022,-3.000000000,10,Car,34.621071434,10,0,0.000000000
nuscenes_mini_subset,scene-0103_022,-3.000000000,20,Truck,51.055574434,7,0,0.000000000
nuscenes_mini_subset,scene-0103_022,-3.000000000,21,Car,24.000177175,6,0,0.000000000
nuscenes_mini_subset,scene-0103_022,-3.000000000,22,Car,12.294544068,179,172,0.960893855
nuscenes_mini_subset,scene-0103_022,-2.000000000,2,Car,21.192797139,7,4,0.571428571
nuscenes_mini_subset,scene-0103_022,-2.000000000,10,Car,34.621071434,10,4,0.400000000
nuscenes_mini_subset,scene-0103_022,-2.000000000,20,Truck,51.055574434,7,2,0.285714286
nuscenes_mini_subset,scene-0103_022,-2.000000000,21,Car,24.000177175,6,1,0.166666667
nuscenes_mini_subset,scene-0103_022,-2.000000000,22,Car,12.294544068,179,176,0.983240223
nuscenes_mini_subset,scene-0103_022,-1.000000000,2,Car,21.192797139,7,5,0.714285714
nuscenes_mini_subset,scene-0103_022,-1.000000000,10,Car,34.621071434,10,7,0.700000000
nuscenes_mini_subset,scene-0103_022,-1.000000000,20,Truck,51.055574434,7,6,0.857142857
nuscenes_mini_subset,scene-0103_022,-1.000000000,21,Car,24.000177175,6,1,0.166666667
nuscenes_mini_subset,scene-0103_022,-1.000000000,22,Car,12.294544068,179,172,0.960893855
nuscenes_mini_subset,scene-0103_022,-0.500000000,2,Car,21.192797139,7,6,0.857142857
nuscenes_mini_subset,scene-0103_022,-0.500000000,10,Car,34.621071434,10,9,0.900000000
nuscenes_mini_subset,scene-0103_022,-0.500000000,20,Truck,51.055574434,7,7,1.000000000
nuscenes_mini_subset,scene-0103_022,-0.500000000,21,Car,24.000177175,6,1,0.166666667
nuscenes_mini_subset,scene-0103_022,-0.500000000,22,Car,12.294544068,179,168,0.938547486
nuscenes_mini_subset,scene-0103_022,0.000000000,2,Car,21.192797139,7,7,1.000000000
nuscenes_mini_subset,scene-0103_022,0.000000000,10,Car,34.621071434,10,10,1.000000000
nuscenes_mini_subset,scene-0103_022,0.000000000,20,Truck,51.055574434,7,7,1.000000000
nuscenes_mini_subset,scene-0103_022,0.000000000,21,Car,24.000177175,6,1,0.166666667
nuscenes_mini_subset,scene-0103_022,0.000000000,22,Car,12.294544068,179,163,0.910614525
nuscenes_mini_subset,scene-0103_022,0.500000000,2,Car,21.192797139,7,7,1.000000000
nuscenes_mini_subset,scene-0103_022,0.500000000,10,Car,34.621071434,10,10,1.000000000
nuscenes_mini_subset,scene-0103_022,0.500000000,20,Truck,51.055574434,7,7,1.000000000
nuscenes_mini_subset,scene-0103_022,0.500000000,21,Car,24.000177175,6,1,0.166666667
nuscenes_mini_subset,scene-0103_022,0.500000000,22,Car,12.294544068,179,159,0.888268156
nuscenes_mini_subset,scene-0103_022,1.000000000,2,Car,21.192797139,7,6,0.857142857
nuscenes_mini_subset,scene-0103_022,1.000000000,10,Car,34.621071434,10,7,0.700000000
nuscenes_mini_subset,scene-0103_022,1.000000000,20,Truck,51.055574434,7,7,1.000000000
nuscenes_mini_subset,scene-0103_022,1.000000000,21,Car,24.000177175,6,0,0.000000000
nuscenes_mini_subset,scene-0103_022,1.000000000,22,Car,12.294544068,179,156,0.871508380
nuscenes_mini_subset,scene-0103_022,2.000000000,2,Car,21.192797139,7,6,0.857142857
nuscenes_mini_subset,scene-0103_022,2.000000000,10,Car,34.621071434,10,4,0.400000000
nuscenes_mini_subset,scene-0103_022,2.000000000,20,Truck,51.055574434,7,6,0.857142857
nuscenes_mini_subset,scene-0103_022,2.000000000,21,Car,24.000177175,6,1,0.166666667
nuscenes_mini_subset,scene-0103_022,2.000000000,22,Car,12.294544068,179,148,0.826815642
nuscenes_mini_subset,scene-0103_022,3.000000000,2,Car,21.192797139,7,5,0.714285714
nuscenes_mini_subset,scene-0103_022,3.000000000,10,Car,34.621071434,10,0,0.000000000
nuscenes_mini_subset,scene-0103_022,3.000000000,20,Truck,51.055574434,7,2,0.285714286
nuscenes_mini_subset,scene-0103_022,3.000000000,21,Car,24.000177175,6,4,0.666666667
nuscenes_mini_subset,scene-0103_022,3.000000000,22,Car,12.294544068,179,139,0.776536313
nuscenes_mini_subset,scene-0103_023,-3.000000000,2,Car,23.756553942,10,5,0.500000000
nuscenes_mini_subset,scene-0103_023,-3.000000000,10,Car,32.991370010,10,0,0.000000000
nuscenes_mini_subset,scene-0103_023,-3.000000000,19,Pedestrian,26.880031107,6,0,0.000000000
nuscenes_mini_subset,scene-0103_023,-3.000000000,20,Truck,49.422658116,7,0,0.000000000
nuscenes_mini_subset,scene-0103_023,-3.000000000,21,Car,22.599683704,14,0,0.000000000
nuscenes_mini_subset,scene-0103_023,-3.000000000,22,Car,10.724592276,279,207,0.741935484
nuscenes_mini_subset,scene-0103_023,-3.000000000,25,Car,23.396350846,5,3,0.600000000
nuscenes_mini_subset,scene-0103_023,-2.000000000,2,Car,23.756553942,10,5,0.500000000
nuscenes_mini_subset,scene-0103_023,-2.000000000,10,Car,32.991370010,10,4,0.400000000
nuscenes_mini_subset,scene-0103_023,-2.000000000,19,Pedestrian,26.880031107,6,0,0.000000000
nuscenes_mini_subset,scene-0103_023,-2.000000000,20,Truck,49.422658116,7,2,0.285714286
nuscenes_mini_subset,scene-0103_023,-2.000000000,21,Car,22.599683704,14,0,0.000000000
nuscenes_mini_subset,scene-0103_023,-2.000000000,22,Car,10.724592276,279,202,0.724014337
nuscenes_mini_subset,scene-0103_023,-2.000000000,25,Car,23.396350846,5,4,0.800000000
nuscenes_mini_subset,scene-0103_023,-1.000000000,2,Car,23.756553942,10,6,0.600000000
nuscenes_mini_subset,scene-0103_023,-1.000000000,10,Car,32.991370010,10,7,0.700000000
nuscenes_mini_subset,scene-0103_023,-1.000000000,19,Pedestrian,26.880031107,6,2,0.333333333
nuscenes_mini_subset,scene-0103_023,-1.000000000,20,Truck,49.422658116,7,6,0.857142857
nuscenes_mini_subset,scene-0103_023,-1.000000000,21,Car,22.599683704,14,0,0.000000000
nuscenes_mini_subset,scene-0103_023,-1.000000000,22,Car,10.724592276,279,196,0.702508961
nuscenes_mini_subset,scene-0103_023,-1.000000000,25,Car,23.396350846,5,5,1.000000000
nuscenes_mini_subset,scene-0103_023,-0.500000000,2,Car,23.756553942,10,8,0.800000000
nuscenes_mini_subset,scene-0103_023,-0.500000000,10,Car,32.991370010,10,9,0.900000000
nuscenes_mini_subset,scene-0103_023,-0.500000000,19,Pedestrian,26.880031107,6,4,0.666666667
nuscenes_mini_subset,scene-0103_023,-0.500000000,20,Truck,49.422658116,7,7,1.000000000
nuscenes_mini_subset,scene-0103_023,-0.500000000,21,Car,22.599683704,14,2,0.142857143
nuscenes_mini_subset,scene-0103_023,-0.500000000,22,Car,10.724592276,279,188,0.673835125
nuscenes_mini_subset,scene-0103_023,-0.500000000,25,Car,23.396350846,5,5,1.000000000
nuscenes_mini_subset,scene-0103_023,0.000000000,2,Car,23.756553942,10,10,1.000000000
nuscenes_mini_subset,scene-0103_023,0.000000000,10,Car,32.991370010,10,10,1.000000000
nuscenes_mini_subset,scene-0103_023,0.000000000,19,Pedestrian,26.880031107,6,6,1.000000000
nuscenes_mini_subset,scene-0103_023,0.000000000,20,Truck,49.422658116,7,7,1.000000000
nuscenes_mini_subset,scene-0103_023,0.000000000,21,Car,22.599683704,14,2,0.142857143
nuscenes_mini_subset,scene-0103_023,0.000000000,22,Car,10.724592276,279,181,0.648745520
nuscenes_mini_subset,scene-0103_023,0.000000000,25,Car,23.396350846,5,5,1.000000000
nuscenes_mini_subset,scene-0103_023,0.500000000,2,Car,23.756553942,10,10,1.000000000
nuscenes_mini_subset,scene-0103_023,0.500000000,10,Car,32.991370010,10,10,1.000000000
nuscenes_mini_subset,scene-0103_023,0.500000000,19,Pedestrian,26.880031107,6,6,1.000000000
nuscenes_mini_subset,scene-0103_023,0.500000000,20,Truck,49.422658116,7,7,1.000000000
nuscenes_mini_subset,scene-0103_023,0.500000000,21,Car,22.599683704,14,2,0.142857143
nuscenes_mini_subset,scene-0103_023,0.500000000,22,Car,10.724592276,279,171,0.612903226
nuscenes_mini_subset,scene-0103_023,0.500000000,25,Car,23.396350846,5,5,1.000000000
nuscenes_mini_subset,scene-0103_023,1.000000000,2,Car,23.756553942,10,9,0.900000000
nuscenes_mini_subset,scene-0103_023,1.000000000,10,Car,32.991370010,10,7,0.700000000
nuscenes_mini_subset,scene-0103_023,1.000000000,19,Pedestrian,26.880031107,6,2,0.333333333
nuscenes_mini_subset,scene-0103_023,1.000000000,20,Truck,49.422658116,7,7,1.000000000
nuscenes_mini_subset,scene-0103_023,1.000000000,21,Car,22.599683704,14,1,0.071428571
nuscenes_mini_subset,scene-0103_023,1.000000000,22,Car,10.724592276,279,164,0.587813620
nuscenes_mini_subset,scene-0103_023,1.000000000,25,Car,23.396350846,5,5,1.000000000
nuscenes_mini_subset,scene-0103_023,2.000000000,2,Car,23.756553942,10,5,0.500000000
nuscenes_mini_subset,scene-0103_023,2.000000000,10,Car,32.991370010,10,4,0.400000000
nuscenes_mini_subset,scene-0103_023,2.000000000,19,Pedestrian,26.880031107,6,0,0.000000000
nuscenes_mini_subset,scene-0103_023,2.000000000,20,Truck,49.422658116,7,6,0.857142857
nuscenes_mini_subset,scene-0103_023,2.000000000,21,Car,22.599683704,14,4,0.285714286
nuscenes_mini_subset,scene-0103_023,2.000000000,22,Car,10.724592276,279,145,0.519713262
nuscenes_mini_subset,scene-0103_023,2.000000000,25,Car,23.396350846,5,5,1.000000000
nuscenes_mini_subset,scene-0103_023,3.000000000,2,Car,23.756553942,10,5,0.500000000
nuscenes_mini_subset,scene-0103_023,3.000000000,10,Car,32.991370010,10,1,0.100000000
nuscenes_mini_subset,scene-0103_023,3.000000000,19,Pedestrian,26.880031107,6,0,0.000000000
nuscenes_mini_subset,scene-0103_023,3.000000000,20,Truck,49.422658116,7,3,0.428571429
nuscenes_mini_subset,scene-0103_023,3.000000000,21,Car,22.599683704,14,5,0.357142857
nuscenes_mini_subset,scene-0103_023,3.000000000,22,Car,10.724592276,279,127,0.455197133
nuscenes_mini_subset,scene-0103_023,3.000000000,25,Car,23.396350846,5,3,0.600000000
nuscenes_mini_subset,scene-0103_024,-3.000000000,3,Car,39.330042321,5,0,0.000000000
nuscenes_mini_subset,scene-0103_024,-3.000000000,9,Car,41.294173162,5,0,0.000000000
nuscenes_mini_subset,scene-0103_024,-3.000000000,10,Car,31.155082032,10,0,0.000000000
nuscenes_mini_subset,scene-0103_024,-3.000000000,12,Car,16.053691898,14,11,0.785714286
nuscenes_mini_subset,scene-0103_024,-3.000000000,19,Pedestrian,25.878009524,6,0,0.000000000
nuscenes_mini_subset,scene-0103_024,-3.000000000,20,Truck,47.585981964,10,0,0.000000000
nuscenes_mini_subset,scene-0103_024,-3.000000000,21,Car,9.158616676,391,145,0.370843990
nuscenes_mini_subset,scene-0103_024,-3.000000000,24,Car,21.673791212,18,15,0.833333333
nuscenes_mini_subset,scene-0103_024,-2.000000000,3,Car,39.330042321,5,1,0.200000000
nuscenes_mini_subset,scene-0103_024,-2.000000000,9,Car,41.294173162,5,2,0.400000000
nuscenes_mini_subset,scene-0103_024,-2.000000000,10,Car,31.155082032,10,4,0.400000000
nuscenes_mini_subset,scene-0103_024,-2.000000000,12,Car,16.053691898,14,11,0.785714286
nuscenes_mini_subset,scene-0103_024,-2.000000000,19,Pedestrian,25.878009524,6,0,0.000000000
nuscenes_mini_subset,scene-0103_024,-2.000000000,20,Truck,47.585981964,10,3,0.300000000
nuscenes_mini_subset,scene-0103_024,-2.000000000,21,Car,9.158616676,391,142,0.363171355
nuscenes_mini_subset,scene-0103_024,-2.000000000,24,Car,21.673791212,18,16,0.888888889
nuscenes_mini_subset,scene-0103_024,-1.000000000,3,Car,39.330042321,5,4,0.800000000
nuscenes_mini_subset,scene-0103_024,-1.000000000,9,Car,41.294173162,5,2,0.400000000
nuscenes_mini_subset,scene-0103_024,-1.000000000,10,Car,31.155082032,10,7,0.700000000
nuscenes_mini_subset,scene-0103_024,-1.000000000,12,Car,16.053691898,14,12,0.857142857
nuscenes_mini_subset,scene-0103_024,-1.000000000,19,Pedestrian,25.878009524,6,1,0.166666667
nuscenes_mini_subset,scene-0103_024,-1.000000000,20,Truck,47.585981964,10,9,0.900000000
nuscenes_mini_subset,scene-0103_024,-1.000000000,21,Car,9.158616676,391,130,0.332480818
nuscenes_mini_subset,scene-0103_024,-1.000000000,24,Car,21.673791212,18,18,1.000000000
nuscenes_mini_subset,scene-0103_024,-0.500000000,3,Car,39.330042321,5,5,1.000000000
nuscenes_mini_subset,scene-0103_024,-0.500000000,9,Car,41.294173162,5,2,0.400000000
nuscenes_mini_subset,scene-0103_024,-0.500000000,10,Car,31.155082032,10,9,0.900000000
nuscenes_mini_subset,scene-0103_024,-0.500000000,12,Car,16.053691898,14,11,0.785714286
nuscenes_mini_subset,scene-0103_024,-0.500000000,19,Pedestrian,25.878009524,6,3,0.500000000
nuscenes_mini_subset,scene-0103_024,-0.500000000,20,Truck,47.585981964,10,9,0.900000000
nuscenes_mini_subset,scene-0103_024,-0.500000000,21,Car,9.158616676,391,120,0.306905371
nuscenes_mini_subset,scene-0103_024,-0.500000000,24,Car,21.673791212,18,18,1.000000000
nuscenes_mini_subset,scene-0103_024,0.000000000,3,Car,39.330042321,5,5,1.000000000
nuscenes_mini_subset,scene-0103_024,0.000000000,9,Car,41.294173162,5,3,0.600000000
nuscenes_mini_subset,scene-0103_024,0.000000000,10,Car,31.155082032,10,10,1.000000000
nuscenes_mini_subset,scene-0103_024,0.000000000,12,Car,16.053691898,14,10,0.714285714
nuscenes_mini_subset,scene-0103_024,0.000000000,19,Pedestrian,25.878009524,6,6,1.000000000
nuscenes_mini_subset,scene-0103_024,0.000000000,20,Truck,47.585981964,10,10,1.000000000
nuscenes_mini_subset,scene-0103_024,0.000000000,21,Car,9.158616676,391,110,0.281329923
nuscenes_mini_subset,scene-0103_024,0.000000000,24,Car,21.673791212,18,18,1.000000000
nuscenes_mini_subset,scene-0103_024,0.500000000,3,Car,39.330042321,5,5,1.000000000
nuscenes_mini_subset,scene-0103_024,0.500000000,9,Car,41.294173162,5,3,0.600000000
nuscenes_mini_subset,scene-0103_024,0.500000000,10,Car,31.155082032,10,10,1.000000000
nuscenes_mini_subset,scene-0103_024,0.500000000,12,Car,16.053691898,14,8,0.571428571
nuscenes_mini_subset,scene-0103_024,0.500000000,19,Pedestrian,25.878009524,6,6,1.000000000
nuscenes_mini_subset,scene-0103_024,0.500000000,20,Truck,47.585981964,10,10,1.000000000
nuscenes_mini_subset,scene-0103_024,0.500000000,21,Car,9.158616676,391,100,0.255754476
nuscenes_mini_subset,scene-0103_024,0.500000000,24,Car,21.673791212,18,18,1.000000000
nuscenes_mini_subset,scene-0103_024,1.000000000,3,Car,39.330042321,5,5,1.000000000
nuscenes_mini_subset,scene-0103_024,1.000000000,9,Car,41.294173162,5,3,0.600000000
nuscenes_mini_subset,scene-0103_024,1.000000000,10,Car,31.155082032,10,9,0.900000000
nuscenes_mini_subset,scene-0103_024,1.000000000,12,Car,16.053691898,14,7,0.500000000
nuscenes_mini_subset,scene-0103_024,1.000000000,19,Pedestrian,25.878009524,6,3,0.500000000
nuscenes_mini_subset,scene-0103_024,1.000000000,20,Truck,47.585981964,10,10,1.000000000
nuscenes_mini_subset,scene-0103_024,1.000000000,21,Car,9.158616676,391,92,0.235294118
nuscenes_mini_subset,scene-0103_024,1.000000000,24,Car,21.673791212,18,18,1.000000000
nuscenes_mini_subset,scene-0103_024,2.000000000,3,Car,39.330042321,5,5,1.000000000
nuscenes_mini_subset,scene-0103_024,2.000000000,9,Car,41.294173162,5,3,0.600000000
nuscenes_mini_subset,scene-0103_024,2.000000000,10,Car,31.155082032,10,5,0.500000000
nuscenes_mini_subset,scene-0103_024,2.000000000,12,Car,16.053691898,14,4,0.285714286
nuscenes_mini_subset,scene-0103_024,2.000000000,19,Pedestrian,25.878009524,6,0,0.000000000
nuscenes_mini_subset,scene-0103_024,2.000000000,20,Truck,47.585981964,10,9,0.900000000
nuscenes_mini_subset,scene-0103_024,2.000000000,21,Car,9.158616676,391,77,0.196930946
nuscenes_mini_subset,scene-0103_024,2.000000000,24,Car,21.673791212,18,18,1.000000000
nuscenes_mini_subset,scene-0103_024,3.000000000,3,Car,39.330042321,5,2,0.400000000
nuscenes_mini_subset,scene-0103_024,3.000000000,9,Car,41.294173162,5,2,0.400000000
nuscenes_mini_subset,scene-0103_024,3.000000000,10,Car,31.155082032,10,2,0.200000000
nuscenes_mini_subset,scene-0103_024,3.000000000,12,Car,16.053691898,14,4,0.285714286
nuscenes_mini_subset,scene-0103_024,3.000000000,19,Pedestrian,25.878009524,6,0,0.000000000
nuscenes_mini_subset,scene-0103_024,3.000000000,20,Truck,47.585981964,10,6,0.600000000
nuscenes_mini_subset,scene-0103_024,3.000000000,21,Car,9.158616676,391,62,0.158567775
nuscenes_mini_subset,scene-0103_024,3.000000000,24,Car,21.673791212,18,15,0.833333333
nuscenes_mini_subset,scene-0103_025,-3.000000000,9,Car,39.503930102,5,0,0.000000000
nuscenes_mini_subset,scene-0103_025,-3.000000000,10,Car,29.105307662,15,2,0.133333333
nuscenes_mini_subset,scene-0103_025,-3.000000000,12,Car,14.379528682,38,18,0.473684211
nuscenes_mini_subset,scene-0103_025,-3.000000000,20,Truck,45.468677991,10,0,0.000000000
nuscenes_mini_subset,scene-0103_025,-3.000000000,21,Car,7.767765665,611,29,0.047463175
nuscenes_mini_subset,scene-0103_025,-3.000000000,25,Car,19.784448847,30,26,0.866666667
nuscenes_mini_subset,scene-0103_025,-2.000000000,9,Car,39.503930102,5,0,0.000000000
nuscenes_mini_subset,scene-0103_025,-2.000000000,10,Car,29.105307662,15,7,0.466666667
nuscenes_mini_subset,scene-0103_025,-2.000000000,12,Car,14.379528682,38,17,0.447368421
nuscenes_mini_subset,scene-0103_025,-2.000000000,20,Truck,45.468677991,10,2,0.200000000
nuscenes_mini_subset,scene-0103_025,-2.000000000,21,Car,7.767765665,611,24,0.039279869
nuscenes_mini_subset,scene-0103_025,-2.000000000,25,Car,19.784448847,30,26,0.866666667
nuscenes_mini_subset,scene-0103_025,-1.000000000,9,Car,39.503930102,5,0,0.000000000
nuscenes_mini_subset,scene-0103_025,-1.000000000,10,Car,29.105307662,15,11,0.733333333
nuscenes_mini_subset,scene-0103_025,-1.000000000,12,Car,14.379528682,38,19,0.500000000
nuscenes_mini_subset,scene-0103_025,-1.000000000,20,Truck,45.468677991,10,8,0.800000000
nuscenes_mini_subset,scene-0103_025,-1.000000000,21,Car,7.767765665,611,14,0.022913257
nuscenes_mini_subset,scene-0103_025,-1.000000000,25,Car,19.784448847,30,29,0.966666667
nuscenes_mini_subset,scene-0103_025,-0.500000000,9,Car,39.503930102,5,1,0.200000000
nuscenes_mini_subset,scene-0103_025,-0.500000000,10,Car,29.105307662,15,14,0.933333333
nuscenes_mini_subset,scene-0103_025,-0.500000000,12,Car,14.379528682,38,17,0.447368421
nuscenes_mini_subset,scene-0103_025,-0.500000000,20,Truck,45.468677991,10,8,0.800000000
nuscenes_mini_subset,scene-0103_025,-0.500000000,21,Car,7.767765665,611,8,0.013093290
nuscenes_mini_subset,scene-0103_025,-0.500000000,25,Car,19.784448847,30,30,1.000000000
nuscenes_mini_subset,scene-0103_025,0.000000000,9,Car,39.503930102,5,1,0.200000000
nuscenes_mini_subset,scene-0103_025,0.000000000,10,Car,29.105307662,15,15,1.000000000
nuscenes_mini_subset,scene-0103_025,0.000000000,12,Car,14.379528682,38,13,0.342105263
nuscenes_mini_subset,scene-0103_025,0.000000000,20,Truck,45.468677991,10,10,1.000000000
nuscenes_mini_subset,scene-0103_025,0.000000000,21,Car,7.767765665,611,3,0.004909984
nuscenes_mini_subset,scene-0103_025,0.000000000,25,Car,19.784448847,30,30,1.000000000
nuscenes_mini_subset,scene-0103_025,0.500000000,9,Car,39.503930102,5,1,0.200000000
nuscenes_mini_subset,scene-0103_025,0.500000000,10,Car,29.105307662,15,15,1.000000000
nuscenes_mini_subset,scene-0103_025,0.500000000,12,Car,14.379528682,38,11,0.289473684
nuscenes_mini_subset,scene-0103_025,0.500000000,20,Truck,45.468677991,10,10,1.000000000
nuscenes_mini_subset,scene-0103_025,0.500000000,21,Car,7.767765665,611,1,0.001636661
nuscenes_mini_subset,scene-0103_025,0.500000000,25,Car,19.784448847,30,30,1.000000000
nuscenes_mini_subset,scene-0103_025,1.000000000,9,Car,39.503930102,5,1,0.200000000
nuscenes_mini_subset,scene-0103_025,1.000000000,10,Car,29.105307662,15,13,0.866666667
nuscenes_mini_subset,scene-0103_025,1.000000000,12,Car,14.379528682,38,6,0.157894737
nuscenes_mini_subset,scene-0103_025,1.000000000,20,Truck,45.468677991,10,10,1.000000000
nuscenes_mini_subset,scene-0103_025,1.000000000,21,Car,7.767765665,611,0,0.000000000
nuscenes_mini_subset,scene-0103_025,1.000000000,25,Car,19.784448847,30,29,0.966666667
nuscenes_mini_subset,scene-0103_025,2.000000000,9,Car,39.503930102,5,3,0.600000000
nuscenes_mini_subset,scene-0103_025,2.000000000,10,Car,29.105307662,15,8,0.533333333
nuscenes_mini_subset,scene-0103_025,2.000000000,12,Car,14.379528682,38,0,0.000000000
nuscenes_mini_subset,scene-0103_025,2.000000000,20,Truck,45.468677991,10,10,1.000000000
nuscenes_mini_subset,scene-0103_025,2.000000000,21,Car,7.767765665,611,0,0.000000000
nuscenes_mini_subset,scene-0103_025,2.000000000,25,Car,19.784448847,30,24,0.800000000
nuscenes_mini_subset,scene-0103_025,3.000000000,9,Car,39.503930102,5,2,0.400000000
nuscenes_mini_subset,scene-0103_025,3.000000000,10,Car,29.105307662,15,4,0.266666667
nuscenes_mini_subset,scene-0103_025,3.000000000,12,Car,14.379528682,38,0,0.000000000
nuscenes_mini_subset,scene-0103_025,3.000000000,20,Truck,45.468677991,10,8,0.800000000
nuscenes_mini_subset,scene-0103_025,3.000000000,21,Car,7.767765665,611,0,0.000000000
nuscenes_mini_subset,scene-0103_025,3.000000000,25,Car,19.784448847,30,21,0.700000000
nuscenes_mini_subset,scene-0103_026,-3.000000000,3,Car,35.315740995,5,0,0.000000000
nuscenes_mini_subset,scene-0103_026,-3.000000000,9,Car,26.792923418,20,4,0.200000000
nuscenes_mini_subset,scene-0103_026,-3.000000000,17,Pedestrian,23.148821688,5,0,0.000000000
nuscenes_mini_subset,scene-0103_026,-3.000000000,18,Truck,43.109719941,15,2,0.133333333
nuscenes_mini_subset,scene-0103_026,-3.000000000,22,Car,17.758349230,41,35,0.853658537
nuscenes_mini_subset,scene-0103_026,-2.000000000,3,Car,35.315740995,5,1,0.200000000
nuscenes_mini_subset,scene-0103_026,-2.000000000,9,Car,26.792923418,20,11,0.550000000
nuscenes_mini_subset,scene-0103_026,-2.000000000,17,Pedestrian,23.148821688,5,0,0.000000000
nuscenes_mini_subset,scene-0103_026,-2.000000000,18,Truck,43.109719941,15,8,0.533333333
nuscenes_mini_subset,scene-0103_026,-2.000000000,22,Car,17.758349230,41,37,0.902439024
nuscenes_mini_subset,scene-0103_026,-1.000000000,3,Car,35.315740995,5,4,0.800000000
nuscenes_mini_subset,scene-0103_026,-1.000000000,9,Car,26.792923418,20,16,0.800000000
nuscenes_mini_subset,scene-0103_026,-1.000000000,17,Pedestrian,23.148821688,5,1,0.200000000
nuscenes_mini_subset,scene-0103_026,-1.000000000,18,Truck,43.109719941,15,14,0.933333333
nuscenes_mini_subset,scene-0103_026,-1.000000000,22,Car,17.758349230,41,38,0.926829268
nuscenes_mini_subset,scene-0103_026,-0.500000000,3,Car,35.315740995,5,5,1.000000000
nuscenes_mini_subset,scene-0103_026,-0.500000000,9,Car,26.792923418,20,18,0.900000000
nuscenes_mini_subset,scene-0103_026,-0.500000000,17,Pedestrian,23.148821688,5,4,0.800000000
nuscenes_mini_subset,scene-0103_026,-0.500000000,18,Truck,43.109719941,15,15,1.000000000
nuscenes_mini_subset,scene-0103_026,-0.500000000,22,Car,17.758349230,41,34,0.829268293
nuscenes_mini_subset,scene-0103_026,0.000000000,3,Car,35.315740995,5,5,1.000000000
nuscenes_mini_subset,scene-0103_026,0.000000000,9,Car,26.792923418,20,20,1.000000000
nuscenes_mini_subset,scene-0103_026,0.000000000,17,Pedestrian,23.148821688,5,5,1.000000000
nuscenes_mini_subset,scene-0103_026,0.000000000,18,Truck,43.109719941,15,15,1.000000000
nuscenes_mini_subset,scene-0103_026,0.000000000,22,Car,17.758349230,41,32,0.780487805
nuscenes_mini_subset,scene-0103_026,0.500000000,3,Car,35.315740995,5,5,1.000000000
nuscenes_mini_subset,scene-0103_026,0.500000000,9,Car,26.792923418,20,20,1.000000000
nuscenes_mini_subset,scene-0103_026,0.500000000,17,Pedestrian,23.148821688,5,5,1.000000000
nuscenes_mini_subset,scene-0103_026,0.500000000,18,Truck,43.109719941,15,15,1.000000000
nuscenes_mini_subset,scene-0103_026,0.500000000,22,Car,17.758349230,41,30,0.731707317
nuscenes_mini_subset,scene-0103_026,1.000000000,3,Car,35.315740995,5,5,1.000000000
nuscenes_mini_subset,scene-0103_026,1.000000000,9,Car,26.792923418,20,19,0.950000000
nuscenes_mini_subset,scene-0103_026,1.000000000,17,Pedestrian,23.148821688,5,4,0.800000000
nuscenes_mini_subset,scene-0103_026,1.000000000,18,Truck,43.109719941,15,15,1.000000000
nuscenes_mini_subset,scene-0103_026,1.000000000,22,Car,17.758349230,41,29,0.707317073
nuscenes_mini_subset,scene-0103_026,2.000000000,3,Car,35.315740995,5,5,1.000000000
nuscenes_mini_subset,scene-0103_026,2.000000000,9,Car,26.792923418,20,14,0.700000000
nuscenes_mini_subset,scene-0103_026,2.000000000,17,Pedestrian,23.148821688,5,0,0.000000000
nuscenes_mini_subset,scene-0103_026,2.000000000,18,Truck,43.109719941,15,14,0.933333333
nuscenes_mini_subset,scene-0103_026,2.000000000,22,Car,17.758349230,41,22,0.536585366
nuscenes_mini_subset,scene-0103_026,3.000000000,3,Car,35.315740995,5,4,0.800000000
nuscenes_mini_subset,scene-0103_026,3.000000000,9,Car,26.792923418,20,8,0.400000000
nuscenes_mini_subset,scene-0103_026,3.000000000,17,Pedestrian,23.148821688,5,0,0.000000000
nuscenes_mini_subset,scene-0103_026,3.000000000,18,Truck,43.109719941,15,9,0.600000000
nuscenes_mini_subset,scene-0103_026,3.000000000,22,Car,17.758349230,41,17,0.414634146
nuscenes_mini_subset,scene-0103_027,-3.000000000,8,Car,24.262739375,24,7,0.291666667
nuscenes_mini_subset,scene-0103_027,-3.000000000,16,Pedestrian,21.400313265,6,0,0.000000000
nuscenes_mini_subset,scene-0103_027,-3.000000000,17,Truck,40.591754900,19,5,0.263157895
nuscenes_mini_subset,scene-0103_027,-3.000000000,21,Car,15.611505980,66,27,0.409090909
nuscenes_mini_subset,scene-0103_027,-2.000000000,8,Car,24.262739375,24,13,0.541666667
nuscenes_mini_subset,scene-0103_027,-2.000000000,16,Pedestrian,21.400313265,6,0,0.000000000
nuscenes_mini_subset,scene-0103_027,-2.000000000,17,Truck,40.591754900,19,10,0.526315789
nuscenes_mini_subset,scene-0103_027,-2.000000000,21,Car,15.611505980,66,24,0.363636364
nuscenes_mini_subset,scene-0103_027,-1.000000000,8,Car,24.262739375,24,19,0.791666667
nuscenes_mini_subset,scene-0103_027,-1.000000000,16,Pedestrian,21.400313265,6,4,0.666666667
nuscenes_mini_subset,scene-0103_027,-1.000000000,17,Truck,40.591754900,19,17,0.894736842
nuscenes_mini_subset,scene-0103_027,-1.000000000,21,Car,15.611505980,66,19,0.287878788
nuscenes_mini_subset,scene-0103_027,-0.500000000,8,Car,24.262739375,24,23,0.958333333
nuscenes_mini_subset,scene-0103_027,-0.500000000,16,Pedestrian,21.400313265,6,6,1.000000000
nuscenes_mini_subset,scene-0103_027,-0.500000000,17,Truck,40.591754900,19,18,0.947368421
nuscenes_mini_subset,scene-0103_027,-0.500000000,21,Car,15.611505980,66,17,0.257575758
nuscenes_mini_subset,scene-0103_027,0.000000000,8,Car,24.262739375,24,24,1.000000000
nuscenes_mini_subset,scene-0103_027,0.000000000,16,Pedestrian,21.400313265,6,6,1.000000000
nuscenes_mini_subset,scene-0103_027,0.000000000,17,Truck,40.591754900,19,19,1.000000000
nuscenes_mini_subset,scene-0103_027,0.000000000,21,Car,15.611505980,66,17,0.257575758
nuscenes_mini_subset,scene-0103_027,0.500000000,8,Car,24.262739375,24,24,1.000000000
nuscenes_mini_subset,scene-0103_027,0.500000000,16,Pedestrian,21.400313265,6,5,0.833333333
nuscenes_mini_subset,scene-0103_027,0.500000000,17,Truck,40.591754900,19,19,1.000000000
nuscenes_mini_subset,scene-0103_027,0.500000000,21,Car,15.611505980,66,17,0.257575758
nuscenes_mini_subset,scene-0103_027,1.000000000,8,Car,24.262739375,24,22,0.916666667
nuscenes_mini_subset,scene-0103_027,1.000000000,16,Pedestrian,21.400313265,6,2,0.333333333
nuscenes_mini_subset,scene-0103_027,1.000000000,17,Truck,40.591754900,19,19,1.000000000
nuscenes_mini_subset,scene-0103_027,1.000000000,21,Car,15.611505980,66,17,0.257575758
nuscenes_mini_subset,scene-0103_027,2.000000000,8,Car,24.262739375,24,17,0.708333333
nuscenes_mini_subset,scene-0103_027,2.000000000,16,Pedestrian,21.400313265,6,0,0.000000000
nuscenes_mini_subset,scene-0103_027,2.000000000,17,Truck,40.591754900,19,18,0.947368421
nuscenes_mini_subset,scene-0103_027,2.000000000,21,Car,15.611505980,66,15,0.227272727
nuscenes_mini_subset,scene-0103_027,3.000000000,8,Car,24.262739375,24,11,0.458333333
nuscenes_mini_subset,scene-0103_027,3.000000000,16,Pedestrian,21.400313265,6,0,0.000000000
nuscenes_mini_subset,scene-0103_027,3.000000000,17,Truck,40.591754900,19,12,0.631578947
nuscenes_mini_subset,scene-0103_027,3.000000000,21,Car,15.611505980,66,14,0.212121212
nuscenes_mini_subset,scene-0103_028,-3.000000000,8,Car,21.831455268,27,12,0.444444444
nuscenes_mini_subset,scene-0103_028,-3.000000000,15,Car,32.384311520,5,4,0.800000000
nuscenes_mini_subset,scene-0103_028,-3.000000000,16,Pedestrian,19.745999358,9,0,0.000000000
nuscenes_mini_subset,scene-0103_028,-3.000000000,17,Truck,38.159846130,23,8,0.347826087
nuscenes_mini_subset,scene-0103_028,-3.000000000,21,Car,13.665037767,143,13,0.090909091
nuscenes_mini_subset,scene-0103_028,-3.000000000,22,Car,26.661131347,14,12,0.857142857
nuscenes_mini_subset,scene-0103_028,-2.000000000,8,Car,21.831455268,27,17,0.629629630
nuscenes_mini_subset,scene-0103_028,-2.000000000,15,Car,32.384311520,5,5,1.000000000
nuscenes_mini_subset,scene-0103_028,-2.000000000,16,Pedestrian,19.745999358,9,0,0.000000000
nuscenes_mini_subset,scene-0103_028,-2.000000000,17,Truck,38.159846130,23,13,0.565217391
nuscenes_mini_subset,scene-0103_028,-2.000000000,21,Car,13.665037767,143,16,0.111888112
nuscenes_mini_subset,scene-0103_028,-2.000000000,22,Car,26.661131347,14,14,1.000000000
nuscenes_mini_subset,scene-0103_028,-1.000000000,8,Car,21.831455268,27,23,0.851851852
nuscenes_mini_subset,scene-0103_028,-1.000000000,15,Car,32.384311520,5,5,1.000000000
nuscenes_mini_subset,scene-0103_028,-1.000000000,16,Pedestrian,19.745999358,9,7,0.777777778
nuscenes_mini_subset,scene-0103_028,-1.000000000,17,Truck,38.159846130,23,19,0.826086957
nuscenes_mini_subset,scene-0103_028,-1.000000000,21,Car,13.665037767,143,9,0.062937063
nuscenes_mini_subset,scene-0103_028,-1.000000000,22,Car,26.661131347,14,14,1.000000000
nuscenes_mini_subset,scene-0103_028,-0.500000000,8,Car,21.831455268,27,27,1.000000000
nuscenes_mini_subset,scene-0103_028,-0.500000000,15,Car,32.384311520,5,5,1.000000000
nuscenes_mini_subset,scene-0103_028,-0.500000000,16,Pedestrian,19.745999358,9,9,1.000000000
nuscenes_mini_subset,scene-0103_028,-0.500000000,17,Truck,38.159846130,23,22,0.956521739
nuscenes_mini_subset,scene-0103_028,-0.500000000,21,Car,13.665037767,143,5,0.034965035
nuscenes_mini_subset,scene-0103_028,-0.500000000,22,Car,26.661131347,14,14,1.000000000
nuscenes_mini_subset,scene-0103_028,0.000000000,8,Car,21.831455268,27,27,1.000000000
nuscenes_mini_subset,scene-0103_028,0.000000000,15,Car,32.384311520,5,5,1.000000000
nuscenes_mini_subset,scene-0103_028,0.000000000,16,Pedestrian,19.745999358,9,9,1.000000000
nuscenes_mini_subset,scene-0103_028,0.000000000,17,Truck,38.159846130,23,23,1.000000000
nuscenes_mini_subset,scene-0103_028,0.000000000,21,Car,13.665037767,143,3,0.020979021
nuscenes_mini_subset,scene-0103_028,0.000000000,22,Car,26.661131347,14,14,1.000000000
nuscenes_mini_subset,scene-0103_028,0.500000000,8,Car,21.831455268,27,26,0.962962963
nuscenes_mini_subset,scene-0103_028,0.500000000,15,Car,32.384311520,5,4,0.800000000
nuscenes_mini_subset,scene-0103_028,0.500000000,16,Pedestrian,19.745999358,9,8,0.888888889
nuscenes_mini_subset,scene-0103_028,0.500000000,17,Truck,38.159846130,23,23,1.000000000
nuscenes_mini_subset,scene-0103_028,0.500000000,21,Car,13.665037767,143,1,0.006993007
nuscenes_mini_subset,scene-0103_028,0.500000000,22,Car,26.661131347,14,14,1.000000000
nuscenes_mini_subset,scene-0103_028,1.000000000,8,Car,21.831455268,27,25,0.925925926
nuscenes_mini_subset,scene-0103_028,1.000000000,15,Car,32.384311520,5,3,0.600000000
nuscenes_mini_subset,scene-0103_028,1.000000000,16,Pedestrian,19.745999358,9,5,0.555555556
nuscenes_mini_subset,scene-0103_028,1.000000000,17,Truck,38.159846130,23,22,0.956521739
nuscenes_mini_subset,scene-0103_028,1.000000000,21,Car,13.665037767,143,0,0.000000000
nuscenes_mini_subset,scene-0103_028,1.000000000,22,Car,26.661131347,14,13,0.928571429
nuscenes_mini_subset,scene-0103_028,2.000000000,8,Car,21.831455268,27,21,0.777777778
nuscenes_mini_subset,scene-0103_028,2.000000000,15,Car,32.384311520,5,0,0.000000000
nuscenes_mini_subset,scene-0103_028,2.000000000,16,Pedestrian,19.745999358,9,0,0.000000000
nuscenes_mini_subset,scene-0103_028,2.000000000,17,Truck,38.159846130,23,19,0.826086957
nuscenes_mini_subset,scene-0103_028,2.000000000,21,Car,13.665037767,143,0,0.000000000
nuscenes_mini_subset,scene-0103_028,2.000000000,22,Car,26.661131347,14,12,0.857142857
nuscenes_mini_subset,scene-0103_028,3.000000000,8,Car,21.831455268,27,15,0.555555556
nuscenes_mini_subset,scene-0103_028,3.000000000,15,Car,32.384311520,5,0,0.000000000
nuscenes_mini_subset,scene-0103_028,3.000000000,16,Pedestrian,19.745999358,9,0,0.000000000
nuscenes_mini_subset,scene-0103_028,3.000000000,17,Truck,38.159846130,23,15,0.652173913
nuscenes_mini_subset,scene-0103_028,3.000000000,21,Car,13.665037767,143,0,0.000000000
nuscenes_mini_subset,scene-0103_028,3.000000000,22,Car,26.661131347,14,6,0.428571429
nuscenes_mini_subset,scene-0103_029,-3.000000000,2,Car,28.031078841,9,0,0.000000000
nuscenes_mini_subset,scene-0103_029,-3.000000000,8,Car,18.689823079,41,24,0.585365854
nuscenes_mini_subset,scene-0103_029,-3.000000000,14,Bicycle,35.183095814,5,0,0.000000000
nuscenes_mini_subset,scene-0103_029,-3.000000000,16,Pedestrian,17.458272353,5,0,0.000000000
nuscenes_mini_subset,scene-0103_029,-3.000000000,17,Truck,34.972595804,26,9,0.346153846
nuscenes_mini_subset,scene-0103_029,-3.000000000,21,Car,23.468126765,11,11,1.000000000
nuscenes_mini_subset,scene-0103_029,-2.000000000,2,Car,28.031078841,9,0,0.000000000
nuscenes_mini_subset,scene-0103_029,-2.000000000,8,Car,18.689823079,41,30,0.731707317
nuscenes_mini_subset,scene-0103_029,-2.000000000,14,Bicycle,35.183095814,5,0,0.000000000
nuscenes_mini_subset,scene-0103_029,-2.000000000,16,Pedestrian,17.458272353,5,0,0.000000000
nuscenes_mini_subset,scene-0103_029,-2.000000000,17,Truck,34.972595804,26,13,0.500000000
nuscenes_mini_subset,scene-0103_029,-2.000000000,21,Car,23.468126765,11,11,1.000000000
nuscenes_mini_subset,scene-0103_029,-1.000000000,2,Car,28.031078841,9,0,0.000000000
nuscenes_mini_subset,scene-0103_029,-1.000000000,8,Car,18.689823079,41,38,0.926829268
nuscenes_mini_subset,scene-0103_029,-1.000000000,14,Bicycle,35.183095814,5,2,0.400000000
nuscenes_mini_subset,scene-0103_029,-1.000000000,16,Pedestrian,17.458272353,5,5,1.000000000
nuscenes_mini_subset,scene-0103_029,-1.000000000,17,Truck,34.972595804,26,22,0.846153846
nuscenes_mini_subset,scene-0103_029,-1.000000000,21,Car,23.468126765,11,11,1.000000000
nuscenes_mini_subset,scene-0103_029,-0.500000000,2,Car,28.031078841,9,0,0.000000000
nuscenes_mini_subset,scene-0103_029,-0.500000000,8,Car,18.689823079,41,41,1.000000000
nuscenes_mini_subset,scene-0103_029,-0.500000000,14,Bicycle,35.183095814,5,4,0.800000000
nuscenes_mini_subset,scene-0103_029,-0.500000000,16,Pedestrian,17.458272353,5,5,1.000000000
nuscenes_mini_subset,scene-0103_029,-0.500000000,17,Truck,34.972595804,26,26,1.000000000
nuscenes_mini_subset,scene-0103_029,-0.500000000,21,Car,23.468126765,11,11,1.000000000
nuscenes_mini_subset,scene-0103_029,0.000000000,2,Car,28.031078841,9,0,0.000000000
nuscenes_mini_subset,scene-0103_029,0.000000000,8,Car,18.689823079,41,41,1.000000000
nuscenes_mini_subset,scene-0103_029,0.000000000,14,Bicycle,35.183095814,5,5,1.000000000
nuscenes_mini_subset,scene-0103_029,0.000000000,16,Pedestrian,17.458272353,5,5,1.000000000
nuscenes_mini_subset,scene-0103_029,0.000000000,17,Truck,34.972595804,26,26,1.000000000
nuscenes_mini_subset,scene-0103_029,0.000000000,21,Car,23.468126765,11,11,1.000000000
nuscenes_mini_subset,scene-0103_029,0.500000000,2,Car,28.031078841,9,0,0.000000000
nuscenes_mini_subset,scene-0103_029,0.500000000,8,Car,18.689823079,41,41,1.000000000
nuscenes_mini_subset,scene-0103_029,0.500000000,14,Bicycle,35.183095814,5,3,0.600000000
nuscenes_mini_subset,scene-0103_029,0.500000000,16,Pedestrian,17.458272353,5,5,1.000000000
nuscenes_mini_subset,scene-0103_029,0.500000000,17,Truck,34.972595804,26,26,1.000000000
nuscenes_mini_subset,scene-0103_029,0.500000000,21,Car,23.468126765,11,11,1.000000000
nuscenes_mini_subset,scene-0103_029,1.000000000,2,Car,28.031078841,9,2,0.222222222
nuscenes_mini_subset,scene-0103_029,1.000000000,8,Car,18.689823079,41,39,0.951219512
nuscenes_mini_subset,scene-0103_029,1.000000000,14,Bicycle,35.183095814,5,1,0.200000000
nuscenes_mini_subset,scene-0103_029,1.000000000,16,Pedestrian,17.458272353,5,3,0.600000000
nuscenes_mini_subset,scene-0103_029,1.000000000,17,Truck,34.972595804,26,26,1.000000000
nuscenes_mini_subset,scene-0103_029,1.000000000,21,Car,23.468126765,11,10,0.909090909
nuscenes_mini_subset,scene-0103_029,2.000000000,2,Car,28.031078841,9,0,0.000000000
nuscenes_mini_subset,scene-0103_029,2.000000000,8,Car,18.689823079,41,33,0.804878049
nuscenes_mini_subset,scene-0103_029,2.000000000,14,Bicycle,35.183095814,5,0,0.000000000
nuscenes_mini_subset,scene-0103_029,2.000000000,16,Pedestrian,17.458272353,5,0,0.000000000
nuscenes_mini_subset,scene-0103_029,2.000000000,17,Truck,34.972595804,26,23,0.884615385
nuscenes_mini_subset,scene-0103_029,2.000000000,21,Car,23.468126765,11,10,0.909090909
nuscenes_mini_subset,scene-0103_029,3.000000000,2,Car,28.031078841,9,0,0.000000000
nuscenes_mini_subset,scene-0103_029,3.000000000,8,Car,18.689823079,41,26,0.634146341
nuscenes_mini_subset,scene-0103_029,3.000000000,14,Bicycle,35.183095814,5,0,0.000000000
nuscenes_mini_subset,scene-0103_029,3.000000000,16,Pedestrian,17.458272353,5,0,0.000000000
nuscenes_mini_subset,scene-0103_029,3.000000000,17,Truck,34.972595804,26,20,0.769230769
nuscenes_mini_subset,scene-0103_029,3.000000000,21,Car,23.468126765,11,5,0.454545455
nuscenes_mini_subset,scene-0103_030,-3.000000000,4,Car,28.698070815,6,4,0.666666667
nuscenes_mini_subset,scene-0103_030,-3.000000000,7,Car,15.658702289,66,43,0.651515152
nuscenes_mini_subset,scene-0103_030,-3.000000000,13,Bicycle,29.475683400,7,0,0.000000000
nuscenes_mini_subset,scene-0103_030,-3.000000000,14,Car,26.027880824,20,16,0.800000000
nuscenes_mini_subset,scene-0103_030,-3.000000000,15,Truck,31.886254357,43,21,0.488372093
nuscenes_mini_subset,scene-0103_030,-3.000000000,19,Car,20.365248585,30,27,0.900000000
nuscenes_mini_subset,scene-0103_030,-2.000000000,4,Car,28.698070815,6,5,0.833333333
nuscenes_mini_subset,scene-0103_030,-2.000000000,7,Car,15.658702289,66,54,0.818181818
nuscenes_mini_subset,scene-0103_030,-2.000000000,13,Bicycle,29.475683400,7,0,0.000000000
nuscenes_mini_subset,scene-0103_030,-2.000000000,14,Car,26.027880824,20,19,0.950000000
nuscenes_mini_subset,scene-0103_030,-2.000000000,15,Truck,31.886254357,43,30,0.697674419
nuscenes_mini_subset,scene-0103_030,-2.000000000,19,Car,20.365248585,30,30,1.000000000
nuscenes_mini_subset,scene-0103_030,-1.000000000,4,Car,28.698070815,6,5,0.833333333
nuscenes_mini_subset,scene-0103_030,-1.000000000,7,Car,15.658702289,66,63,0.954545455
nuscenes_mini_subset,scene-0103_030,-1.000000000,13,Bicycle,29.475683400,7,4,0.571428571
nuscenes_mini_subset,scene-0103_030,-1.000000000,14,Car,26.027880824,20,20,1.000000000
nuscenes_mini_subset,scene-0103_030,-1.000000000,15,Truck,31.886254357,43,40,0.930232558
nuscenes_mini_subset,scene-0103_030,-1.000000000,19,Car,20.365248585,30,30,1.000000000
nuscenes_mini_subset,scene-0103_030,-0.500000000,4,Car,28.698070815,6,6,1.000000000
nuscenes_mini_subset,scene-0103_030,-0.500000000,7,Car,15.658702289,66,66,1.000000000
nuscenes_mini_subset,scene-0103_030,-0.500000000,13,Bicycle,29.475683400,7,6,0.857142857
nuscenes_mini_subset,scene-0103_030,-0.500000000,14,Car,26.027880824,20,20,1.000000000
nuscenes_mini_subset,scene-0103_030,-0.500000000,15,Truck,31.886254357,43,42,0.976744186
nuscenes_mini_subset,scene-0103_030,-0.500000000,19,Car,20.365248585,30,30,1.000000000
nuscenes_mini_subset,scene-0103_030,0.000000000,4,Car,28.698070815,6,6,1.000000000
nuscenes_mini_subset,scene-0103_030,0.000000000,7,Car,15.658702289,66,66,1.000000000
nuscenes_mini_subset,scene-0103_030,0.000000000,13,Bicycle,29.475683400,7,7,1.000000000
nuscenes_mini_subset,scene-0103_030,0.000000000,14,Car,26.027880824,20,20,1.000000000
nuscenes_mini_subset,scene-0103_030,0.000000000,15,Truck,31.886254357,43,43,1.000000000
nuscenes_mini_subset,scene-0103_030,0.000000000,19,Car,20.365248585,30,30,1.000000000
nuscenes_mini_subset,scene-0103_030,0.500000000,4,Car,28.698070815,6,6,1.000000000
nuscenes_mini_subset,scene-0103_030,0.500000000,7,Car,15.658702289,66,66,1.000000000
nuscenes_mini_subset,scene-0103_030,0.500000000,13,Bicycle,29.475683400,7,7,1.000000000
nuscenes_mini_subset,scene-0103_030,0.500000000,14,Car,26.027880824,20,19,0.950000000
nuscenes_mini_subset,scene-0103_030,0.500000000,15,Truck,31.886254357,43,43,1.000000000
nuscenes_mini_subset,scene-0103_030,0.500000000,19,Car,20.365248585,30,30,1.000000000
nuscenes_mini_subset,scene-0103_030,1.000000000,4,Car,28.698070815,6,6,1.000000000
nuscenes_mini_subset,scene-0103_030,1.000000000,7,Car,15.658702289,66,64,0.969696970
nuscenes_mini_subset,scene-0103_030,1.000000000,13,Bicycle,29.475683400,7,3,0.428571429
nuscenes_mini_subset,scene-0103_030,1.000000000,14,Car,26.027880824,20,17,0.850000000
nuscenes_mini_subset,scene-0103_030,1.000000000,15,Truck,31.886254357,43,43,1.000000000
nuscenes_mini_subset,scene-0103_030,1.000000000,19,Car,20.365248585,30,28,0.933333333
nuscenes_mini_subset,scene-0103_030,2.000000000,4,Car,28.698070815,6,6,1.000000000
nuscenes_mini_subset,scene-0103_030,2.000000000,7,Car,15.658702289,66,58,0.878787879
nuscenes_mini_subset,scene-0103_030,2.000000000,13,Bicycle,29.475683400,7,0,0.000000000
nuscenes_mini_subset,scene-0103_030,2.000000000,14,Car,26.027880824,20,11,0.550000000
nuscenes_mini_subset,scene-0103_030,2.000000000,15,Truck,31.886254357,43,40,0.930232558
nuscenes_mini_subset,scene-0103_030,2.000000000,19,Car,20.365248585,30,28,0.933333333
nuscenes_mini_subset,scene-0103_030,3.000000000,4,Car,28.698070815,6,6,1.000000000
nuscenes_mini_subset,scene-0103_030,3.000000000,7,Car,15.658702289,66,51,0.772727273
nuscenes_mini_subset,scene-0103_030,3.000000000,13,Bicycle,29.475683400,7,0,0.000000000
nuscenes_mini_subset,scene-0103_030,3.000000000,14,Car,26.027880824,20,4,0.200000000
nuscenes_mini_subset,scene-0103_030,3.000000000,15,Truck,31.886254357,43,37,0.860465116
nuscenes_mini_subset,scene-0103_030,3.000000000,19,Car,20.365248585,30,26,0.866666667
nuscenes_mini_subset,scene-0103_031,-3.000000000,3,Car,25.672631903,18,1,0.055555556
nuscenes_mini_subset,scene-0103_031,-3.000000000,6,Car,12.542071282,140,92,0.657142857
nuscenes_mini_subset,scene-0103_031,-3.000000000,7,Car,28.751501758,12,5,0.416666667
nuscenes_mini_subset,scene-0103_031,-3.000000000,9,Car,36.713007963,9,0,0.000000000
nuscenes_mini_subset,scene-0103_031,-3.000000000,11,Bicycle,23.407611647,8,0,0.000000000
nuscenes_mini_subset,scene-0103_031,-3.000000000,12,Car,22.723890059,19,18,0.947368421
nuscenes_mini_subset,scene-0103_031,-3.000000000,13,Truck,28.620039576,49,34,0.693877551
nuscenes_mini_subset,scene-0103_031,-3.000000000,17,Car,17.142855301,47,47,1.000000000
nuscenes_mini_subset,scene-0103_031,-2.000000000,3,Car,25.672631903,18,1,0.055555556
nuscenes_mini_subset,scene-0103_031,-2.000000000,6,Car,12.542071282,140,106,0.757142857
nuscenes_mini_subset,scene-0103_031,-2.000000000,7,Car,28.751501758,12,9,0.750000000
nuscenes_mini_subset,scene-0103_031,-2.000000000,9,Car,36.713007963,9,3,0.333333333
nuscenes_mini_subset,scene-0103_031,-2.000000000,11,Bicycle,23.407611647,8,0,0.000000000
nuscenes_mini_subset,scene-0103_031,-2.000000000,12,Car,22.723890059,19,19,1.000000000
nuscenes_mini_subset,scene-0103_031,-2.000000000,13,Truck,28.620039576,49,43,0.877551020
nuscenes_mini_subset,scene-0103_031,-2.000000000,17,Car,17.142855301,47,47,1.000000000
nuscenes_mini_subset,scene-0103_031,-1.000000000,3,Car,25.672631903,18,3,0.166666667
nuscenes_mini_subset,scene-0103_031,-1.000000000,6,Car,12.542071282,140,121,0.864285714
nuscenes_mini_subset,scene-0103_031,-1.000000000,7,Car,28.751501758,12,12,1.000000000
nuscenes_mini_subset,scene-0103_031,-1.000000000,9,Car,36.713007963,9,7,0.777777778
nuscenes_mini_subset,scene-0103_031,-1.000000000,11,Bicycle,23.407611647,8,5,0.625000000
nuscenes_mini_subset,scene-0103_031,-1.000000000,12,Car,22.723890059,19,19,1.000000000
nuscenes_mini_subset,scene-0103_031,-1.000000000,13,Truck,28.620039576,49,47,0.959183673
nuscenes_mini_subset,scene-0103_031,-1.000000000,17,Car,17.142855301,47,47,1.000000000
nuscenes_mini_subset,scene-0103_031,-0.500000000,3,Car,25.672631903,18,5,0.277777778
nuscenes_mini_subset,scene-0103_031,-0.500000000,6,Car,12.542071282,140,125,0.892857143
nuscenes_mini_subset,scene-0103_031,-0.500000000,7,Car,28.751501758,12,12,1.000000000
nuscenes_mini_subset,scene-0103_031,-0.500000000,9,Car,36.713007963,9,8,0.888888889
nuscenes_mini_subset,scene-0103_031,-0.500000000,11,Bicycle,23.407611647,8,7,0.875000000
nuscenes_mini_subset,scene-0103_031,-0.500000000,12,Car,22.723890059,19,19,1.000000000
nuscenes_mini_subset,scene-0103_031,-0.500000000,13,Truck,28.620039576,49,49,1.000000000
nuscenes_mini_subset,scene-0103_031,-0.500000000,17,Car,17.142855301,47,47,1.000000000
nuscenes_mini_subset,scene-0103_031,0.000000000,3,Car,25.672631903,18,8,0.444444444
nuscenes_mini_subset,scene-0103_031,0.000000000,6,Car,12.542071282,140,133,0.950000000
nuscenes_mini_subset,scene-0103_031,0.000000000,7,Car,28.751501758,12,12,1.000000000
nuscenes_mini_subset,scene-0103_031,0.000000000,9,Car,36.713007963,9,9,1.000000000
nuscenes_mini_subset,scene-0103_031,0.000000000,11,Bicycle,23.407611647,8,8,1.000000000
nuscenes_mini_subset,scene-0103_031,0.000000000,12,Car,22.723890059,19,19,1.000000000
nuscenes_mini_subset,scene-0103_031,0.000000000,13,Truck,28.620039576,49,49,1.000000000
nuscenes_mini_subset,scene-0103_031,0.000000000,17,Car,17.142855301,47,47,1.000000000
nuscenes_mini_subset,scene-0103_031,0.500000000,3,Car,25.672631903,18,10,0.555555556
nuscenes_mini_subset,scene-0103_031,0.500000000,6,Car,12.542071282,140,137,0.978571429
nuscenes_mini_subset,scene-0103_031,0.500000000,7,Car,28.751501758,12,12,1.000000000
nuscenes_mini_subset,scene-0103_031,0.500000000,9,Car,36.713007963,9,9,1.000000000
nuscenes_mini_subset,scene-0103_031,0.500000000,11,Bicycle,23.407611647,8,8,1.000000000
nuscenes_mini_subset,scene-0103_031,0.500000000,12,Car,22.723890059,19,19,1.000000000
nuscenes_mini_subset,scene-0103_031,0.500000000,13,Truck,28.620039576,49,49,1.000000000
nuscenes_mini_subset,scene-0103_031,0.500000000,17,Car,17.142855301,47,47,1.000000000
nuscenes_mini_subset,scene-0103_031,1.000000000,3,Car,25.672631903,18,14,0.777777778
nuscenes_mini_subset,scene-0103_031,1.000000000,6,Car,12.542071282,140,138,0.985714286
nuscenes_mini_subset,scene-0103_031,1.000000000,7,Car,28.751501758,12,12,1.000000000
nuscenes_mini_subset,scene-0103_031,1.000000000,9,Car,36.713007963,9,9,1.000000000
nuscenes_mini_subset,scene-0103_031,1.000000000,11,Bicycle,23.407611647,8,7,0.875000000
nuscenes_mini_subset,scene-0103_031,1.000000000,12,Car,22.723890059,19,17,0.894736842
nuscenes_mini_subset,scene-0103_031,1.000000000,13,Truck,28.620039576,49,49,1.000000000
nuscenes_mini_subset,scene-0103_031,1.000000000,17,Car,17.142855301,47,46,0.978723404
nuscenes_mini_subset,scene-0103_031,2.000000000,3,Car,25.672631903,18,16,0.888888889
nuscenes_mini_subset,scene-0103_031,2.000000000,6,Car,12.542071282,140,131,0.935714286
nuscenes_mini_subset,scene-0103_031,2.000000000,7,Car,28.751501758,12,10,0.833333333
nuscenes_mini_subset,scene-0103_031,2.000000000,9,Car,36.713007963,9,9,1.000000000
nuscenes_mini_subset,scene-0103_031,2.000000000,11,Bicycle,23.407611647,8,2,0.250000000
nuscenes_mini_subset,scene-0103_031,2.000000000,12,Car,22.723890059,19,11,0.578947368
nuscenes_mini_subset,scene-0103_031,2.000000000,13,Truck,28.620039576,49,47,0.959183673
nuscenes_mini_subset,scene-0103_031,2.000000000,17,Car,17.142855301,47,41,0.872340426
nuscenes_mini_subset,scene-0103_031,3.000000000,3,Car,25.672631903,18,17,0.944444444
nuscenes_mini_subset,scene-0103_031,3.000000000,6,Car,12.542071282,140,120,0.857142857
nuscenes_mini_subset,scene-0103_031,3.000000000,7,Car,28.751501758,12,4,0.333333333
nuscenes_mini_subset,scene-0103_031,3.000000000,9,Car,36.713007963,9,6,0.666666667
nuscenes_mini_subset,scene-0103_031,3.000000000,11,Bicycle,23.407611647,8,0,0.000000000
nuscenes_mini_subset,scene-0103_031,3.000000000,12,Car,22.723890059,19,4,0.210526316
nuscenes_mini_subset,scene-0103_031,3.000000000,13,Truck,28.620039576,49,43,0.877551020
nuscenes_mini_subset,scene-0103_031,3.000000000,17,Car,17.142855301,47,35,0.744680851
nuscenes_mini_subset,scene-0103_032,-3.000000000,1,Car,45.906400651,5,0,0.000000000
nuscenes_mini_subset,scene-0103_032,-3.000000000,3,Car,22.635986437,21,0,0.000000000
nuscenes_mini_subset,scene-0103_032,-3.000000000,5,Car,9.526449175,250,7,0.028000000
nuscenes_mini_subset,scene-0103_032,-3.000000000,6,Car,25.305266800,22,17,0.772727273
nuscenes_mini_subset,scene-0103_032,-3.000000000,8,Car,33.289419237,10,1,0.100000000
nuscenes_mini_subset,scene-0103_032,-3.000000000,10,Bicycle,17.358551932,16,1,0.062500000
nuscenes_mini_subset,scene-0103_032,-3.000000000,11,Car,19.301662240,25,24,0.960000000
nuscenes_mini_subset,scene-0103_032,-3.000000000,12,Truck,25.261925089,70,47,0.671428571
nuscenes_mini_subset,scene-0103_032,-3.000000000,16,Car,13.863206034,123,113,0.918699187
nuscenes_mini_subset,scene-0103_032,-2.000000000,1,Car,45.906400651,5,2,0.400000000
nuscenes_mini_subset,scene-0103_032,-2.000000000,3,Car,22.635986437,21,0,0.000000000
nuscenes_mini_subset,scene-0103_032,-2.000000000,5,Car,9.526449175,250,14,0.056000000
nuscenes_mini_subset,scene-0103_032,-2.000000000,6,Car,25.305266800,22,20,0.909090909
nuscenes_mini_subset,scene-0103_032,-2.000000000,8,Car,33.289419237,10,5,0.500000000
nuscenes_mini_subset,scene-0103_032,-2.000000000,10,Bicycle,17.358551932,16,8,0.500000000
nuscenes_mini_subset,scene-0103_032,-2.000000000,11,Car,19.301662240,25,25,1.000000000
nuscenes_mini_subset,scene-0103_032,-2.000000000,12,Truck,25.261925089,70,58,0.828571429
nuscenes_mini_subset,scene-0103_032,-2.000000000,16,Car,13.863206034,123,116,0.943089431
nuscenes_mini_subset,scene-0103_032,-1.000000000,1,Car,45.906400651,5,5,1.000000000
nuscenes_mini_subset,scene-0103_032,-1.000000000,3,Car,22.635986437,21,0,0.000000000
nuscenes_mini_subset,scene-0103_032,-1.000000000,5,Car,9.526449175,250,22,0.088000000
nuscenes_mini_subset,scene-0103_032,-1.000000000,6,Car,25.305266800,22,22,1.000000000
nuscenes_mini_subset,scene-0103_032,-1.000000000,8,Car,33.289419237,10,8,0.800000000
nuscenes_mini_subset,scene-0103_032,-1.000000000,10,Bicycle,17.358551932,16,16,1.000000000
nuscenes_mini_subset,scene-0103_032,-1.000000000,11,Car,19.301662240,25,25,1.000000000
nuscenes_mini_subset,scene-0103_032,-1.000000000,12,Truck,25.261925089,70,67,0.957142857
nuscenes_mini_subset,scene-0103_032,-1.000000000,16,Car,13.863206034,123,122,0.991869919
nuscenes_mini_subset,scene-0103_032,-0.500000000,1,Car,45.906400651,5,5,1.000000000
nuscenes_mini_subset,scene-0103_032,-0.500000000,3,Car,22.635986437,21,0,0.000000000
nuscenes_mini_subset,scene-0103_032,-0.500000000,5,Car,9.526449175,250,27,0.108000000
nuscenes_mini_subset,scene-0103_032,-0.500000000,6,Car,25.305266800,22,22,1.000000000
nuscenes_mini_subset,scene-0103_032,-0.500000000,8,Car,33.289419237,10,10,1.000000000
nuscenes_mini_subset,scene-0103_032,-0.500000000,10,Bicycle,17.358551932,16,16,1.000000000
nuscenes_mini_subset,scene-0103_032,-0.500000000,11,Car,19.301662240,25,25,1.000000000
nuscenes_mini_subset,scene-0103_032,-0.500000000,12,Truck,25.261925089,70,70,1.000000000
nuscenes_mini_subset,scene-0103_032,-0.500000000,16,Car,13.863206034,123,123,1.000000000
nuscenes_mini_subset,scene-0103_032,0.000000000,1,Car,45.906400651,5,5,1.000000000
nuscenes_mini_subset,scene-0103_032,0.000000000,3,Car,22.635986437,21,0,0.000000000
nuscenes_mini_subset,scene-0103_032,0.000000000,5,Car,9.526449175,250,30,0.120000000
nuscenes_mini_subset,scene-0103_032,0.000000000,6,Car,25.305266800,22,22,1.000000000
nuscenes_mini_subset,scene-0103_032,0.000000000,8,Car,33.289419237,10,10,1.000000000
nuscenes_mini_subset,scene-0103_032,0.000000000,10,Bicycle,17.358551932,16,16,1.000000000
nuscenes_mini_subset,scene-0103_032,0.000000000,11,Car,19.301662240,25,25,1.000000000
nuscenes_mini_subset,scene-0103_032,0.000000000,12,Truck,25.261925089,70,70,1.000000000
nuscenes_mini_subset,scene-0103_032,0.000000000,16,Car,13.863206034,123,123,1.000000000
nuscenes_mini_subset,scene-0103_032,0.500000000,1,Car,45.906400651,5,5,1.000000000
nuscenes_mini_subset,scene-0103_032,0.500000000,3,Car,22.635986437,21,1,0.047619048
nuscenes_mini_subset,scene-0103_032,0.500000000,5,Car,9.526449175,250,38,0.152000000
nuscenes_mini_subset,scene-0103_032,0.500000000,6,Car,25.305266800,22,22,1.000000000
nuscenes_mini_subset,scene-0103_032,0.500000000,8,Car,33.289419237,10,10,1.000000000
nuscenes_mini_subset,scene-0103_032,0.500000000,10,Bicycle,17.358551932,16,16,1.000000000
nuscenes_mini_subset,scene-0103_032,0.500000000,11,Car,19.301662240,25,24,0.960000000
nuscenes_mini_subset,scene-0103_032,0.500000000,12,Truck,25.261925089,70,70,1.000000000
nuscenes_mini_subset,scene-0103_032,0.500000000,16,Car,13.863206034,123,123,1.000000000
nuscenes_mini_subset,scene-0103_032,1.000000000,1,Car,45.906400651,5,5,1.000000000
nuscenes_mini_subset,scene-0103_032,1.000000000,3,Car,22.635986437,21,3,0.142857143
nuscenes_mini_subset,scene-0103_032,1.000000000,5,Car,9.526449175,250,44,0.176000000
nuscenes_mini_subset,scene-0103_032,1.000000000,6,Car,25.305266800,22,19,0.863636364
nuscenes_mini_subset,scene-0103_032,1.000000000,8,Car,33.289419237,10,10,1.000000000
nuscenes_mini_subset,scene-0103_032,1.000000000,10,Bicycle,17.358551932,16,16,1.000000000
nuscenes_mini_subset,scene-0103_032,1.000000000,11,Car,19.301662240,25,23,0.920000000
nuscenes_mini_subset,scene-0103_032,1.000000000,12,Truck,25.261925089,70,70,1.000000000
nuscenes_mini_subset,scene-0103_032,1.000000000,16,Car,13.863206034,123,121,0.983739837
nuscenes_mini_subset,scene-0103_032,2.000000000,1,Car,45.906400651,5,1,0.200000000
nuscenes_mini_subset,scene-0103_032,2.000000000,3,Car,22.635986437,21,7,0.333333333
nuscenes_mini_subset,scene-0103_032,2.000000000,5,Car,9.526449175,250,53,0.212000000
nuscenes_mini_subset,scene-0103_032,2.000000000,6,Car,25.305266800,22,16,0.727272727
nuscenes_mini_subset,scene-0103_032,2.000000000,8,Car,33.289419237,10,10,1.000000000
nuscenes_mini_subset,scene-0103_032,2.000000000,10,Bicycle,17.358551932,16,13,0.812500000
nuscenes_mini_subset,scene-0103_032,2.000000000,11,Car,19.301662240,25,16,0.640000000
nuscenes_mini_subset,scene-0103_032,2.000000000,12,Truck,25.261925089,70,67,0.957142857
nuscenes_mini_subset,scene-0103_032,2.000000000,16,Car,13.863206034,123,114,0.926829268
nuscenes_mini_subset,scene-0103_032,3.000000000,1,Car,45.906400651,5,0,0.000000000
nuscenes_mini_subset,scene-0103_032,3.000000000,3,Car,22.635986437,21,8,0.380952381
nuscenes_mini_subset,scene-0103_032,3.000000000,5,Car,9.526449175,250,65,0.260000000
nuscenes_mini_subset,scene-0103_032,3.000000000,6,Car,25.305266800,22,9,0.409090909
nuscenes_mini_subset,scene-0103_032,3.000000000,8,Car,33.289419237,10,8,0.800000000
nuscenes_mini_subset,scene-0103_032,3.000000000,10,Bicycle,17.358551932,16,4,0.250000000
nuscenes_mini_subset,scene-0103_032,3.000000000,11,Car,19.301662240,25,12,0.480000000
nuscenes_mini_subset,scene-0103_032,3.000000000,12,Truck,25.261925089,70,61,0.871428571
nuscenes_mini_subset,scene-0103_032,3.000000000,16,Car,13.863206034,123,105,0.853658537
nuscenes_mini_subset,scene-0103_033,-3.000000000,1,Car,42.249571541,6,1,0.166666667
nuscenes_mini_subset,scene-0103_033,-3.000000000,5,Car,21.673260893,30,25,0.833333333
nuscenes_mini_subset,scene-0103_033,-3.000000000,7,Car,29.699867787,20,7,0.350000000
nuscenes_mini_subset,scene-0103_033,-3.000000000,8,Bicycle,11.624534740,40,27,0.675000000
nuscenes_mini_subset,scene-0103_033,-3.000000000,9,Car,15.728333270,64,64,1.000000000
nuscenes_mini_subset,scene-0103_033,-3.000000000,11,Truck,21.787815793,122,96,0.786885246
nuscenes_mini_subset,scene-0103_033,-3.000000000,14,Car,27.202826392,6,4,0.666666667
nuscenes_mini_subset,scene-0103_033,-3.000000000,15,Car,10.542160250,284,57,0.200704225
nuscenes_mini_subset,scene-0103_033,-2.000000000,1,Car,42.249571541,6,4,0.666666667
nuscenes_mini_subset,scene-0103_033,-2.000000000,5,Car,21.673260893,30,28,0.933333333
nuscenes_mini_subset,scene-0103_033,-2.000000000,7,Car,29.699867787,20,12,0.600000000
nuscenes_mini_subset,scene-0103_033,-2.000000000,8,Bicycle,11.624534740,40,39,0.975000000
nuscenes_mini_subset,scene-0103_033,-2.000000000,9,Car,15.728333270,64,64,1.000000000
nuscenes_mini_subset,scene-0103_033,-2.000000000,11,Truck,21.787815793,122,109,0.893442623
nuscenes_mini_subset,scene-0103_033,-2.000000000,14,Car,27.202826392,6,6,1.000000000
nuscenes_mini_subset,scene-0103_033,-2.000000000,15,Car,10.542160250,284,68,0.239436620
nuscenes_mini_subset,scene-0103_033,-1.000000000,1,Car,42.249571541,6,5,0.833333333
nuscenes_mini_subset,scene-0103_033,-1.000000000,5,Car,21.673260893,30,30,1.000000000
nuscenes_mini_subset,scene-0103_033,-1.000000000,7,Car,29.699867787,20,18,0.900000000
nuscenes_mini_subset,scene-0103_033,-1.000000000,8,Bicycle,11.624534740,40,36,0.900000000
nuscenes_mini_subset,scene-0103_033,-1.000000000,9,Car,15.728333270,64,64,1.000000000
nuscenes_mini_subset,scene-0103_033,-1.000000000,11,Truck,21.787815793,122,120,0.983606557
nuscenes_mini_subset,scene-0103_033,-1.000000000,14,Car,27.202826392,6,6,1.000000000
nuscenes_mini_subset,scene-0103_033,-1.000000000,15,Car,10.542160250,284,82,0.288732394
nuscenes_mini_subset,scene-0103_033,-0.500000000,1,Car,42.249571541,6,6,1.000000000
nuscenes_mini_subset,scene-0103_033,-0.500000000,5,Car,21.673260893,30,30,1.000000000
nuscenes_mini_subset,scene-0103_033,-0.500000000,7,Car,29.699867787,20,20,1.000000000
nuscenes_mini_subset,scene-0103_033,-0.500000000,8,Bicycle,11.624534740,40,34,0.850000000
nuscenes_mini_subset,scene-0103_033,-0.500000000,9,Car,15.728333270,64,64,1.000000000
nuscenes_mini_subset,scene-0103_033,-0.500000000,11,Truck,21.787815793,122,122,1.000000000
nuscenes_mini_subset,scene-0103_033,-0.500000000,14,Car,27.202826392,6,6,1.000000000
nuscenes_mini_subset,scene-0103_033,-0.500000000,15,Car,10.542160250,284,90,0.316901408
nuscenes_mini_subset,scene-0103_033,0.000000000,1,Car,42.249571541,6,6,1.000000000
nuscenes_mini_subset,scene-0103_033,0.000000000,5,Car,21.673260893,30,30,1.000000000
nuscenes_mini_subset,scene-0103_033,0.000000000,7,Car,29.699867787,20,20,1.000000000
nuscenes_mini_subset,scene-0103_033,0.000000000,8,Bicycle,11.624534740,40,31,0.775000000
nuscenes_mini_subset,scene-0103_033,0.000000000,9,Car,15.728333270,64,64,1.000000000
nuscenes_mini_subset,scene-0103_033,0.000000000,11,Truck,21.787815793,122,122,1.000000000
nuscenes_mini_subset,scene-0103_033,0.000000000,14,Car,27.202826392,6,6,1.000000000
nuscenes_mini_subset,scene-0103_033,0.000000000,15,Car,10.542160250,284,95,0.334507042
nuscenes_mini_subset,scene-0103_033,0.500000000,1,Car,42.249571541,6,5,0.833333333
nuscenes_mini_subset,scene-0103_033,0.500000000,5,Car,21.673260893,30,30,1.000000000
nuscenes_mini_subset,scene-0103_033,0.500000000,7,Car,29.699867787,20,20,1.000000000
nuscenes_mini_subset,scene-0103_033,0.500000000,8,Bicycle,11.624534740,40,26,0.650000000
nuscenes_mini_subset,scene-0103_033,0.500000000,9,Car,15.728333270,64,64,1.000000000
nuscenes_mini_subset,scene-0103_033,0.500000000,11,Truck,21.787815793,122,122,1.000000000
nuscenes_mini_subset,scene-0103_033,0.500000000,14,Car,27.202826392,6,6,1.000000000
nuscenes_mini_subset,scene-0103_033,0.500000000,15,Car,10.542160250,284,100,0.352112676
nuscenes_mini_subset,scene-0103_033,1.000000000,1,Car,42.249571541,6,3,0.500000000
nuscenes_mini_subset,scene-0103_033,1.000000000,5,Car,21.673260893,30,29,0.966666667
nuscenes_mini_subset,scene-0103_033,1.000000000,7,Car,29.699867787,20,20,1.000000000
nuscenes_mini_subset,scene-0103_033,1.000000000,8,Bicycle,11.624534740,40,21,0.525000000
nuscenes_mini_subset,scene-0103_033,1.000000000,9,Car,15.728333270,64,62,0.968750000
nuscenes_mini_subset,scene-0103_033,1.000000000,11,Truck,21.787815793,122,122,1.000000000
nuscenes_mini_subset,scene-0103_033,1.000000000,14,Car,27.202826392,6,6,1.000000000
nuscenes_mini_subset,scene-0103_033,1.000000000,15,Car,10.542160250,284,107,0.376760563
nuscenes_mini_subset,scene-0103_033,2.000000000,1,Car,42.249571541,6,1,0.166666667
nuscenes_mini_subset,scene-0103_033,2.000000000,5,Car,21.673260893,30,25,0.833333333
nuscenes_mini_subset,scene-0103_033,2.000000000,7,Car,29.699867787,20,20,1.000000000
nuscenes_mini_subset,scene-0103_033,2.000000000,8,Bicycle,11.624534740,40,8,0.200000000
nuscenes_mini_subset,scene-0103_033,2.000000000,9,Car,15.728333270,64,57,0.890625000
nuscenes_mini_subset,scene-0103_033,2.000000000,11,Truck,21.787815793,122,122,1.000000000
nuscenes_mini_subset,scene-0103_033,2.000000000,14,Car,27.202826392,6,2,0.333333333
nuscenes_mini_subset,scene-0103_033,2.000000000,15,Car,10.542160250,284,116,0.408450704
nuscenes_mini_subset,scene-0103_033,3.000000000,1,Car,42.249571541,6,0,0.000000000
nuscenes_mini_subset,scene-0103_033,3.000000000,5,Car,21.673260893,30,15,0.500000000
nuscenes_mini_subset,scene-0103_033,3.000000000,7,Car,29.699867787,20,17,0.850000000
nuscenes_mini_subset,scene-0103_033,3.000000000,8,Bicycle,11.624534740,40,0,0.000000000
nuscenes_mini_subset,scene-0103_033,3.000000000,9,Car,15.728333270,64,51,0.796875000
nuscenes_mini_subset,scene-0103_033,3.000000000,11,Truck,21.787815793,122,116,0.950819672
nuscenes_mini_subset,scene-0103_033,3.000000000,14,Car,27.202826392,6,0,0.000000000
nuscenes_mini_subset,scene-0103_033,3.000000000,15,Car,10.542160250,284,126,0.443661972
nuscenes_mini_subset,scene-0103_034,-3.000000000,1,Car,38.484781896,9,1,0.111111111
nuscenes_mini_subset,scene-0103_034,-3.000000000,3,Car,34.668548761,6,1,0.166666667
nuscenes_mini_subset,scene-0103_034,-3.000000000,6,Car,17.954579032,61,58,0.950819672
nuscenes_mini_subset,scene-0103_034,-3.000000000,8,Car,26.035490616,22,9,0.409090909
nuscenes_mini_subset,scene-0103_034,-3.000000000,9,Car,12.145029525,166,102,0.614457831
nuscenes_mini_subset,scene-0103_034,-3.000000000,11,Truck,18.368009153,187,157,0.839572193
nuscenes_mini_subset,scene-0103_034,-3.000000000,14,Car,23.403853094,17,15,0.882352941
nuscenes_mini_subset,scene-0103_034,-3.000000000,15,Car,7.514232983,798,0,0.000000000
nuscenes_mini_subset,scene-0103_034,-2.000000000,1,Car,38.484781896,9,6,0.666666667
nuscenes_mini_subset,scene-0103_034,-2.000000000,3,Car,34.668548761,6,4,0.666666667
nuscenes_mini_subset,scene-0103_034,-2.000000000,6,Car,17.954579032,61,61,1.000000000
nuscenes_mini_subset,scene-0103_034,-2.000000000,8,Car,26.035490616,22,13,0.590909091
nuscenes_mini_subset,scene-0103_034,-2.000000000,9,Car,12.145029525,166,117,0.704819277
nuscenes_mini_subset,scene-0103_034,-2.000000000,11,Truck,18.368009153,187,170,0.909090909
nuscenes_mini_subset,scene-0103_034,-2.000000000,14,Car,23.403853094,17,17,1.000000000
nuscenes_mini_subset,scene-0103_034,-2.000000000,15,Car,7.514232983,798,0,0.000000000
nuscenes_mini_subset,scene-0103_034,-1.000000000,1,Car,38.484781896,9,8,0.888888889
nuscenes_mini_subset,scene-0103_034,-1.000000000,3,Car,34.668548761,6,6,1.000000000
nuscenes_mini_subset,scene-0103_034,-1.000000000,6,Car,17.954579032,61,61,1.000000000
nuscenes_mini_subset,scene-0103_034,-1.000000000,8,Car,26.035490616,22,19,0.863636364
nuscenes_mini_subset,scene-0103_034,-1.000000000,9,Car,12.145029525,166,135,0.813253012
nuscenes_mini_subset,scene-0103_034,-1.000000000,11,Truck,18.368009153,187,175,0.935828877
nuscenes_mini_subset,scene-0103_034,-1.000000000,14,Car,23.403853094,17,17,1.000000000
nuscenes_mini_subset,scene-0103_034,-1.000000000,15,Car,7.514232983,798,0,0.000000000
nuscenes_mini_subset,scene-0103_034,-0.500000000,1,Car,38.484781896,9,9,1.000000000
nuscenes_mini_subset,scene-0103_034,-0.500000000,3,Car,34.668548761,6,6,1.000000000
nuscenes_mini_subset,scene-0103_034,-0.500000000,6,Car,17.954579032,61,61,1.000000000
nuscenes_mini_subset,scene-0103_034,-0.500000000,8,Car,26.035490616,22,22,1.000000000
nuscenes_mini_subset,scene-0103_034,-0.500000000,9,Car,12.145029525,166,142,0.855421687
nuscenes_mini_subset,scene-0103_034,-0.500000000,11,Truck,18.368009153,187,172,0.919786096
nuscenes_mini_subset,scene-0103_034,-0.500000000,14,Car,23.403853094,17,17,1.000000000
nuscenes_mini_subset,scene-0103_034,-0.500000000,15,Car,7.514232983,798,0,0.000000000
nuscenes_mini_subset,scene-0103_034,0.000000000,1,Car,38.484781896,9,9,1.000000000
nuscenes_mini_subset,scene-0103_034,0.000000000,3,Car,34.668548761,6,6,1.000000000
nuscenes_mini_subset,scene-0103_034,0.000000000,6,Car,17.954579032,61,61,1.000000000
nuscenes_mini_subset,scene-0103_034,0.000000000,8,Car,26.035490616,22,22,1.000000000
nuscenes_mini_subset,scene-0103_034,0.000000000,9,Car,12.145029525,166,144,0.867469880
nuscenes_mini_subset,scene-0103_034,0.000000000,11,Truck,18.368009153,187,168,0.898395722
nuscenes_mini_subset,scene-0103_034,0.000000000,14,Car,23.403853094,17,17,1.000000000
nuscenes_mini_subset,scene-0103_034,0.000000000,15,Car,7.514232983,798,0,0.000000000
nuscenes_mini_subset,scene-0103_034,0.500000000,1,Car,38.484781896,9,9,1.000000000
nuscenes_mini_subset,scene-0103_034,0.500000000,3,Car,34.668548761,6,6,1.000000000
nuscenes_mini_subset,scene-0103_034,0.500000000,6,Car,17.954579032,61,61,1.000000000
nuscenes_mini_subset,scene-0103_034,0.500000000,8,Car,26.035490616,22,22,1.000000000
nuscenes_mini_subset,scene-0103_034,0.500000000,9,Car,12.145029525,166,147,0.885542169
nuscenes_mini_subset,scene-0103_034,0.500000000,11,Truck,18.368009153,187,160,0.855614973
nuscenes_mini_subset,scene-0103_034,0.500000000,14,Car,23.403853094,17,16,0.941176471
nuscenes_mini_subset,scene-0103_034,0.500000000,15,Car,7.514232983,798,5,0.006265664
nuscenes_mini_subset,scene-0103_034,1.000000000,1,Car,38.484781896,9,8,0.888888889
nuscenes_mini_subset,scene-0103_034,1.000000000,3,Car,34.668548761,6,6,1.000000000
nuscenes_mini_subset,scene-0103_034,1.000000000,6,Car,17.954579032,61,59,0.967213115
nuscenes_mini_subset,scene-0103_034,1.000000000,8,Car,26.035490616,22,22,1.000000000
nuscenes_mini_subset,scene-0103_034,1.000000000,9,Car,12.145029525,166,151,0.909638554
nuscenes_mini_subset,scene-0103_034,1.000000000,11,Truck,18.368009153,187,156,0.834224599
nuscenes_mini_subset,scene-0103_034,1.000000000,14,Car,23.403853094,17,15,0.882352941
nuscenes_mini_subset,scene-0103_034,1.000000000,15,Car,7.514232983,798,10,0.012531328
nuscenes_mini_subset,scene-0103_034,2.000000000,1,Car,38.484781896,9,3,0.333333333
nuscenes_mini_subset,scene-0103_034,2.000000000,3,Car,34.668548761,6,3,0.500000000
nuscenes_mini_subset,scene-0103_034,2.000000000,6,Car,17.954579032,61,52,0.852459016
nuscenes_mini_subset,scene-0103_034,2.000000000,8,Car,26.035490616,22,22,1.000000000
nuscenes_mini_subset,scene-0103_034,2.000000000,9,Car,12.145029525,166,152,0.915662651
nuscenes_mini_subset,scene-0103_034,2.000000000,11,Truck,18.368009153,187,142,0.759358289
nuscenes_mini_subset,scene-0103_034,2.000000000,14,Car,23.403853094,17,13,0.764705882
nuscenes_mini_subset,scene-0103_034,2.000000000,15,Car,7.514232983,798,19,0.023809524
nuscenes_mini_subset,scene-0103_034,3.000000000,1,Car,38.484781896,9,1,0.111111111
nuscenes_mini_subset,scene-0103_034,3.000000000,3,Car,34.668548761,6,0,0.000000000
nuscenes_mini_subset,scene-0103_034,3.000000000,6,Car,17.954579032,61,44,0.721311475
nuscenes_mini_subset,scene-0103_034,3.000000000,8,Car,26.035490616,22,19,0.863636364
nuscenes_mini_subset,scene-0103_034,3.000000000,9,Car,12.145029525,166,146,0.879518072
nuscenes_mini_subset,scene-0103_034,3.000000000,11,Truck,18.368009153,187,131,0.700534759
nuscenes_mini_subset,scene-0103_034,3.000000000,14,Car,23.403853094,17,4,0.235294118
nuscenes_mini_subset,scene-0103_034,3.000000000,15,Car,7.514232983,798,19,0.023809524
nuscenes_mini_subset,scene-0103_035,-3.000000000,1,Car,33.922982904,17,7,0.411764706
nuscenes_mini_subset,scene-0103_035,-3.000000000,3,Car,29.998103028,13,4,0.307692308
nuscenes_mini_subset,scene-0103_035,-3.000000000,7,Car,13.506315368,149,132,0.885906040
nuscenes_mini_subset,scene-0103_035,-3.000000000,9,Car,21.657445902,49,36,0.734693878
nuscenes_mini_subset,scene-0103_035,-3.000000000,10,Car,8.166698083,562,0,0.000000000
nuscenes_mini_subset,scene-0103_035,-3.000000000,12,Truck,14.469998425,345,135,0.391304348
nuscenes_mini_subset,scene-0103_035,-3.000000000,15,Car,18.821006451,26,26,1.000000000
nuscenes_mini_subset,scene-0103_035,-2.000000000,1,Car,33.922982904,17,12,0.705882353
nuscenes_mini_subset,scene-0103_035,-2.000000000,3,Car,29.998103028,13,8,0.615384615
nuscenes_mini_subset,scene-0103_035,-2.000000000,7,Car,13.506315368,149,142,0.953020134
nuscenes_mini_subset,scene-0103_035,-2.000000000,9,Car,21.657445902,49,41,0.836734694
nuscenes_mini_subset,scene-0103_035,-2.000000000,10,Car,8.166698083,562,0,0.000000000
nuscenes_mini_subset,scene-0103_035,-2.000000000,12,Truck,14.469998425,345,133,0.385507246
nuscenes_mini_subset,scene-0103_035,-2.000000000,15,Car,18.821006451,26,26,1.000000000
nuscenes_mini_subset,scene-0103_035,-1.000000000,1,Car,33.922982904,17,16,0.941176471
nuscenes_mini_subset,scene-0103_035,-1.000000000,3,Car,29.998103028,13,11,0.846153846
nuscenes_mini_subset,scene-0103_035,-1.000000000,7,Car,13.506315368,149,147,0.986577181
nuscenes_mini_subset,scene-0103_035,-1.000000000,9,Car,21.657445902,49,48,0.979591837
nuscenes_mini_subset,scene-0103_035,-1.000000000,10,Car,8.166698083,562,11,0.019572954
nuscenes_mini_subset,scene-0103_035,-1.000000000,12,Truck,14.469998425,345,125,0.362318841
nuscenes_mini_subset,scene-0103_035,-1.000000000,15,Car,18.821006451,26,26,1.000000000
nuscenes_mini_subset,scene-0103_035,-0.500000000,1,Car,33.922982904,17,17,1.000000000
nuscenes_mini_subset,scene-0103_035,-0.500000000,3,Car,29.998103028,13,13,1.000000000
nuscenes_mini_subset,scene-0103_035,-0.500000000,7,Car,13.506315368,149,148,0.993288591
nuscenes_mini_subset,scene-0103_035,-0.500000000,9,Car,21.657445902,49,49,1.000000000
nuscenes_mini_subset,scene-0103_035,-0.500000000,10,Car,8.166698083,562,16,0.028469751
nuscenes_mini_subset,scene-0103_035,-0.500000000,12,Truck,14.469998425,345,115,0.333333333
nuscenes_mini_subset,scene-0103_035,-0.500000000,15,Car,18.821006451,26,26,1.000000000
nuscenes_mini_subset,scene-0103_035,0.000000000,1,Car,33.922982904,17,17,1.000000000
nuscenes_mini_subset,scene-0103_035,0.000000000,3,Car,29.998103028,13,13,1.000000000
nuscenes_mini_subset,scene-0103_035,0.000000000,7,Car,13.506315368,149,149,1.000000000
nuscenes_mini_subset,scene-0103_035,0.000000000,9,Car,21.657445902,49,49,1.000000000
nuscenes_mini_subset,scene-0103_035,0.000000000,10,Car,8.166698083,562,24,0.042704626
nuscenes_mini_subset,scene-0103_035,0.000000000,12,Truck,14.469998425,345,103,0.298550725
nuscenes_mini_subset,scene-0103_035,0.000000000,15,Car,18.821006451,26,26,1.000000000
nuscenes_mini_subset,scene-0103_035,0.500000000,1,Car,33.922982904,17,16,0.941176471
nuscenes_mini_subset,scene-0103_035,0.500000000,3,Car,29.998103028,13,13,1.000000000
nuscenes_mini_subset,scene-0103_035,0.500000000,7,Car,13.506315368,149,149,1.000000000
nuscenes_mini_subset,scene-0103_035,0.500000000,9,Car,21.657445902,49,49,1.000000000
nuscenes_mini_subset,scene-0103_035,0.500000000,10,Car,8.166698083,562,29,0.051601423
nuscenes_mini_subset,scene-0103_035,0.500000000,12,Truck,14.469998425,345,92,0.266666667
nuscenes_mini_subset,scene-0103_035,0.500000000,15,Car,18.821006451,26,25,0.961538462
nuscenes_mini_subset,scene-0103_035,1.000000000,1,Car,33.922982904,17,14,0.823529412
nuscenes_mini_subset,scene-0103_035,1.000000000,3,Car,29.998103028,13,13,1.000000000
nuscenes_mini_subset,scene-0103_035,1.000000000,7,Car,13.506315368,149,149,1.000000000
nuscenes_mini_subset,scene-0103_035,1.000000000,9,Car,21.657445902,49,49,1.000000000
nuscenes_mini_subset,scene-0103_035,1.000000000,10,Car,8.166698083,562,34,0.060498221
nuscenes_mini_subset,scene-0103_035,1.000000000,12,Truck,14.469998425,345,80,0.231884058
nuscenes_mini_subset,scene-0103_035,1.000000000,15,Car,18.821006451,26,23,0.884615385
nuscenes_mini_subset,scene-0103_035,2.000000000,1,Car,33.922982904,17,8,0.470588235
nuscenes_mini_subset,scene-0103_035,2.000000000,3,Car,29.998103028,13,9,0.692307692
nuscenes_mini_subset,scene-0103_035,2.000000000,7,Car,13.506315368,149,141,0.946308725
nuscenes_mini_subset,scene-0103_035,2.000000000,9,Car,21.657445902,49,49,1.000000000
nuscenes_mini_subset,scene-0103_035,2.000000000,10,Car,8.166698083,562,38,0.067615658
nuscenes_mini_subset,scene-0103_035,2.000000000,12,Truck,14.469998425,345,59,0.171014493
nuscenes_mini_subset,scene-0103_035,2.000000000,15,Car,18.821006451,26,22,0.846153846
nuscenes_mini_subset,scene-0103_035,3.000000000,1,Car,33.922982904,17,4,0.235294118
nuscenes_mini_subset,scene-0103_035,3.000000000,3,Car,29.998103028,13,5,0.384615385
nuscenes_mini_subset,scene-0103_035,3.000000000,7,Car,13.506315368,149,128,0.859060403
nuscenes_mini_subset,scene-0103_035,3.000000000,9,Car,21.657445902,49,42,0.857142857
nuscenes_mini_subset,scene-0103_035,3.000000000,10,Car,8.166698083,562,38,0.067615658
nuscenes_mini_subset,scene-0103_035,3.000000000,12,Truck,14.469998425,345,41,0.118840580
nuscenes_mini_subset,scene-0103_035,3.000000000,15,Car,18.821006451,26,18,0.692307692
nuscenes_mini_subset,scene-0103_036,-3.000000000,1,Car,30.830796147,25,10,0.400000000
nuscenes_mini_subset,scene-0103_036,-3.000000000,3,Car,26.813370403,16,8,0.500000000
nuscenes_mini_subset,scene-0103_036,-3.000000000,4,Car,19.628184575,17,10,0.588235294
nuscenes_mini_subset,scene-0103_036,-3.000000000,7,Car,10.608713056,295,56,0.189830508
nuscenes_mini_subset,scene-0103_036,-3.000000000,9,Car,18.759044401,74,57,0.770270270
nuscenes_mini_subset,scene-0103_036,-3.000000000,11,Truck,12.145557135,555,11,0.019819820
nuscenes_mini_subset,scene-0103_036,-3.000000000,14,Car,15.739982155,38,37,0.973684211
nuscenes_mini_subset,scene-0103_036,-2.000000000,1,Car,30.830796147,25,17,0.680000000
nuscenes_mini_subset,scene-0103_036,-2.000000000,3,Car,26.813370403,16,11,0.687500000
nuscenes_mini_subset,scene-0103_036,-2.000000000,4,Car,19.628184575,17,13,0.764705882
nuscenes_mini_subset,scene-0103_036,-2.000000000,7,Car,10.608713056,295,72,0.244067797
nuscenes_mini_subset,scene-0103_036,-2.000000000,9,Car,18.759044401,74,65,0.878378378
nuscenes_mini_subset,scene-0103_036,-2.000000000,11,Truck,12.145557135,555,13,0.023423423
nuscenes_mini_subset,scene-0103_036,-2.000000000,14,Car,15.739982155,38,37,0.973684211
nuscenes_mini_subset,scene-0103_036,-1.000000000,1,Car,30.830796147,25,22,0.880000000
nuscenes_mini_subset,scene-0103_036,-1.000000000,3,Car,26.813370403,16,14,0.875000000
nuscenes_mini_subset,scene-0103_036,-1.000000000,4,Car,19.628184575,17,16,0.941176471
nuscenes_mini_subset,scene-0103_036,-1.000000000,7,Car,10.608713056,295,91,0.308474576
nuscenes_mini_subset,scene-0103_036,-1.000000000,9,Car,18.759044401,74,73,0.986486486
nuscenes_mini_subset,scene-0103_036,-1.000000000,11,Truck,12.145557135,555,6,0.010810811
nuscenes_mini_subset,scene-0103_036,-1.000000000,14,Car,15.739982155,38,38,1.000000000
nuscenes_mini_subset,scene-0103_036,-0.500000000,1,Car,30.830796147,25,24,0.960000000
nuscenes_mini_subset,scene-0103_036,-0.500000000,3,Car,26.813370403,16,16,1.000000000
nuscenes_mini_subset,scene-0103_036,-0.500000000,4,Car,19.628184575,17,17,1.000000000
nuscenes_mini_subset,scene-0103_036,-0.500000000,7,Car,10.608713056,295,100,0.338983051
nuscenes_mini_subset,scene-0103_036,-0.500000000,9,Car,18.759044401,74,74,1.000000000
nuscenes_mini_subset,scene-0103_036,-0.500000000,11,Truck,12.145557135,555,1,0.001801802
nuscenes_mini_subset,scene-0103_036,-0.500000000,14,Car,15.739982155,38,38,1.000000000
nuscenes_mini_subset,scene-0103_036,0.000000000,1,Car,30.830796147,25,25,1.000000000
nuscenes_mini_subset,scene-0103_036,0.000000000,3,Car,26.813370403,16,16,1.000000000
nuscenes_mini_subset,scene-0103_036,0.000000000,4,Car,19.628184575,17,17,1.000000000
nuscenes_mini_subset,scene-0103_036,0.000000000,7,Car,10.608713056,295,107,0.362711864
nuscenes_mini_subset,scene-0103_036,0.000000000,9,Car,18.759044401,74,74,1.000000000
nuscenes_mini_subset,scene-0103_036,0.000000000,11,Truck,12.145557135,555,0,0.000000000
nuscenes_mini_subset,scene-0103_036,0.000000000,14,Car,15.739982155,38,38,1.000000000
nuscenes_mini_subset,scene-0103_036,0.500000000,1,Car,30.830796147,25,25,1.000000000
nuscenes_mini_subset,scene-0103_036,0.500000000,3,Car,26.813370403,16,15,0.937500000
nuscenes_mini_subset,scene-0103_036,0.500000000,4,Car,19.628184575,17,17,1.000000000
nuscenes_mini_subset,scene-0103_036,0.500000000,7,Car,10.608713056,295,120,0.406779661
nuscenes_mini_subset,scene-0103_036,0.500000000,9,Car,18.759044401,74,71,0.959459459
nuscenes_mini_subset,scene-0103_036,0.500000000,11,Truck,12.145557135,555,0,0.000000000
nuscenes_mini_subset,scene-0103_036,0.500000000,14,Car,15.739982155,38,38,1.000000000
nuscenes_mini_subset,scene-0103_036,1.000000000,1,Car,30.830796147,25,23,0.920000000
nuscenes_mini_subset,scene-0103_036,1.000000000,3,Car,26.813370403,16,15,0.937500000
nuscenes_mini_subset,scene-0103_036,1.000000000,4,Car,19.628184575,17,13,0.764705882
nuscenes_mini_subset,scene-0103_036,1.000000000,7,Car,10.608713056,295,126,0.427118644
nuscenes_mini_subset,scene-0103_036,1.000000000,9,Car,18.759044401,74,69,0.932432432
nuscenes_mini_subset,scene-0103_036,1.000000000,11,Truck,12.145557135,555,0,0.000000000
nuscenes_mini_subset,scene-0103_036,1.000000000,14,Car,15.739982155,38,36,0.947368421
nuscenes_mini_subset,scene-0103_036,2.000000000,1,Car,30.830796147,25,16,0.640000000
nuscenes_mini_subset,scene-0103_036,2.000000000,3,Car,26.813370403,16,11,0.687500000
nuscenes_mini_subset,scene-0103_036,2.000000000,4,Car,19.628184575,17,11,0.647058824
nuscenes_mini_subset,scene-0103_036,2.000000000,7,Car,10.608713056,295,142,0.481355932
nuscenes_mini_subset,scene-0103_036,2.000000000,9,Car,18.759044401,74,68,0.918918919
nuscenes_mini_subset,scene-0103_036,2.000000000,11,Truck,12.145557135,555,0,0.000000000
nuscenes_mini_subset,scene-0103_036,2.000000000,14,Car,15.739982155,38,32,0.842105263
nuscenes_mini_subset,scene-0103_036,3.000000000,1,Car,30.830796147,25,8,0.320000000
nuscenes_mini_subset,scene-0103_036,3.000000000,3,Car,26.813370403,16,8,0.500000000
nuscenes_mini_subset,scene-0103_036,3.000000000,4,Car,19.628184575,17,9,0.529411765
nuscenes_mini_subset,scene-0103_036,3.000000000,7,Car,10.608713056,295,158,0.535593220
nuscenes_mini_subset,scene-0103_036,3.000000000,9,Car,18.759044401,74,60,0.810810811
nuscenes_mini_subset,scene-0103_036,3.000000000,11,Truck,12.145557135,555,0,0.000000000
nuscenes_mini_subset,scene-0103_036,3.000000000,14,Car,15.739982155,38,27,0.710526316
nuscenes_mini_subset,scene-0103_037,-3.000000000,3,Car,26.992144891,29,19,0.655172414
nuscenes_mini_subset,scene-0103_037,-3.000000000,5,Car,22.852518538,21,13,0.619047619
nuscenes_mini_subset,scene-0103_037,-3.000000000,6,Car,12.487807218,105,88,0.838095238
nuscenes_mini_subset,scene-0103_037,-3.000000000,9,Car,7.477473639,758,0,0.000000000
nuscenes_mini_subset,scene-0103_037,-3.000000000,11,Car,15.293532963,144,71,0.493055556
nuscenes_mini_subset,scene-0103_037,-3.000000000,13,Car,28.640932335,6,2,0.333333333
nuscenes_mini_subset,scene-0103_037,-3.000000000,14,Car,12.010915078,150,79,0.526666667
nuscenes_mini_subset,scene-0103_037,-2.000000000,3,Car,26.992144891,29,23,0.793103448
nuscenes_mini_subset,scene-0103_037,-2.000000000,5,Car,22.852518538,21,16,0.761904762
nuscenes_mini_subset,scene-0103_037,-2.000000000,6,Car,12.487807218,105,97,0.923809524
nuscenes_mini_subset,scene-0103_037,-2.000000000,9,Car,7.477473639,758,0,0.000000000
nuscenes_mini_subset,scene-0103_037,-2.000000000,11,Car,15.293532963,144,69,0.479166667
nuscenes_mini_subset,scene-0103_037,-2.000000000,13,Car,28.640932335,6,5,0.833333333
nuscenes_mini_subset,scene-0103_037,-2.000000000,14,Car,12.010915078,150,93,0.620000000
nuscenes_mini_subset,scene-0103_037,-1.000000000,3,Car,26.992144891,29,28,0.965517241
nuscenes_mini_subset,scene-0103_037,-1.000000000,5,Car,22.852518538,21,19,0.904761905
nuscenes_mini_subset,scene-0103_037,-1.000000000,6,Car,12.487807218,105,104,0.990476190
nuscenes_mini_subset,scene-0103_037,-1.000000000,9,Car,7.477473639,758,0,0.000000000
nuscenes_mini_subset,scene-0103_037,-1.000000000,11,Car,15.293532963,144,59,0.409722222
nuscenes_mini_subset,scene-0103_037,-1.000000000,13,Car,28.640932335,6,6,1.000000000
nuscenes_mini_subset,scene-0103_037,-1.000000000,14,Car,12.010915078,150,109,0.726666667
nuscenes_mini_subset,scene-0103_037,-0.500000000,3,Car,26.992144891,29,29,1.000000000
nuscenes_mini_subset,scene-0103_037,-0.500000000,5,Car,22.852518538,21,21,1.000000000
nuscenes_mini_subset,scene-0103_037,-0.500000000,6,Car,12.487807218,105,105,1.000000000
nuscenes_mini_subset,scene-0103_037,-0.500000000,9,Car,7.477473639,758,0,0.000000000
nuscenes_mini_subset,scene-0103_037,-0.500000000,11,Car,15.293532963,144,54,0.375000000
nuscenes_mini_subset,scene-0103_037,-0.500000000,13,Car,28.640932335,6,6,1.000000000
nuscenes_mini_subset,scene-0103_037,-0.500000000,14,Car,12.010915078,150,117,0.780000000
nuscenes_mini_subset,scene-0103_037,0.000000000,3,Car,26.992144891,29,29,1.000000000
nuscenes_mini_subset,scene-0103_037,0.000000000,5,Car,22.852518538,21,21,1.000000000
nuscenes_mini_subset,scene-0103_037,0.000000000,6,Car,12.487807218,105,105,1.000000000
nuscenes_mini_subset,scene-0103_037,0.000000000,9,Car,7.477473639,758,0,0.000000000
nuscenes_mini_subset,scene-0103_037,0.000000000,11,Car,15.293532963,144,49,0.340277778
nuscenes_mini_subset,scene-0103_037,0.000000000,13,Car,28.640932335,6,6,1.000000000
nuscenes_mini_subset,scene-0103_037,0.000000000,14,Car,12.010915078,150,126,0.840000000
nuscenes_mini_subset,scene-0103_037,0.500000000,3,Car,26.992144891,29,28,0.965517241
nuscenes_mini_subset,scene-0103_037,0.500000000,5,Car,22.852518538,21,20,0.952380952
nuscenes_mini_subset,scene-0103_037,0.500000000,6,Car,12.487807218,105,105,1.000000000
nuscenes_mini_subset,scene-0103_037,0.500000000,9,Car,7.477473639,758,0,0.000000000
nuscenes_mini_subset,scene-0103_037,0.500000000,11,Car,15.293532963,144,44,0.305555556
nuscenes_mini_subset,scene-0103_037,0.500000000,13,Car,28.640932335,6,6,1.000000000
nuscenes_mini_subset,scene-0103_037,0.500000000,14,Car,12.010915078,150,133,0.886666667
nuscenes_mini_subset,scene-0103_037,1.000000000,3,Car,26.992144891,29,26,0.896551724
nuscenes_mini_subset,scene-0103_037,1.000000000,5,Car,22.852518538,21,18,0.857142857
nuscenes_mini_subset,scene-0103_037,1.000000000,6,Car,12.487807218,105,105,1.000000000
nuscenes_mini_subset,scene-0103_037,1.000000000,9,Car,7.477473639,758,0,0.000000000
nuscenes_mini_subset,scene-0103_037,1.000000000,11,Car,15.293532963,144,39,0.270833333
nuscenes_mini_subset,scene-0103_037,1.000000000,13,Car,28.640932335,6,5,0.833333333
nuscenes_mini_subset,scene-0103_037,1.000000000,14,Car,12.010915078,150,138,0.920000000
nuscenes_mini_subset,scene-0103_037,2.000000000,3,Car,26.992144891,29,21,0.724137931
nuscenes_mini_subset,scene-0103_037,2.000000000,5,Car,22.852518538,21,16,0.761904762
nuscenes_mini_subset,scene-0103_037,2.000000000,6,Car,12.487807218,105,98,0.933333333
nuscenes_mini_subset,scene-0103_037,2.000000000,9,Car,7.477473639,758,8,0.010554090
nuscenes_mini_subset,scene-0103_037,2.000000000,11,Car,15.293532963,144,33,0.229166667
nuscenes_mini_subset,scene-0103_037,2.000000000,13,Car,28.640932335,6,3,0.500000000
nuscenes_mini_subset,scene-0103_037,2.000000000,14,Car,12.010915078,150,136,0.906666667
nuscenes_mini_subset,scene-0103_037,3.000000000,3,Car,26.992144891,29,12,0.413793103
nuscenes_mini_subset,scene-0103_037,3.000000000,5,Car,22.852518538,21,14,0.666666667
nuscenes_mini_subset,scene-0103_037,3.000000000,6,Car,12.487807218,105,90,0.857142857
nuscenes_mini_subset,scene-0103_037,3.000000000,9,Car,7.477473639,758,10,0.013192612
nuscenes_mini_subset,scene-0103_037,3.000000000,11,Car,15.293532963,144,25,0.173611111
nuscenes_mini_subset,scene-0103_037,3.000000000,13,Car,28.640932335,6,0,0.000000000
nuscenes_mini_subset,scene-0103_037,3.000000000,14,Car,12.010915078,150,136,0.906666667
nuscenes_mini_subset,scene-0103_038,-3.000000000,1,Bicycle,16.136872054,11,4,0.363636364
nuscenes_mini_subset,scene-0103_038,-3.000000000,3,Car,23.210998976,46,24,0.521739130
nuscenes_mini_subset,scene-0103_038,-3.000000000,5,Car,18.873627823,56,36,0.642857143
nuscenes_mini_subset,scene-0103_038,-3.000000000,7,Car,5.903661619,695,285,0.410071942
nuscenes_mini_subset,scene-0103_038,-3.000000000,8,Car,27.453019672,11,5,0.454545455
nuscenes_mini_subset,scene-0103_038,-3.000000000,11,Car,24.606359003,14,7,0.500000000
nuscenes_mini_subset,scene-0103_038,-3.000000000,12,Car,8.522534145,462,0,0.000000000
nuscenes_mini_subset,scene-0103_038,-2.000000000,1,Bicycle,16.136872054,11,7,0.636363636
nuscenes_mini_subset,scene-0103_038,-2.000000000,3,Car,23.210998976,46,33,0.717391304
nuscenes_mini_subset,scene-0103_038,-2.000000000,5,Car,18.873627823,56,46,0.821428571
nuscenes_mini_subset,scene-0103_038,-2.000000000,7,Car,5.903661619,695,275,0.395683453
nuscenes_mini_subset,scene-0103_038,-2.000000000,8,Car,27.453019672,11,10,0.909090909
nuscenes_mini_subset,scene-0103_038,-2.000000000,11,Car,24.606359003,14,12,0.857142857
nuscenes_mini_subset,scene-0103_038,-2.000000000,12,Car,8.522534145,462,4,0.008658009
nuscenes_mini_subset,scene-0103_038,-1.000000000,1,Bicycle,16.136872054,11,11,1.000000000
nuscenes_mini_subset,scene-0103_038,-1.000000000,3,Car,23.210998976,46,41,0.891304348
nuscenes_mini_subset,scene-0103_038,-1.000000000,5,Car,18.873627823,56,54,0.964285714
nuscenes_mini_subset,scene-0103_038,-1.000000000,7,Car,5.903661619,695,250,0.359712230
nuscenes_mini_subset,scene-0103_038,-1.000000000,8,Car,27.453019672,11,10,0.909090909
nuscenes_mini_subset,scene-0103_038,-1.000000000,11,Car,24.606359003,14,14,1.000000000
nuscenes_mini_subset,scene-0103_038,-1.000000000,12,Car,8.522534145,462,13,0.028138528
nuscenes_mini_subset,scene-0103_038,-0.500000000,1,Bicycle,16.136872054,11,11,1.000000000
nuscenes_mini_subset,scene-0103_038,-0.500000000,3,Car,23.210998976,46,45,0.978260870
nuscenes_mini_subset,scene-0103_038,-0.500000000,5,Car,18.873627823,56,56,1.000000000
nuscenes_mini_subset,scene-0103_038,-0.500000000,7,Car,5.903661619,695,237,0.341007194
nuscenes_mini_subset,scene-0103_038,-0.500000000,8,Car,27.453019672,11,11,1.000000000
nuscenes_mini_subset,scene-0103_038,-0.500000000,11,Car,24.606359003,14,14,1.000000000
nuscenes_mini_subset,scene-0103_038,-0.500000000,12,Car,8.522534145,462,20,0.043290043
nuscenes_mini_subset,scene-0103_038,0.000000000,1,Bicycle,16.136872054,11,11,1.000000000
nuscenes_mini_subset,scene-0103_038,0.000000000,3,Car,23.210998976,46,46,1.000000000
nuscenes_mini_subset,scene-0103_038,0.000000000,5,Car,18.873627823,56,56,1.000000000
nuscenes_mini_subset,scene-0103_038,0.000000000,7,Car,5.903661619,695,224,0.322302158
nuscenes_mini_subset,scene-0103_038,0.000000000,8,Car,27.453019672,11,11,1.000000000
nuscenes_mini_subset,scene-0103_038,0.000000000,11,Car,24.606359003,14,14,1.000000000
nuscenes_mini_subset,scene-0103_038,0.000000000,12,Car,8.522534145,462,26,0.056277056
nuscenes_mini_subset,scene-0103_038,0.500000000,1,Bicycle,16.136872054,11,11,1.000000000
nuscenes_mini_subset,scene-0103_038,0.500000000,3,Car,23.210998976,46,46,1.000000000
nuscenes_mini_subset,scene-0103_038,0.500000000,5,Car,18.873627823,56,56,1.000000000
nuscenes_mini_subset,scene-0103_038,0.500000000,7,Car,5.903661619,695,215,0.309352518
nuscenes_mini_subset,scene-0103_038,0.500000000,8,Car,27.453019672,11,11,1.000000000
nuscenes_mini_subset,scene-0103_038,0.500000000,11,Car,24.606359003,14,14,1.000000000
nuscenes_mini_subset,scene-0103_038,0.500000000,12,Car,8.522534145,462,35,0.075757576
nuscenes_mini_subset,scene-0103_038,1.000000000,1,Bicycle,16.136872054,11,10,0.909090909
nuscenes_mini_subset,scene-0103_038,1.000000000,3,Car,23.210998976,46,45,0.978260870
nuscenes_mini_subset,scene-0103_038,1.000000000,5,Car,18.873627823,56,54,0.964285714
nuscenes_mini_subset,scene-0103_038,1.000000000,7,Car,5.903661619,695,197,0.283453237
nuscenes_mini_subset,scene-0103_038,1.000000000,8,Car,27.453019672,11,11,1.000000000
nuscenes_mini_subset,scene-0103_038,1.000000000,11,Car,24.606359003,14,14,1.000000000
nuscenes_mini_subset,scene-0103_038,1.000000000,12,Car,8.522534145,462,40,0.086580087
nuscenes_mini_subset,scene-0103_038,2.000000000,1,Bicycle,16.136872054,11,5,0.454545455
nuscenes_mini_subset,scene-0103_038,2.000000000,3,Car,23.210998976,46,42,0.913043478
nuscenes_mini_subset,scene-0103_038,2.000000000,5,Car,18.873627823,56,52,0.928571429
nuscenes_mini_subset,scene-0103_038,2.000000000,7,Car,5.903661619,695,174,0.250359712
nuscenes_mini_subset,scene-0103_038,2.000000000,8,Car,27.453019672,11,11,1.000000000
nuscenes_mini_subset,scene-0103_038,2.000000000,11,Car,24.606359003,14,9,0.642857143
nuscenes_mini_subset,scene-0103_038,2.000000000,12,Car,8.522534145,462,49,0.106060606
nuscenes_mini_subset,scene-0103_038,3.000000000,1,Bicycle,16.136872054,11,1,0.090909091
nuscenes_mini_subset,scene-0103_038,3.000000000,3,Car,23.210998976,46,37,0.804347826
nuscenes_mini_subset,scene-0103_038,3.000000000,5,Car,18.873627823,56,48,0.857142857
nuscenes_mini_subset,scene-0103_038,3.000000000,7,Car,5.903661619,695,149,0.214388489
nuscenes_mini_subset,scene-0103_038,3.000000000,8,Car,27.453019672,11,9,0.818181818
nuscenes_mini_subset,scene-0103_038,3.000000000,11,Car,24.606359003,14,6,0.428571429
nuscenes_mini_subset,scene-0103_038,3.000000000,12,Car,8.522534145,462,55,0.119047619
nuscenes_mini_subset,scene-0103_039,-3.000000000,0,Car,26.668229341,10,9,0.900000000
nuscenes_mini_subset,scene-0103_039,-3.000000000,2,Car,19.522213699,80,60,0.750000000
nuscenes_mini_subset,scene-0103_039,-3.000000000,3,Car,14.972213795,113,97,0.858407080
nuscenes_mini_subset,scene-0103_039,-3.000000000,5,Car,23.594866413,22,13,0.590909091
nuscenes_mini_subset,scene-0103_039,-3.000000000,7,Car,20.589099938,40,22,0.550000000
nuscenes_mini_subset,scene-0103_039,-2.000000000,0,Car,26.668229341,10,10,1.000000000
nuscenes_mini_subset,scene-0103_039,-2.000000000,2,Car,19.522213699,80,67,0.837500000
nuscenes_mini_subset,scene-0103_039,-2.000000000,3,Car,14.972213795,113,108,0.955752212
nuscenes_mini_subset,scene-0103_039,-2.000000000,5,Car,23.594866413,22,14,0.636363636
nuscenes_mini_subset,scene-0103_039,-2.000000000,7,Car,20.589099938,40,32,0.800000000
nuscenes_mini_subset,scene-0103_039,-1.000000000,0,Car,26.668229341,10,10,1.000000000
nuscenes_mini_subset,scene-0103_039,-1.000000000,2,Car,19.522213699,80,77,0.962500000
nuscenes_mini_subset,scene-0103_039,-1.000000000,3,Car,14.972213795,113,113,1.000000000
nuscenes_mini_subset,scene-0103_039,-1.000000000,5,Car,23.594866413,22,19,0.863636364
nuscenes_mini_subset,scene-0103_039,-1.000000000,7,Car,20.589099938,40,38,0.950000000
nuscenes_mini_subset,scene-0103_039,-0.500000000,0,Car,26.668229341,10,10,1.000000000
nuscenes_mini_subset,scene-0103_039,-0.500000000,2,Car,19.522213699,80,80,1.000000000
nuscenes_mini_subset,scene-0103_039,-0.500000000,3,Car,14.972213795,113,113,1.000000000
nuscenes_mini_subset,scene-0103_039,-0.500000000,5,Car,23.594866413,22,21,0.954545455
nuscenes_mini_subset,scene-0103_039,-0.500000000,7,Car,20.589099938,40,39,0.975000000
nuscenes_mini_subset,scene-0103_039,0.000000000,0,Car,26.668229341,10,10,1.000000000
nuscenes_mini_subset,scene-0103_039,0.000000000,2,Car,19.522213699,80,80,1.000000000
nuscenes_mini_subset,scene-0103_039,0.000000000,3,Car,14.972213795,113,113,1.000000000
nuscenes_mini_subset,scene-0103_039,0.000000000,5,Car,23.594866413,22,22,1.000000000
nuscenes_mini_subset,scene-0103_039,0.000000000,7,Car,20.589099938,40,40,1.000000000
nuscenes_mini_subset,scene-0103_039,0.500000000,0,Car,26.668229341,10,9,0.900000000
nuscenes_mini_subset,scene-0103_039,0.500000000,2,Car,19.522213699,80,80,1.000000000
nuscenes_mini_subset,scene-0103_039,0.500000000,3,Car,14.972213795,113,112,0.991150442
nuscenes_mini_subset,scene-0103_039,0.500000000,5,Car,23.594866413,22,22,1.000000000
nuscenes_mini_subset,scene-0103_039,0.500000000,7,Car,20.589099938,40,40,1.000000000
nuscenes_mini_subset,scene-0103_039,1.000000000,0,Car,26.668229341,10,9,0.900000000
nuscenes_mini_subset,scene-0103_039,1.000000000,2,Car,19.522213699,80,78,0.975000000
nuscenes_mini_subset,scene-0103_039,1.000000000,3,Car,14.972213795,113,108,0.955752212
nuscenes_mini_subset,scene-0103_039,1.000000000,5,Car,23.594866413,22,22,1.000000000
nuscenes_mini_subset,scene-0103_039,1.000000000,7,Car,20.589099938,40,40,1.000000000
nuscenes_mini_subset,scene-0103_039,2.000000000,0,Car,26.668229341,10,3,0.300000000
nuscenes_mini_subset,scene-0103_039,2.000000000,2,Car,19.522213699,80,75,0.937500000
nuscenes_mini_subset,scene-0103_039,2.000000000,3,Car,14.972213795,113,102,0.902654867
nuscenes_mini_subset,scene-0103_039,2.000000000,5,Car,23.594866413,22,22,1.000000000
nuscenes_mini_subset,scene-0103_039,2.000000000,7,Car,20.589099938,40,35,0.875000000
nuscenes_mini_subset,scene-0103_039,3.000000000,0,Car,26.668229341,10,0,0.000000000
nuscenes_mini_subset,scene-0103_039,3.000000000,2,Car,19.522213699,80,66,0.825000000
nuscenes_mini_subset,scene-0103_039,3.000000000,3,Car,14.972213795,113,94,0.831858407
nuscenes_mini_subset,scene-0103_039,3.000000000,5,Car,23.594866413,22,21,0.954545455
nuscenes_mini_subset,scene-0103_039,3.000000000,7,Car,20.589099938,40,27,0.675000000
nuscenes_mini_subset,scene-1094_000,-3.000000000,1,Car,25.017546565,33,22,0.666666667
nuscenes_mini_subset,scene-1094_000,-3.000000000,3,Car,7.575110517,463,426,0.920086393
nuscenes_mini_subset,scene-1094_000,-3.000000000,6,Car,33.010793633,7,4,0.571428571
nuscenes_mini_subset,scene-1094_000,-3.000000000,9,Pedestrian,14.511319562,9,0,0.000000000
nuscenes_mini_subset,scene-1094_000,-3.000000000,10,Car,28.395905016,5,0,0.000000000
nuscenes_mini_subset,scene-1094_000,-3.000000000,11,Car,30.733438843,61,54,0.885245902
nuscenes_mini_subset,scene-1094_000,-3.000000000,12,Pedestrian,14.121181017,16,2,0.125000000
nuscenes_mini_subset,scene-1094_000,-2.000000000,1,Car,25.017546565,33,28,0.848484848
nuscenes_mini_subset,scene-1094_000,-2.000000000,3,Car,7.575110517,463,452,0.976241901
nuscenes_mini_subset,scene-1094_000,-2.000000000,6,Car,33.010793633,7,4,0.571428571
nuscenes_mini_subset,scene-1094_000,-2.000000000,9,Pedestrian,14.511319562,9,1,0.111111111
nuscenes_mini_subset,scene-1094_000,-2.000000000,10,Car,28.395905016,5,3,0.600000000
nuscenes_mini_subset,scene-1094_000,-2.000000000,11,Car,30.733438843,61,60,0.983606557
nuscenes_mini_subset,scene-1094_000,-2.000000000,12,Pedestrian,14.121181017,16,10,0.625000000
nuscenes_mini_subset,scene-1094_000,-1.000000000,1,Car,25.017546565,33,32,0.969696970
nuscenes_mini_subset,scene-1094_000,-1.000000000,3,Car,7.575110517,463,463,1.000000000
nuscenes_mini_subset,scene-1094_000,-1.000000000,6,Car,33.010793633,7,4,0.571428571
nuscenes_mini_subset,scene-1094_000,-1.000000000,9,Pedestrian,14.511319562,9,6,0.666666667
nuscenes_mini_subset,scene-1094_000,-1.000000000,10,Car,28.395905016,5,5,1.000000000
nuscenes_mini_subset,scene-1094_000,-1.000000000,11,Car,30.733438843,61,61,1.000000000
nuscenes_mini_subset,scene-1094_000,-1.000000000,12,Pedestrian,14.121181017,16,16,1.000000000
nuscenes_mini_subset,scene-1094_000,-0.500000000,1,Car,25.017546565,33,33,1.000000000
nuscenes_mini_subset,scene-1094_000,-0.500000000,3,Car,7.575110517,463,463,1.000000000
nuscenes_mini_subset,scene-1094_000,-0.500000000,6,Car,33.010793633,7,4,0.571428571
nuscenes_mini_subset,scene-1094_000,-0.500000000,9,Pedestrian,14.511319562,9,9,1.000000000
nuscenes_mini_subset,scene-1094_000,-0.500000000,10,Car,28.395905016,5,5,1.000000000
nuscenes_mini_subset,scene-1094_000,-0.500000000,11,Car,30.733438843,61,61,1.000000000
nuscenes_mini_subset,scene-1094_000,-0.500000000,12,Pedestrian,14.121181017,16,16,1.000000000
nuscenes_mini_subset,scene-1094_000,0.000000000,1,Car,25.017546565,33,33,1.000000000
nuscenes_mini_subset,scene-1094_000,0.000000000,3,Car,7.575110517,463,463,1.000000000
nuscenes_mini_subset,scene-1094_000,0.000000000,6,Car,33.010793633,7,4,0.571428571
nuscenes_mini_subset,scene-1094_000,0.000000000,9,Pedestrian,14.511319562,9,9,1.000000000
nuscenes_mini_subset,scene-1094_000,0.000000000,10,Car,28.395905016,5,5,1.000000000
nuscenes_mini_subset,scene-1094_000,0.000000000,11,Car,30.733438843,61,61,1.000000000
nuscenes_mini_subset,scene-1094_000,0.000000000,12,Pedestrian,14.121181017,16,16,1.000000000
nuscenes_mini_subset,scene-1094_000,0.500000000,1,Car,25.017546565,33,32,0.969696970
nuscenes_mini_subset,scene-1094_000,0.500000000,3,Car,7.575110517,463,461,0.995680346
nuscenes_mini_subset,scene-1094_000,0.500000000,6,Car,33.010793633,7,4,0.571428571
nuscenes_mini_subset,scene-1094_000,0.500000000,9,Pedestrian,14.511319562,9,9,1.000000000
nuscenes_mini_subset,scene-1094_000,0.500000000,10,Car,28.395905016,5,5,1.000000000
nuscenes_mini_subset,scene-1094_000,0.500000000,11,Car,30.733438843,61,61,1.000000000
nuscenes_mini_subset,scene-1094_000,0.500000000,12,Pedestrian,14.121181017,16,16,1.000000000
nuscenes_mini_subset,scene-1094_000,1.000000000,1,Car,25.017546565,33,28,0.848484848
nuscenes_mini_subset,scene-1094_000,1.000000000,3,Car,7.575110517,463,453,0.978401728
nuscenes_mini_subset,scene-1094_000,1.000000000,6,Car,33.010793633,7,4,0.571428571
nuscenes_mini_subset,scene-1094_000,1.000000000,9,Pedestrian,14.511319562,9,9,1.000000000
nuscenes_mini_subset,scene-1094_000,1.000000000,10,Car,28.395905016,5,5,1.000000000
nuscenes_mini_subset,scene-1094_000,1.000000000,11,Car,30.733438843,61,61,1.000000000
nuscenes_mini_subset,scene-1094_000,1.000000000,12,Pedestrian,14.121181017,16,16,1.000000000
nuscenes_mini_subset,scene-1094_000,2.000000000,1,Car,25.017546565,33,20,0.606060606
nuscenes_mini_subset,scene-1094_000,2.000000000,3,Car,7.575110517,463,424,0.915766739
nuscenes_mini_subset,scene-1094_000,2.000000000,6,Car,33.010793633,7,3,0.428571429
nuscenes_mini_subset,scene-1094_000,2.000000000,9,Pedestrian,14.511319562,9,4,0.444444444
nuscenes_mini_subset,scene-1094_000,2.000000000,10,Car,28.395905016,5,5,1.000000000
nuscenes_mini_subset,scene-1094_000,2.000000000,11,Car,30.733438843,61,59,0.967213115
nuscenes_mini_subset,scene-1094_000,2.000000000,12,Pedestrian,14.121181017,16,14,0.875000000
nuscenes_mini_subset,scene-1094_000,3.000000000,1,Car,25.017546565,33,17,0.515151515
nuscenes_mini_subset,scene-1094_000,3.000000000,3,Car,7.575110517,463,408,0.881209503
nuscenes_mini_subset,scene-1094_000,3.000000000,6,Car,33.010793633,7,2,0.285714286
nuscenes_mini_subset,scene-1094_000,3.000000000,9,Pedestrian,14.511319562,9,0,0.000000000
nuscenes_mini_subset,scene-1094_000,3.000000000,10,Car,28.395905016,5,5,1.000000000
nuscenes_mini_subset,scene-1094_000,3.000000000,11,Car,30.733438843,61,56,0.918032787
nuscenes_mini_subset,scene-1094_000,3.000000000,12,Pedestrian,14.121181017,16,3,0.187500000
nuscenes_mini_subset,scene-1094_001,-3.000000000,1,Car,24.945790140,26,15,0.576923077
nuscenes_mini_subset,scene-1094_001,-3.000000000,3,Car,7.924754813,420,374,0.890476190
nuscenes_mini_subset,scene-1094_001,-3.000000000,7,Car,32.964412177,13,13,1.000000000
nuscenes_mini_subset,scene-1094_001,-3.000000000,11,Car,28.325269510,5,1,0.200000000
nuscenes_mini_subset,scene-1094_001,-3.000000000,12,Car,30.660667168,63,52,0.825396825
nuscenes_mini_subset,scene-1094_001,-3.000000000,13,Pedestrian,14.354206612,12,3,0.250000000
nuscenes_mini_subset,scene-1094_001,-2.000000000,1,Car,24.945790140,26,20,0.769230769
nuscenes_mini_subset,scene-1094_001,-2.000000000,3,Car,7.924754813,420,399,0.950000000
nuscenes_mini_subset,scene-1094_001,-2.000000000,7,Car,32.964412177,13,13,1.000000000
nuscenes_mini_subset,scene-1094_001,-2.000000000,11,Car,28.325269510,5,4,0.800000000
nuscenes_mini_subset,scene-1094_001,-2.000000000,12,Car,30.660667168,63,57,0.904761905
nuscenes_mini_subset,scene-1094_001,-2.000000000,13,Pedestrian,14.354206612,12,10,0.833333333
nuscenes_mini_subset,scene-1094_001,-1.000000000,1,Car,24.945790140,26,25,0.961538462
nuscenes_mini_subset,scene-1094_001,-1.000000000,3,Car,7.924754813,420,419,0.997619048
nuscenes_mini_subset,scene-1094_001,-1.000000000,7,Car,32.964412177,13,12,0.923076923
nuscenes_mini_subset,scene-1094_001,-1.000000000,11,Car,28.325269510,5,5,1.000000000
nuscenes_mini_subset,scene-1094_001,-1.000000000,12,Car,30.660667168,63,62,0.984126984
nuscenes_mini_subset,scene-1094_001,-1.000000000,13,Pedestrian,14.354206612,12,12,1.000000000
nuscenes_mini_subset,scene-1094_001,-0.500000000,1,Car,24.945790140,26,26,1.000000000
nuscenes_mini_subset,scene-1094_001,-0.500000000,3,Car,7.924754813,420,420,1.000000000
nuscenes_mini_subset,scene-1094_001,-0.500000000,7,Car,32.964412177,13,10,0.769230769
nuscenes_mini_subset,scene-1094_001,-0.500000000,11,Car,28.325269510,5,5,1.000000000
nuscenes_mini_subset,scene-1094_001,-0.500000000,12,Car,30.660667168,63,63,1.000000000
nuscenes_mini_subset,scene-1094_001,-0.500000000,13,Pedestrian,14.354206612,12,12,1.000000000
nuscenes_mini_subset,scene-1094_001,0.000000000,1,Car,24.945790140,26,26,1.000000000
nuscenes_mini_subset,scene-1094_001,0.000000000,3,Car,7.924754813,420,420,1.000000000
nuscenes_mini_subset,scene-1094_001,0.000000000,7,Car,32.964412177,13,7,0.538461538
nuscenes_mini_subset,scene-1094_001,0.000000000,11,Car,28.325269510,5,5,1.000000000
nuscenes_mini_subset,scene-1094_001,0.000000000,12,Car,30.660667168,63,63,1.000000000
nuscenes_mini_subset,scene-1094_001,0.000000000,13,Pedestrian,14.354206612,12,12,1.000000000
nuscenes_mini_subset,scene-1094_001,0.500000000,1,Car,24.945790140,26,26,1.000000000
nuscenes_mini_subset,scene-1094_001,0.500000000,3,Car,7.924754813,420,419,0.997619048
nuscenes_mini_subset,scene-1094_001,0.500000000,7,Car,32.964412177,13,4,0.307692308
nuscenes_mini_subset,scene-1094_001,0.500000000,11,Car,28.325269510,5,5,1.000000000
nuscenes_mini_subset,scene-1094_001,0.500000000,12,Car,30.660667168,63,63,1.000000000
nuscenes_mini_subset,scene-1094_001,0.500000000,13,Pedestrian,14.354206612,12,12,1.000000000
nuscenes_mini_subset,scene-1094_001,1.000000000,1,Car,24.945790140,26,26,1.000000000
nuscenes_mini_subset,scene-1094_001,1.000000000,3,Car,7.924754813,420,417,0.992857143
nuscenes_mini_subset,scene-1094_001,1.000000000,7,Car,32.964412177,13,1,0.076923077
nuscenes_mini_subset,scene-1094_001,1.000000000,11,Car,28.325269510,5,5,1.000000000
nuscenes_mini_subset,scene-1094_001,1.000000000,12,Car,30.660667168,63,63,1.000000000
nuscenes_mini_subset,scene-1094_001,1.000000000,13,Pedestrian,14.354206612,12,12,1.000000000
nuscenes_mini_subset,scene-1094_001,2.000000000,1,Car,24.945790140,26,26,1.000000000
nuscenes_mini_subset,scene-1094_001,2.000000000,3,Car,7.924754813,420,397,0.945238095
nuscenes_mini_subset,scene-1094_001,2.000000000,7,Car,32.964412177,13,0,0.000000000
nuscenes_mini_subset,scene-1094_001,2.000000000,11,Car,28.325269510,5,5,1.000000000
nuscenes_mini_subset,scene-1094_001,2.000000000,12,Car,30.660667168,63,60,0.952380952
nuscenes_mini_subset,scene-1094_001,2.000000000,13,Pedestrian,14.354206612,12,9,0.750000000
nuscenes_mini_subset,scene-1094_001,3.000000000,1,Car,24.945790140,26,21,0.807692308
nuscenes_mini_subset,scene-1094_001,3.000000000,3,Car,7.924754813,420,370,0.880952381
nuscenes_mini_subset,scene-1094_001,3.000000000,7,Car,32.964412177,13,0,0.000000000
nuscenes_mini_subset,scene-1094_001,3.000000000,11,Car,28.325269510,5,5,1.000000000
nuscenes_mini_subset,scene-1094_001,3.000000000,12,Car,30.660667168,63,56,0.888888889
nuscenes_mini_subset,scene-1094_001,3.000000000,13,Pedestrian,14.354206612,12,2,0.166666667
nuscenes_mini_subset,scene-1094_002,-3.000000000,1,Car,24.880514044,20,7,0.350000000
nuscenes_mini_subset,scene-1094_002,-3.000000000,4,Car,8.280001455,381,338,0.887139108
nuscenes_mini_subset,scene-1094_002,-3.000000000,8,Car,32.924411103,11,11,1.000000000
nuscenes_mini_subset,scene-1094_002,-3.000000000,11,Pedestrian,13.405480441,13,0,0.000000000
nuscenes_mini_subset,scene-1094_002,-3.000000000,12,Pedestrian,23.907107738,6,0,0.000000000
nuscenes_mini_subset,scene-1094_002,-3.000000000,13,Car,28.261122435,5,1,0.200000000
nuscenes_mini_subset,scene-1094_002,-3.000000000,14,Car,30.594452643,64,53,0.828125000
nuscenes_mini_subset,scene-1094_002,-3.000000000,15,Pedestrian,14.553593603,18,7,0.388888889
nuscenes_mini_subset,scene-1094_002,-3.000000000,17,Bicycle,30.530923336,6,0,0.000000000
nuscenes_mini_subset,scene-1094_002,-2.000000000,1,Car,24.880514044,20,13,0.650000000
nuscenes_mini_subset,scene-1094_002,-2.000000000,4,Car,8.280001455,381,364,0.955380577
nuscenes_mini_subset,scene-1094_002,-2.000000000,8,Car,32.924411103,11,10,0.909090909
nuscenes_mini_subset,scene-1094_002,-2.000000000,11,Pedestrian,13.405480441,13,3,0.230769231
nuscenes_mini_subset,scene-1094_002,-2.000000000,12,Pedestrian,23.907107738,6,0,0.000000000
nuscenes_mini_subset,scene-1094_002,-2.000000000,13,Car,28.261122435,5,4,0.800000000
nuscenes_mini_subset,scene-1094_002,-2.000000000,14,Car,30.594452643,64,59,0.921875000
nuscenes_mini_subset,scene-1094_002,-2.000000000,15,Pedestrian,14.553593603,18,13,0.722222222
nuscenes_mini_subset,scene-1094_002,-2.000000000,17,Bicycle,30.530923336,6,0,0.000000000
nuscenes_mini_subset,scene-1094_002,-1.000000000,1,Car,24.880514044,20,20,1.000000000
nuscenes_mini_subset,scene-1094_002,-1.000000000,4,Car,8.280001455,381,380,0.997375328
nuscenes_mini_subset,scene-1094_002,-1.000000000,8,Car,32.924411103,11,8,0.727272727
nuscenes_mini_subset,scene-1094_002,-1.000000000,11,Pedestrian,13.405480441,13,11,0.846153846
nuscenes_mini_subset,scene-1094_002,-1.000000000,12,Pedestrian,23.907107738,6,5,0.833333333
nuscenes_mini_subset,scene-1094_002,-1.000000000,13,Car,28.261122435,5,5,1.000000000
nuscenes_mini_subset,scene-1094_002,-1.000000000,14,Car,30.594452643,64,63,0.984375000
nuscenes_mini_subset,scene-1094_002,-1.000000000,15,Pedestrian,14.553593603,18,16,0.888888889
nuscenes_mini_subset,scene-1094_002,-1.000000000,17,Bicycle,30.530923336,6,3,0.500000000
nuscenes_mini_subset,scene-1094_002,-0.500000000,1,Car,24.880514044,20,20,1.000000000
nuscenes_mini_subset,scene-1094_002,-0.500000000,4,Car,8.280001455,381,381,1.000000000
nuscenes_mini_subset,scene-1094_002,-0.500000000,8,Car,32.924411103,11,7,0.636363636
nuscenes_mini_subset,scene-1094_002,-0.500000000,11,Pedestrian,13.405480441,13,12,0.923076923
nuscenes_mini_subset,scene-1094_002,-0.500000000,12,Pedestrian,23.907107738,6,6,1.000000000
nuscenes_mini_subset,scene-1094_002,-0.500000000,13,Car,28.261122435,5,5,1.000000000
nuscenes_mini_subset,scene-1094_002,-0.500000000,14,Car,30.594452643,64,64,1.000000000
nuscenes_mini_subset,scene-1094_002,-0.500000000,15,Pedestrian,14.553593603,18,17,0.944444444
nuscenes_mini_subset,scene-1094_002,-0.500000000,17,Bicycle,30.530923336,6,4,0.666666667
nuscenes_mini_subset,scene-1094_002,0.000000000,1,Car,24.880514044,20,20,1.000000000
nuscenes_mini_subset,scene-1094_002,0.000000000,4,Car,8.280001455,381,381,1.000000000
nuscenes_mini_subset,scene-1094_002,0.000000000,8,Car,32.924411103,11,5,0.454545455
nuscenes_mini_subset,scene-1094_002,0.000000000,11,Pedestrian,13.405480441,13,13,1.000000000
nuscenes_mini_subset,scene-1094_002,0.000000000,12,Pedestrian,23.907107738,6,6,1.000000000
nuscenes_mini_subset,scene-1094_002,0.000000000,13,Car,28.261122435,5,5,1.000000000
nuscenes_mini_subset,scene-1094_002,0.000000000,14,Car,30.594452643,64,64,1.000000000
nuscenes_mini_subset,scene-1094_002,0.000000000,15,Pedestrian,14.553593603,18,18,1.000000000
nuscenes_mini_subset,scene-1094_002,0.000000000,17,Bicycle,30.530923336,6,6,1.000000000
nuscenes_mini_subset,scene-1094_002,0.500000000,1,Car,24.880514044,20,20,1.000000000
nuscenes_mini_subset,scene-1094_002,0.500000000,4,Car,8.280001455,381,380,0.997375328
nuscenes_mini_subset,scene-1094_002,0.500000000,8,Car,32.924411103,11,4,0.363636364
nuscenes_mini_subset,scene-1094_002,0.500000000,11,Pedestrian,13.405480441,13,13,1.000000000
nuscenes_mini_subset,scene-1094_002,0.500000000,12,Pedestrian,23.907107738,6,6,1.000000000
nuscenes_mini_subset,scene-1094_002,0.500000000,13,Car,28.261122435,5,5,1.000000000
nuscenes_mini_subset,scene-1094_002,0.500000000,14,Car,30.594452643,64,64,1.000000000
nuscenes_mini_subset,scene-1094_002,0.500000000,15,Pedestrian,14.553593603,18,18,1.000000000
nuscenes_mini_subset,scene-1094_002,0.500000000,17,Bicycle,30.530923336,6,6,1.000000000
nuscenes_mini_subset,scene-1094_002,1.000000000,1,Car,24.880514044,20,19,0.950000000
nuscenes_mini_subset,scene-1094_002,1.000000000,4,Car,8.280001455,381,379,0.994750656
nuscenes_mini_subset,scene-1094_002,1.000000000,8,Car,32.924411103,11,2,0.181818182
nuscenes_mini_subset,scene-1094_002,1.000000000,11,Pedestrian,13.405480441,13,11,0.846153846
nuscenes_mini_subset,scene-1094_002,1.000000000,12,Pedestrian,23.907107738,6,3,0.500000000
nuscenes_mini_subset,scene-1094_002,1.000000000,13,Car,28.261122435,5,5,1.000000000
nuscenes_mini_subset,scene-1094_002,1.000000000,14,Car,30.594452643,64,63,0.984375000
nuscenes_mini_subset,scene-1094_002,1.000000000,15,Pedestrian,14.553593603,18,16,0.888888889
nuscenes_mini_subset,scene-1094_002,1.000000000,17,Bicycle,30.530923336,6,6,1.000000000
nuscenes_mini_subset,scene-1094_002,2.000000000,1,Car,24.880514044,20,19,0.950000000
nuscenes_mini_subset,scene-1094_002,2.000000000,4,Car,8.280001455,381,363,0.952755906
nuscenes_mini_subset,scene-1094_002,2.000000000,8,Car,32.924411103,11,0,0.000000000
nuscenes_mini_subset,scene-1094_002,2.000000000,11,Pedestrian,13.405480441,13,4,0.307692308
nuscenes_mini_subset,scene-1094_002,2.000000000,12,Pedestrian,23.907107738,6,0,0.000000000
nuscenes_mini_subset,scene-1094_002,2.000000000,13,Car,28.261122435,5,5,1.000000000
nuscenes_mini_subset,scene-1094_002,2.000000000,14,Car,30.594452643,64,60,0.937500000
nuscenes_mini_subset,scene-1094_002,2.000000000,15,Pedestrian,14.553593603,18,10,0.555555556
nuscenes_mini_subset,scene-1094_002,2.000000000,17,Bicycle,30.530923336,6,4,0.666666667
nuscenes_mini_subset,scene-1094_002,3.000000000,1,Car,24.880514044,20,19,0.950000000
nuscenes_mini_subset,scene-1094_002,3.000000000,4,Car,8.280001455,381,336,0.881889764
nuscenes_mini_subset,scene-1094_002,3.000000000,8,Car,32.924411103,11,0,0.000000000
nuscenes_mini_subset,scene-1094_002,3.000000000,11,Pedestrian,13.405480441,13,0,0.000000000
nuscenes_mini_subset,scene-1094_002,3.000000000,12,Pedestrian,23.907107738,6,0,0.000000000
nuscenes_mini_subset,scene-1094_002,3.000000000,13,Car,28.261122435,5,5,1.000000000
nuscenes_mini_subset,scene-1094_002,3.000000000,14,Car,30.594452643,64,57,0.890625000
nuscenes_mini_subset,scene-1094_002,3.000000000,15,Pedestrian,14.553593603,18,4,0.222222222
nuscenes_mini_subset,scene-1094_002,3.000000000,17,Bicycle,30.530923336,6,1,0.166666667
nuscenes_mini_subset,scene-1094_003,-3.000000000,1,Car,24.702924923,28,17,0.607142857
nuscenes_mini_subset,scene-1094_003,-3.000000000,5,Car,8.508479832,373,340,0.911528150
nuscenes_mini_subset,scene-1094_003,-3.000000000,9,Car,32.735434975,10,5,0.500000000
nuscenes_mini_subset,scene-1094_003,-3.000000000,12,Car,7.054020241,416,0,0.000000000
nuscenes_mini_subset,scene-1094_003,-3.000000000,13,Pedestrian,12.828732534,11,0,0.000000000
nuscenes_mini_subset,scene-1094_003,-3.000000000,14,Pedestrian,24.005736941,6,0,0.000000000
nuscenes_mini_subset,scene-1094_003,-3.000000000,16,Car,28.081922494,6,3,0.500000000
nuscenes_mini_subset,scene-1094_003,-3.000000000,17,Car,30.410659071,67,55,0.820895522
nuscenes_mini_subset,scene-1094_003,-3.000000000,18,Pedestrian,14.676904057,12,3,0.250000000
nuscenes_mini_subset,scene-1094_003,-3.000000000,20,Bicycle,30.337948856,7,1,0.142857143
nuscenes_mini_subset,scene-1094_003,-2.000000000,1,Car,24.702924923,28,22,0.785714286
nuscenes_mini_subset,scene-1094_003,-2.000000000,5,Car,8.508479832,373,362,0.970509383
nuscenes_mini_subset,scene-1094_003,-2.000000000,9,Car,32.735434975,10,7,0.700000000
nuscenes_mini_subset,scene-1094_003,-2.000000000,12,Car,7.054020241,416,0,0.000000000
nuscenes_mini_subset,scene-1094_003,-2.000000000,13,Pedestrian,12.828732534,11,1,0.090909091
nuscenes_mini_subset,scene-1094_003,-2.000000000,14,Pedestrian,24.005736941,6,0,0.000000000
nuscenes_mini_subset,scene-1094_003,-2.000000000,16,Car,28.081922494,6,6,1.000000000
nuscenes_mini_subset,scene-1094_003,-2.000000000,17,Car,30.410659071,67,62,0.925373134
nuscenes_mini_subset,scene-1094_003,-2.000000000,18,Pedestrian,14.676904057,12,8,0.666666667
nuscenes_mini_subset,scene-1094_003,-2.000000000,20,Bicycle,30.337948856,7,1,0.142857143
nuscenes_mini_subset,scene-1094_003,-1.000000000,1,Car,24.702924923,28,28,1.000000000
nuscenes_mini_subset,scene-1094_003,-1.000000000,5,Car,8.508479832,373,373,1.000000000
nuscenes_mini_subset,scene-1094_003,-1.000000000,9,Car,32.735434975,10,7,0.700000000
nuscenes_mini_subset,scene-1094_003,-1.000000000,12,Car,7.054020241,416,1,0.002403846
nuscenes_mini_subset,scene-1094_003,-1.000000000,13,Pedestrian,12.828732534,11,2,0.181818182
nuscenes_mini_subset,scene-1094_003,-1.000000000,14,Pedestrian,24.005736941,6,4,0.666666667
nuscenes_mini_subset,scene-1094_003,-1.000000000,16,Car,28.081922494,6,6,1.000000000
nuscenes_mini_subset,scene-1094_003,-1.000000000,17,Car,30.410659071,67,66,0.985074627
nuscenes_mini_subset,scene-1094_003,-1.000000000,18,Pedestrian,14.676904057,12,11,0.916666667
nuscenes_mini_subset,scene-1094_003,-1.000000000,20,Bicycle,30.337948856,7,4,0.571428571
nuscenes_mini_subset,scene-1094_003,-0.500000000,1,Car,24.702924923,28,28,1.000000000
nuscenes_mini_subset,scene-1094_003,-0.500000000,5,Car,8.508479832,373,373,1.000000000
nuscenes_mini_subset,scene-1094_003,-0.500000000,9,Car,32.735434975,10,7,0.700000000
nuscenes_mini_subset,scene-1094_003,-0.500000000,12,Car,7.054020241,416,4,0.009615385
nuscenes_mini_subset,scene-1094_003,-0.500000000,13,Pedestrian,12.828732534,11,1,0.090909091
nuscenes_mini_subset,scene-1094_003,-0.500000000,14,Pedestrian,24.005736941,6,6,1.000000000
nuscenes_mini_subset,scene-1094_003,-0.500000000,16,Car,28.081922494,6,6,1.000000000
nuscenes_mini_subset,scene-1094_003,-0.500000000,17,Car,30.410659071,67,67,1.000000000
nuscenes_mini_subset,scene-1094_003,-0.500000000,18,Pedestrian,14.676904057,12,12,1.000000000
nuscenes_mini_subset,scene-1094_003,-0.500000000,20,Bicycle,30.337948856,7,6,0.857142857
nuscenes_mini_subset,scene-1094_003,0.000000000,1,Car,24.702924923,28,28,1.000000000
nuscenes_mini_subset,scene-1094_003,0.000000000,5,Car,8.508479832,373,373,1.000000000
nuscenes_mini_subset,scene-1094_003,0.000000000,9,Car,32.735434975,10,7,0.700000000
nuscenes_mini_subset,scene-1094_003,0.000000000,12,Car,7.054020241,416,10,0.024038462
nuscenes_mini_subset,scene-1094_003,0.000000000,13,Pedestrian,12.828732534,11,0,0.000000000
nuscenes_mini_subset,scene-1094_003,0.000000000,14,Pedestrian,24.005736941,6,6,1.000000000
nuscenes_mini_subset,scene-1094_003,0.000000000,16,Car,28.081922494,6,6,1.000000000
nuscenes_mini_subset,scene-1094_003,0.000000000,17,Car,30.410659071,67,67,1.000000000
nuscenes_mini_subset,scene-1094_003,0.000000000,18,Pedestrian,14.676904057,12,12,1.000000000
nuscenes_mini_subset,scene-1094_003,0.000000000,20,Bicycle,30.337948856,7,7,1.000000000
nuscenes_mini_subset,scene-1094_003,0.500000000,1,Car,24.702924923,28,27,0.964285714
nuscenes_mini_subset,scene-1094_003,0.500000000,5,Car,8.508479832,373,372,0.997319035
nuscenes_mini_subset,scene-1094_003,0.500000000,9,Car,32.735434975,10,7,0.700000000
nuscenes_mini_subset,scene-1094_003,0.500000000,12,Car,7.054020241,416,16,0.038461538
nuscenes_mini_subset,scene-1094_003,0.500000000,13,Pedestrian,12.828732534,11,0,0.000000000
nuscenes_mini_subset,scene-1094_003,0.500000000,14,Pedestrian,24.005736941,6,6,1.000000000
nuscenes_mini_subset,scene-1094_003,0.500000000,16,Car,28.081922494,6,6,1.000000000
nuscenes_mini_subset,scene-1094_003,0.500000000,17,Car,30.410659071,67,67,1.000000000
nuscenes_mini_subset,scene-1094_003,0.500000000,18,Pedestrian,14.676904057,12,12,1.000000000
nuscenes_mini_subset,scene-1094_003,0.500000000,20,Bicycle,30.337948856,7,6,0.857142857
nuscenes_mini_subset,scene-1094_003,1.000000000,1,Car,24.702924923,28,21,0.750000000
nuscenes_mini_subset,scene-1094_003,1.000000000,5,Car,8.508479832,373,371,0.994638070
nuscenes_mini_subset,scene-1094_003,1.000000000,9,Car,32.735434975,10,6,0.600000000
nuscenes_mini_subset,scene-1094_003,1.000000000,12,Car,7.054020241,416,19,0.045673077
nuscenes_mini_subset,scene-1094_003,1.000000000,13,Pedestrian,12.828732534,11,0,0.000000000
nuscenes_mini_subset,scene-1094_003,1.000000000,14,Pedestrian,24.005736941,6,3,0.500000000
nuscenes_mini_subset,scene-1094_003,1.000000000,16,Car,28.081922494,6,6,1.000000000
nuscenes_mini_subset,scene-1094_003,1.000000000,17,Car,30.410659071,67,65,0.970149254
nuscenes_mini_subset,scene-1094_003,1.000000000,18,Pedestrian,14.676904057,12,12,1.000000000
nuscenes_mini_subset,scene-1094_003,1.000000000,20,Bicycle,30.337948856,7,6,0.857142857
nuscenes_mini_subset,scene-1094_003,2.000000000,1,Car,24.702924923,28,14,0.500000000
nuscenes_mini_subset,scene-1094_003,2.000000000,5,Car,8.508479832,373,357,0.957104558
nuscenes_mini_subset,scene-1094_003,2.000000000,9,Car,32.735434975,10,3,0.300000000
nuscenes_mini_subset,scene-1094_003,2.000000000,12,Car,7.054020241,416,25,0.060096154
nuscenes_mini_subset,scene-1094_003,2.000000000,13,Pedestrian,12.828732534,11,0,0.000000000
nuscenes_mini_subset,scene-1094_003,2.000000000,14,Pedestrian,24.005736941,6,0,0.000000000
nuscenes_mini_subset,scene-1094_003,2.000000000,16,Car,28.081922494,6,6,1.000000000
nuscenes_mini_subset,scene-1094_003,2.000000000,17,Car,30.410659071,67,62,0.925373134
nuscenes_mini_subset,scene-1094_003,2.000000000,18,Pedestrian,14.676904057,12,7,0.583333333
nuscenes_mini_subset,scene-1094_003,2.000000000,20,Bicycle,30.337948856,7,4,0.571428571
nuscenes_mini_subset,scene-1094_003,3.000000000,1,Car,24.702924923,28,14,0.500000000
nuscenes_mini_subset,scene-1094_003,3.000000000,5,Car,8.508479832,373,335,0.898123324
nuscenes_mini_subset,scene-1094_003,3.000000000,9,Car,32.735434975,10,0,0.000000000
nuscenes_mini_subset,scene-1094_003,3.000000000,12,Car,7.054020241,416,26,0.062500000
nuscenes_mini_subset,scene-1094_003,3.000000000,13,Pedestrian,12.828732534,11,0,0.000000000
nuscenes_mini_subset,scene-1094_003,3.000000000,14,Pedestrian,24.005736941,6,0,0.000000000
nuscenes_mini_subset,scene-1094_003,3.000000000,16,Car,28.081922494,6,6,1.000000000
nuscenes_mini_subset,scene-1094_003,3.000000000,17,Car,30.410659071,67,59,0.880597015
nuscenes_mini_subset,scene-1094_003,3.000000000,18,Pedestrian,14.676904057,12,3,0.250000000
nuscenes_mini_subset,scene-1094_003,3.000000000,20,Bicycle,30.337948856,7,1,0.142857143
nuscenes_mini_subset,scene-1094_004,-3.000000000,1,Car,24.302865002,27,15,0.555555556
nuscenes_mini_subset,scene-1094_004,-3.000000000,5,Car,8.685149077,367,329,0.896457766
nuscenes_mini_subset,scene-1094_004,-3.000000000,6,Pedestrian,34.566141663,5,0,0.000000000
nuscenes_mini_subset,scene-1094_004,-3.000000000,9,Car,32.340016540,12,7,0.583333333
nuscenes_mini_subset,scene-1094_004,-3.000000000,12,Car,8.656767722,278,0,0.000000000
nuscenes_mini_subset,scene-1094_004,-3.000000000,13,Pedestrian,24.025086866,6,0,0.000000000
nuscenes_mini_subset,scene-1094_004,-3.000000000,15,Car,27.675364689,5,2,0.400000000
nuscenes_mini_subset,scene-1094_004,-3.000000000,16,Car,29.994308540,68,57,0.838235294
nuscenes_mini_subset,scene-1094_004,-3.000000000,19,Bicycle,29.899793418,6,0,0.000000000
nuscenes_mini_subset,scene-1094_004,-2.000000000,1,Car,24.302865002,27,21,0.777777778
nuscenes_mini_subset,scene-1094_004,-2.000000000,5,Car,8.685149077,367,353,0.961852861
nuscenes_mini_subset,scene-1094_004,-2.000000000,6,Pedestrian,34.566141663,5,0,0.000000000
nuscenes_mini_subset,scene-1094_004,-2.000000000,9,Car,32.340016540,12,7,0.583333333
nuscenes_mini_subset,scene-1094_004,-2.000000000,12,Car,8.656767722,278,0,0.000000000
nuscenes_mini_subset,scene-1094_004,-2.000000000,13,Pedestrian,24.025086866,6,0,0.000000000
nuscenes_mini_subset,scene-1094_004,-2.000000000,15,Car,27.675364689,5,4,0.800000000
nuscenes_mini_subset,scene-1094_004,-2.000000000,16,Car,29.994308540,68,63,0.926470588
nuscenes_mini_subset,scene-1094_004,-2.000000000,19,Bicycle,29.899793418,6,2,0.333333333
nuscenes_mini_subset,scene-1094_004,-1.000000000,1,Car,24.302865002,27,27,1.000000000
nuscenes_mini_subset,scene-1094_004,-1.000000000,5,Car,8.685149077,367,367,1.000000000
nuscenes_mini_subset,scene-1094_004,-1.000000000,6,Pedestrian,34.566141663,5,0,0.000000000
nuscenes_mini_subset,scene-1094_004,-1.000000000,9,Car,32.340016540,12,6,0.500000000
nuscenes_mini_subset,scene-1094_004,-1.000000000,12,Car,8.656767722,278,2,0.007194245
nuscenes_mini_subset,scene-1094_004,-1.000000000,13,Pedestrian,24.025086866,6,4,0.666666667
nuscenes_mini_subset,scene-1094_004,-1.000000000,15,Car,27.675364689,5,5,1.000000000
nuscenes_mini_subset,scene-1094_004,-1.000000000,16,Car,29.994308540,68,67,0.985294118
nuscenes_mini_subset,scene-1094_004,-1.000000000,19,Bicycle,29.899793418,6,3,0.500000000
nuscenes_mini_subset,scene-1094_004,-0.500000000,1,Car,24.302865002,27,27,1.000000000
nuscenes_mini_subset,scene-1094_004,-0.500000000,5,Car,8.685149077,367,367,1.000000000
nuscenes_mini_subset,scene-1094_004,-0.500000000,6,Pedestrian,34.566141663,5,4,0.800000000
nuscenes_mini_subset,scene-1094_004,-0.500000000,9,Car,32.340016540,12,6,0.500000000
nuscenes_mini_subset,scene-1094_004,-0.500000000,12,Car,8.656767722,278,5,0.017985612
nuscenes_mini_subset,scene-1094_004,-0.500000000,13,Pedestrian,24.025086866,6,6,1.000000000
nuscenes_mini_subset,scene-1094_004,-0.500000000,15,Car,27.675364689,5,5,1.000000000
nuscenes_mini_subset,scene-1094_004,-0.500000000,16,Car,29.994308540,68,68,1.000000000
nuscenes_mini_subset,scene-1094_004,-0.500000000,19,Bicycle,29.899793418,6,5,0.833333333
nuscenes_mini_subset,scene-1094_004,0.000000000,1,Car,24.302865002,27,27,1.000000000
nuscenes_mini_subset,scene-1094_004,0.000000000,5,Car,8.685149077,367,367,1.000000000
nuscenes_mini_subset,scene-1094_004,0.000000000,6,Pedestrian,34.566141663,5,5,1.000000000
nuscenes_mini_subset,scene-1094_004,0.000000000,9,Car,32.340016540,12,6,0.500000000
nuscenes_mini_subset,scene-1094_004,0.000000000,12,Car,8.656767722,278,11,0.039568345
nuscenes_mini_subset,scene-1094_004,0.000000000,13,Pedestrian,24.025086866,6,6,1.000000000
nuscenes_mini_subset,scene-1094_004,0.000000000,15,Car,27.675364689,5,5,1.000000000
nuscenes_mini_subset,scene-1094_004,0.000000000,16,Car,29.994308540,68,68,1.000000000
nuscenes_mini_subset,scene-1094_004,0.000000000,19,Bicycle,29.899793418,6,6,1.000000000
nuscenes_mini_subset,scene-1094_004,0.500000000,1,Car,24.302865002,27,26,0.962962963
nuscenes_mini_subset,scene-1094_004,0.500000000,5,Car,8.685149077,367,367,1.000000000
nuscenes_mini_subset,scene-1094_004,0.500000000,6,Pedestrian,34.566141663,5,3,0.600000000
nuscenes_mini_subset,scene-1094_004,0.500000000,9,Car,32.340016540,12,5,0.416666667
nuscenes_mini_subset,scene-1094_004,0.500000000,12,Car,8.656767722,278,14,0.050359712
nuscenes_mini_subset,scene-1094_004,0.500000000,13,Pedestrian,24.025086866,6,6,1.000000000
nuscenes_mini_subset,scene-1094_004,0.500000000,15,Car,27.675364689,5,5,1.000000000
nuscenes_mini_subset,scene-1094_004,0.500000000,16,Car,29.994308540,68,68,1.000000000
nuscenes_mini_subset,scene-1094_004,0.500000000,19,Bicycle,29.899793418,6,6,1.000000000
nuscenes_mini_subset,scene-1094_004,1.000000000,1,Car,24.302865002,27,22,0.814814815
nuscenes_mini_subset,scene-1094_004,1.000000000,5,Car,8.685149077,367,362,0.986376022
nuscenes_mini_subset,scene-1094_004,1.000000000,6,Pedestrian,34.566141663,5,0,0.000000000
nuscenes_mini_subset,scene-1094_004,1.000000000,9,Car,32.340016540,12,3,0.250000000
nuscenes_mini_subset,scene-1094_004,1.000000000,12,Car,8.656767722,278,13,0.046762590
nuscenes_mini_subset,scene-1094_004,1.000000000,13,Pedestrian,24.025086866,6,4,0.666666667
nuscenes_mini_subset,scene-1094_004,1.000000000,15,Car,27.675364689,5,5,1.000000000
nuscenes_mini_subset,scene-1094_004,1.000000000,16,Car,29.994308540,68,66,0.970588235
nuscenes_mini_subset,scene-1094_004,1.000000000,19,Bicycle,29.899793418,6,5,0.833333333
nuscenes_mini_subset,scene-1094_004,2.000000000,1,Car,24.302865002,27,21,0.777777778
nuscenes_mini_subset,scene-1094_004,2.000000000,5,Car,8.685149077,367,347,0.945504087
nuscenes_mini_subset,scene-1094_004,2.000000000,6,Pedestrian,34.566141663,5,0,0.000000000
nuscenes_mini_subset,scene-1094_004,2.000000000,9,Car,32.340016540,12,1,0.083333333
nuscenes_mini_subset,scene-1094_004,2.000000000,12,Car,8.656767722,278,14,0.050359712
nuscenes_mini_subset,scene-1094_004,2.000000000,13,Pedestrian,24.025086866,6,0,0.000000000
nuscenes_mini_subset,scene-1094_004,2.000000000,15,Car,27.675364689,5,5,1.000000000
nuscenes_mini_subset,scene-1094_004,2.000000000,16,Car,29.994308540,68,63,0.926470588
nuscenes_mini_subset,scene-1094_004,2.000000000,19,Bicycle,29.899793418,6,3,0.500000000
nuscenes_mini_subset,scene-1094_004,3.000000000,1,Car,24.302865002,27,21,0.777777778
nuscenes_mini_subset,scene-1094_004,3.000000000,5,Car,8.685149077,367,322,0.877384196
nuscenes_mini_subset,scene-1094_004,3.000000000,6,Pedestrian,34.566141663,5,0,0.000000000
nuscenes_mini_subset,scene-1094_004,3.000000000,9,Car,32.340016540,12,0,0.000000000
nuscenes_mini_subset,scene-1094_004,3.000000000,12,Car,8.656767722,278,18,0.064748201
nuscenes_mini_subset,scene-1094_004,3.000000000,13,Pedestrian,24.025086866,6,0,0.000000000
nuscenes_mini_subset,scene-1094_004,3.000000000,15,Car,27.675364689,5,5,1.000000000
nuscenes_mini_subset,scene-1094_004,3.000000000,16,Car,29.994308540,68,60,0.882352941
nuscenes_mini_subset,scene-1094_004,3.000000000,19,Bicycle,29.899793418,6,1,0.166666667
nuscenes_mini_subset,scene-1094_005,-3.000000000,1,Car,23.641101282,30,19,0.633333333
nuscenes_mini_subset,scene-1094_005,-3.000000000,5,Car,8.700886688,379,348,0.918205805
nuscenes_mini_subset,scene-1094_005,-3.000000000,6,Pedestrian,33.429832738,5,0,0.000000000
nuscenes_mini_subset,scene-1094_005,-3.000000000,9,Car,31.701749392,12,9,0.750000000
nuscenes_mini_subset,scene-1094_005,-3.000000000,12,Car,10.073366431,180,0,0.000000000
nuscenes_mini_subset,scene-1094_005,-3.000000000,13,Pedestrian,23.625822954,6,0,0.000000000
nuscenes_mini_subset,scene-1094_005,-3.000000000,15,Car,26.998904194,15,6,0.400000000
nuscenes_mini_subset,scene-1094_005,-3.000000000,16,Car,29.300688061,74,64,0.864864865
nuscenes_mini_subset,scene-1094_005,-3.000000000,19,Bicycle,29.164398561,6,0,0.000000000
nuscenes_mini_subset,scene-1094_005,-2.000000000,1,Car,23.641101282,30,26,0.866666667
nuscenes_mini_subset,scene-1094_005,-2.000000000,5,Car,8.700886688,379,366,0.965699208
nuscenes_mini_subset,scene-1094_005,-2.000000000,6,Pedestrian,33.429832738,5,0,0.000000000
nuscenes_mini_subset,scene-1094_005,-2.000000000,9,Car,31.701749392,12,6,0.500000000
nuscenes_mini_subset,scene-1094_005,-2.000000000,12,Car,10.073366431,180,0,0.000000000
nuscenes_mini_subset,scene-1094_005,-2.000000000,13,Pedestrian,23.625822954,6,0,0.000000000
nuscenes_mini_subset,scene-1094_005,-2.000000000,15,Car,26.998904194,15,12,0.800000000
nuscenes_mini_subset,scene-1094_005,-2.000000000,16,Car,29.300688061,74,69,0.932432432
nuscenes_mini_subset,scene-1094_005,-2.000000000,19,Bicycle,29.164398561,6,2,0.333333333
nuscenes_mini_subset,scene-1094_005,-1.000000000,1,Car,23.641101282,30,30,1.000000000
nuscenes_mini_subset,scene-1094_005,-1.000000000,5,Car,8.700886688,379,379,1.000000000
nuscenes_mini_subset,scene-1094_005,-1.000000000,6,Pedestrian,33.429832738,5,2,0.400000000
nuscenes_mini_subset,scene-1094_005,-1.000000000,9,Car,31.701749392,12,3,0.250000000
nuscenes_mini_subset,scene-1094_005,-1.000000000,12,Car,10.073366431,180,0,0.000000000
nuscenes_mini_subset,scene-1094_005,-1.000000000,13,Pedestrian,23.625822954,6,4,0.666666667
nuscenes_mini_subset,scene-1094_005,-1.000000000,15,Car,26.998904194,15,15,1.000000000
nuscenes_mini_subset,scene-1094_005,-1.000000000,16,Car,29.300688061,74,73,0.986486486
nuscenes_mini_subset,scene-1094_005,-1.000000000,19,Bicycle,29.164398561,6,5,0.833333333
nuscenes_mini_subset,scene-1094_005,-0.500000000,1,Car,23.641101282,30,30,1.000000000
nuscenes_mini_subset,scene-1094_005,-0.500000000,5,Car,8.700886688,379,379,1.000000000
nuscenes_mini_subset,scene-1094_005,-0.500000000,6,Pedestrian,33.429832738,5,4,0.800000000
nuscenes_mini_subset,scene-1094_005,-0.500000000,9,Car,31.701749392,12,1,0.083333333
nuscenes_mini_subset,scene-1094_005,-0.500000000,12,Car,10.073366431,180,0,0.000000000
nuscenes_mini_subset,scene-1094_005,-0.500000000,13,Pedestrian,23.625822954,6,6,1.000000000
nuscenes_mini_subset,scene-1094_005,-0.500000000,15,Car,26.998904194,15,15,1.000000000
nuscenes_mini_subset,scene-1094_005,-0.500000000,16,Car,29.300688061,74,74,1.000000000
nuscenes_mini_subset,scene-1094_005,-0.500000000,19,Bicycle,29.164398561,6,6,1.000000000
nuscenes_mini_subset,scene-1094_005,0.000000000,1,Car,23.641101282,30,30,1.000000000
nuscenes_mini_subset,scene-1094_005,0.000000000,5,Car,8.700886688,379,379,1.000000000
nuscenes_mini_subset,scene-1094_005,0.000000000,6,Pedestrian,33.429832738,5,5,1.000000000
nuscenes_mini_subset,scene-1094_005,0.000000000,9,Car,31.701749392,12,0,0.000000000
nuscenes_mini_subset,scene-1094_005,0.000000000,12,Car,10.073366431,180,0,0.000000000
nuscenes_mini_subset,scene-1094_005,0.000000000,13,Pedestrian,23.625822954,6,6,1.000000000
nuscenes_mini_subset,scene-1094_005,0.000000000,15,Car,26.998904194,15,15,1.000000000
nuscenes_mini_subset,scene-1094_005,0.000000000,16,Car,29.300688061,74,74,1.000000000
nuscenes_mini_subset,scene-1094_005,0.000000000,19,Bicycle,29.164398561,6,6,1.000000000
nuscenes_mini_subset,scene-1094_005,0.500000000,1,Car,23.641101282,30,30,1.000000000
nuscenes_mini_subset,scene-1094_005,0.500000000,5,Car,8.700886688,379,377,0.994722955
nuscenes_mini_subset,scene-1094_005,0.500000000,6,Pedestrian,33.429832738,5,3,0.600000000
nuscenes_mini_subset,scene-1094_005,0.500000000,9,Car,31.701749392,12,0,0.000000000
nuscenes_mini_subset,scene-1094_005,0.500000000,12,Car,10.073366431,180,1,0.005555556
nuscenes_mini_subset,scene-1094_005,0.500000000,13,Pedestrian,23.625822954,6,6,1.000000000
nuscenes_mini_subset,scene-1094_005,0.500000000,15,Car,26.998904194,15,15,1.000000000
nuscenes_mini_subset,scene-1094_005,0.500000000,16,Car,29.300688061,74,74,1.000000000
nuscenes_mini_subset,scene-1094_005,0.500000000,19,Bicycle,29.164398561,6,6,1.000000000
nuscenes_mini_subset,scene-1094_005,1.000000000,1,Car,23.641101282,30,30,1.000000000
nuscenes_mini_subset,scene-1094_005,1.000000000,5,Car,8.700886688,379,370,0.976253298
nuscenes_mini_subset,scene-1094_005,1.000000000,6,Pedestrian,33.429832738,5,0,0.000000000
nuscenes_mini_subset,scene-1094_005,1.000000000,9,Car,31.701749392,12,0,0.000000000
nuscenes_mini_subset,scene-1094_005,1.000000000,12,Car,10.073366431,180,1,0.005555556
nuscenes_mini_subset,scene-1094_005,1.000000000,13,Pedestrian,23.625822954,6,3,0.500000000
nuscenes_mini_subset,scene-1094_005,1.000000000,15,Car,26.998904194,15,15,1.000000000
nuscenes_mini_subset,scene-1094_005,1.000000000,16,Car,29.300688061,74,73,0.986486486
nuscenes_mini_subset,scene-1094_005,1.000000000,19,Bicycle,29.164398561,6,5,0.833333333
nuscenes_mini_subset,scene-1094_005,2.000000000,1,Car,23.641101282,30,30,1.000000000
nuscenes_mini_subset,scene-1094_005,2.000000000,5,Car,8.700886688,379,352,0.928759894
nuscenes_mini_subset,scene-1094_005,2.000000000,6,Pedestrian,33.429832738,5,0,0.000000000
nuscenes_mini_subset,scene-1094_005,2.000000000,9,Car,31.701749392,12,0,0.000000000
nuscenes_mini_subset,scene-1094_005,2.000000000,12,Car,10.073366431,180,1,0.005555556
nuscenes_mini_subset,scene-1094_005,2.000000000,13,Pedestrian,23.625822954,6,0,0.000000000
nuscenes_mini_subset,scene-1094_005,2.000000000,15,Car,26.998904194,15,15,1.000000000
nuscenes_mini_subset,scene-1094_005,2.000000000,16,Car,29.300688061,74,70,0.945945946
nuscenes_mini_subset,scene-1094_005,2.000000000,19,Bicycle,29.164398561,6,2,0.333333333
nuscenes_mini_subset,scene-1094_005,3.000000000,1,Car,23.641101282,30,30,1.000000000
nuscenes_mini_subset,scene-1094_005,3.000000000,5,Car,8.700886688,379,332,0.875989446
nuscenes_mini_subset,scene-1094_005,3.000000000,6,Pedestrian,33.429832738,5,0,0.000000000
nuscenes_mini_subset,scene-1094_005,3.000000000,9,Car,31.701749392,12,0,0.000000000
nuscenes_mini_subset,scene-1094_005,3.000000000,12,Car,10.073366431,180,5,0.027777778
nuscenes_mini_subset,scene-1094_005,3.000000000,13,Pedestrian,23.625822954,6,0,0.000000000
nuscenes_mini_subset,scene-1094_005,3.000000000,15,Car,26.998904194,15,15,1.000000000
nuscenes_mini_subset,scene-1094_005,3.000000000,16,Car,29.300688061,74,65,0.878378378
nuscenes_mini_subset,scene-1094_005,3.000000000,19,Bicycle,29.164398561,6,0,0.000000000
nuscenes_mini_subset,scene-1094_006,-3.000000000,1,Car,22.747690105,50,36,0.720000000
nuscenes_mini_subset,scene-1094_006,-3.000000000,5,Car,8.512006408,415,384,0.925301205
nuscenes_mini_subset,scene-1094_006,-3.000000000,6,Pedestrian,32.008035657,5,0,0.000000000
nuscenes_mini_subset,scene-1094_006,-3.000000000,9,Car,30.941626243,5,2,0.400000000
nuscenes_mini_subset,scene-1094_006,-3.000000000,11,Pedestrian,25.841531608,6,0,0.000000000
nuscenes_mini_subset,scene-1094_006,-3.000000000,12,Pedestrian,23.177429768,6,0,0.000000000
nuscenes_mini_subset,scene-1094_006,-3.000000000,14,Car,26.081938825,10,5,0.500000000
nuscenes_mini_subset,scene-1094_006,-3.000000000,15,Car,28.358578654,64,57,0.890625000
nuscenes_mini_subset,scene-1094_006,-3.000000000,18,Bicycle,28.161399736,11,1,0.090909091
nuscenes_mini_subset,scene-1094_006,-2.000000000,1,Car,22.747690105,50,46,0.920000000
nuscenes_mini_subset,scene-1094_006,-2.000000000,5,Car,8.512006408,415,406,0.978313253
nuscenes_mini_subset,scene-1094_006,-2.000000000,6,Pedestrian,32.008035657,5,0,0.000000000
nuscenes_mini_subset,scene-1094_006,-2.000000000,9,Car,30.941626243,5,0,0.000000000
nuscenes_mini_subset,scene-1094_006,-2.000000000,11,Pedestrian,25.841531608,6,0,0.000000000
nuscenes_mini_subset,scene-1094_006,-2.000000000,12,Pedestrian,23.177429768,6,0,0.000000000
nuscenes_mini_subset,scene-1094_006,-2.000000000,14,Car,26.081938825,10,8,0.800000000
nuscenes_mini_subset,scene-1094_006,-2.000000000,15,Car,28.358578654,64,62,0.968750000
nuscenes_mini_subset,scene-1094_006,-2.000000000,18,Bicycle,28.161399736,11,4,0.363636364
nuscenes_mini_subset,scene-1094_006,-1.000000000,1,Car,22.747690105,50,50,1.000000000
nuscenes_mini_subset,scene-1094_006,-1.000000000,5,Car,8.512006408,415,415,1.000000000
nuscenes_mini_subset,scene-1094_006,-1.000000000,6,Pedestrian,32.008035657,5,0,0.000000000
nuscenes_mini_subset,scene-1094_006,-1.000000000,9,Car,30.941626243,5,0,0.000000000
nuscenes_mini_subset,scene-1094_006,-1.000000000,11,Pedestrian,25.841531608,6,2,0.333333333
nuscenes_mini_subset,scene-1094_006,-1.000000000,12,Pedestrian,23.177429768,6,3,0.500000000
nuscenes_mini_subset,scene-1094_006,-1.000000000,14,Car,26.081938825,10,10,1.000000000
nuscenes_mini_subset,scene-1094_006,-1.000000000,15,Car,28.358578654,64,64,1.000000000
nuscenes_mini_subset,scene-1094_006,-1.000000000,18,Bicycle,28.161399736,11,6,0.545454545
nuscenes_mini_subset,scene-1094_006,-0.500000000,1,Car,22.747690105,50,50,1.000000000
nuscenes_mini_subset,scene-1094_006,-0.500000000,5,Car,8.512006408,415,415,1.000000000
nuscenes_mini_subset,scene-1094_006,-0.500000000,6,Pedestrian,32.008035657,5,4,0.800000000
nuscenes_mini_subset,scene-1094_006,-0.500000000,9,Car,30.941626243,5,0,0.000000000
nuscenes_mini_subset,scene-1094_006,-0.500000000,11,Pedestrian,25.841531608,6,6,1.000000000
nuscenes_mini_subset,scene-1094_006,-0.500000000,12,Pedestrian,23.177429768,6,6,1.000000000
nuscenes_mini_subset,scene-1094_006,-0.500000000,14,Car,26.081938825,10,10,1.000000000
nuscenes_mini_subset,scene-1094_006,-0.500000000,15,Car,28.358578654,64,64,1.000000000
nuscenes_mini_subset,scene-1094_006,-0.500000000,18,Bicycle,28.161399736,11,10,0.909090909
nuscenes_mini_subset,scene-1094_006,0.000000000,1,Car,22.747690105,50,50,1.000000000
nuscenes_mini_subset,scene-1094_006,0.000000000,5,Car,8.512006408,415,415,1.000000000
nuscenes_mini_subset,scene-1094_006,0.000000000,6,Pedestrian,32.008035657,5,5,1.000000000
nuscenes_mini_subset,scene-1094_006,0.000000000,9,Car,30.941626243,5,0,0.000000000
nuscenes_mini_subset,scene-1094_006,0.000000000,11,Pedestrian,25.841531608,6,6,1.000000000
nuscenes_mini_subset,scene-1094_006,0.000000000,12,Pedestrian,23.177429768,6,6,1.000000000
nuscenes_mini_subset,scene-1094_006,0.000000000,14,Car,26.081938825,10,10,1.000000000
nuscenes_mini_subset,scene-1094_006,0.000000000,15,Car,28.358578654,64,64,1.000000000
nuscenes_mini_subset,scene-1094_006,0.000000000,18,Bicycle,28.161399736,11,11,1.000000000
nuscenes_mini_subset,scene-1094_006,0.500000000,1,Car,22.747690105,50,50,1.000000000
nuscenes_mini_subset,scene-1094_006,0.500000000,5,Car,8.512006408,415,413,0.995180723
nuscenes_mini_subset,scene-1094_006,0.500000000,6,Pedestrian,32.008035657,5,3,0.600000000
nuscenes_mini_subset,scene-1094_006,0.500000000,9,Car,30.941626243,5,0,0.000000000
nuscenes_mini_subset,scene-1094_006,0.500000000,11,Pedestrian,25.841531608,6,6,1.000000000
nuscenes_mini_subset,scene-1094_006,0.500000000,12,Pedestrian,23.177429768,6,6,1.000000000
nuscenes_mini_subset,scene-1094_006,0.500000000,14,Car,26.081938825,10,10,1.000000000
nuscenes_mini_subset,scene-1094_006,0.500000000,15,Car,28.358578654,64,64,1.000000000
nuscenes_mini_subset,scene-1094_006,0.500000000,18,Bicycle,28.161399736,11,10,0.909090909
nuscenes_mini_subset,scene-1094_006,1.000000000,1,Car,22.747690105,50,49,0.980000000
nuscenes_mini_subset,scene-1094_006,1.000000000,5,Car,8.512006408,415,407,0.980722892
nuscenes_mini_subset,scene-1094_006,1.000000000,6,Pedestrian,32.008035657,5,1,0.200000000
nuscenes_mini_subset,scene-1094_006,1.000000000,9,Car,30.941626243,5,0,0.000000000
nuscenes_mini_subset,scene-1094_006,1.000000000,11,Pedestrian,25.841531608,6,2,0.333333333
nuscenes_mini_subset,scene-1094_006,1.000000000,12,Pedestrian,23.177429768,6,4,0.666666667
nuscenes_mini_subset,scene-1094_006,1.000000000,14,Car,26.081938825,10,10,1.000000000
nuscenes_mini_subset,scene-1094_006,1.000000000,15,Car,28.358578654,64,63,0.984375000
nuscenes_mini_subset,scene-1094_006,1.000000000,18,Bicycle,28.161399736,11,9,0.818181818
nuscenes_mini_subset,scene-1094_006,2.000000000,1,Car,22.747690105,50,43,0.860000000
nuscenes_mini_subset,scene-1094_006,2.000000000,5,Car,8.512006408,415,391,0.942168675
nuscenes_mini_subset,scene-1094_006,2.000000000,6,Pedestrian,32.008035657,5,0,0.000000000
nuscenes_mini_subset,scene-1094_006,2.000000000,9,Car,30.941626243,5,0,0.000000000
nuscenes_mini_subset,scene-1094_006,2.000000000,11,Pedestrian,25.841531608,6,0,0.000000000
nuscenes_mini_subset,scene-1094_006,2.000000000,12,Pedestrian,23.177429768,6,0,0.000000000
nuscenes_mini_subset,scene-1094_006,2.000000000,14,Car,26.081938825,10,10,1.000000000
nuscenes_mini_subset,scene-1094_006,2.000000000,15,Car,28.358578654,64,61,0.953125000
nuscenes_mini_subset,scene-1094_006,2.000000000,18,Bicycle,28.161399736,11,7,0.636363636
nuscenes_mini_subset,scene-1094_006,3.000000000,1,Car,22.747690105,50,35,0.700000000
nuscenes_mini_subset,scene-1094_006,3.000000000,5,Car,8.512006408,415,370,0.891566265
nuscenes_mini_subset,scene-1094_006,3.000000000,6,Pedestrian,32.008035657,5,0,0.000000000
nuscenes_mini_subset,scene-1094_006,3.000000000,9,Car,30.941626243,5,0,0.000000000
nuscenes_mini_subset,scene-1094_006,3.000000000,11,Pedestrian,25.841531608,6,0,0.000000000
nuscenes_mini_subset,scene-1094_006,3.000000000,12,Pedestrian,23.177429768,6,0,0.000000000
nuscenes_mini_subset,scene-1094_006,3.000000000,14,Car,26.081938825,10,10,1.000000000
nuscenes_mini_subset,scene-1094_006,3.000000000,15,Car,28.358578654,64,58,0.906250000
nuscenes_mini_subset,scene-1094_006,3.000000000,18,Bicycle,28.161399736,11,3,0.272727273
nuscenes_mini_subset,scene-1094_007,-3.000000000,0,Car,21.613016157,65,49,0.753846154
nuscenes_mini_subset,scene-1094_007,-3.000000000,2,Pedestrian,24.665797397,6,0,0.000000000
nuscenes_mini_subset,scene-1094_007,-3.000000000,4,Car,8.242892851,462,427,0.924242424
nuscenes_mini_subset,scene-1094_007,-3.000000000,8,Car,29.958162948,6,1,0.166666667
nuscenes_mini_subset,scene-1094_007,-3.000000000,9,Car,30.607883483,9,4,0.444444444
nuscenes_mini_subset,scene-1094_007,-3.000000000,11,Pedestrian,22.471831367,9,0,0.000000000
nuscenes_mini_subset,scene-1094_007,-3.000000000,12,Car,24.911361841,6,5,0.833333333
nuscenes_mini_subset,scene-1094_007,-3.000000000,13,Car,27.153894996,62,61,0.983870968
nuscenes_mini_subset,scene-1094_007,-3.000000000,15,Pedestrian,21.008347027,7,0,0.000000000
nuscenes_mini_subset,scene-1094_007,-2.000000000,0,Car,21.613016157,65,57,0.876923077
nuscenes_mini_subset,scene-1094_007,-2.000000000,2,Pedestrian,24.665797397,6,0,0.000000000
nuscenes_mini_subset,scene-1094_007,-2.000000000,4,Car,8.242892851,462,449,0.971861472
nuscenes_mini_subset,scene-1094_007,-2.000000000,8,Car,29.958162948,6,0,0.000000000
nuscenes_mini_subset,scene-1094_007,-2.000000000,9,Car,30.607883483,9,6,0.666666667
nuscenes_mini_subset,scene-1094_007,-2.000000000,11,Pedestrian,22.471831367,9,0,0.000000000
nuscenes_mini_subset,scene-1094_007,-2.000000000,12,Car,24.911361841,6,6,1.000000000
nuscenes_mini_subset,scene-1094_007,-2.000000000,13,Car,27.153894996,62,62,1.000000000
nuscenes_mini_subset,scene-1094_007,-2.000000000,15,Pedestrian,21.008347027,7,0,0.000000000
nuscenes_mini_subset,scene-1094_007,-1.000000000,0,Car,21.613016157,65,57,0.876923077
nuscenes_mini_subset,scene-1094_007,-1.000000000,2,Pedestrian,24.665797397,6,1,0.166666667
nuscenes_mini_subset,scene-1094_007,-1.000000000,4,Car,8.242892851,462,462,1.000000000
nuscenes_mini_subset,scene-1094_007,-1.000000000,8,Car,29.958162948,6,0,0.000000000
nuscenes_mini_subset,scene-1094_007,-1.000000000,9,Car,30.607883483,9,8,0.888888889
nuscenes_mini_subset,scene-1094_007,-1.000000000,11,Pedestrian,22.471831367,9,7,0.777777778
nuscenes_mini_subset,scene-1094_007,-1.000000000,12,Car,24.911361841,6,6,1.000000000
nuscenes_mini_subset,scene-1094_007,-1.000000000,13,Car,27.153894996,62,62,1.000000000
nuscenes_mini_subset,scene-1094_007,-1.000000000,15,Pedestrian,21.008347027,7,2,0.285714286
nuscenes_mini_subset,scene-1094_007,-0.500000000,0,Car,21.613016157,65,53,0.815384615
nuscenes_mini_subset,scene-1094_007,-0.500000000,2,Pedestrian,24.665797397,6,6,1.000000000
nuscenes_mini_subset,scene-1094_007,-0.500000000,4,Car,8.242892851,462,462,1.000000000
nuscenes_mini_subset,scene-1094_007,-0.500000000,8,Car,29.958162948,6,0,0.000000000
nuscenes_mini_subset,scene-1094_007,-0.500000000,9,Car,30.607883483,9,9,1.000000000
nuscenes_mini_subset,scene-1094_007,-0.500000000,11,Pedestrian,22.471831367,9,9,1.000000000
nuscenes_mini_subset,scene-1094_007,-0.500000000,12,Car,24.911361841,6,6,1.000000000
nuscenes_mini_subset,scene-1094_007,-0.500000000,13,Car,27.153894996,62,62,1.000000000
nuscenes_mini_subset,scene-1094_007,-0.500000000,15,Pedestrian,21.008347027,7,7,1.000000000
nuscenes_mini_subset,scene-1094_007,0.000000000,0,Car,21.613016157,65,48,0.738461538
nuscenes_mini_subset,scene-1094_007,0.000000000,2,Pedestrian,24.665797397,6,6,1.000000000
nuscenes_mini_subset,scene-1094_007,0.000000000,4,Car,8.242892851,462,462,1.000000000
nuscenes_mini_subset,scene-1094_007,0.000000000,8,Car,29.958162948,6,0,0.000000000
nuscenes_mini_subset,scene-1094_007,0.000000000,9,Car,30.607883483,9,9,1.000000000
nuscenes_mini_subset,scene-1094_007,0.000000000,11,Pedestrian,22.471831367,9,9,1.000000000
nuscenes_mini_subset,scene-1094_007,0.000000000,12,Car,24.911361841,6,6,1.000000000
nuscenes_mini_subset,scene-1094_007,0.000000000,13,Car,27.153894996,62,62,1.000000000
nuscenes_mini_subset,scene-1094_007,0.000000000,15,Pedestrian,21.008347027,7,7,1.000000000
nuscenes_mini_subset,scene-1094_007,0.500000000,0,Car,21.613016157,65,44,0.676923077
nuscenes_mini_subset,scene-1094_007,0.500000000,2,Pedestrian,24.665797397,6,6,1.000000000
nuscenes_mini_subset,scene-1094_007,0.500000000,4,Car,8.242892851,462,460,0.995670996
nuscenes_mini_subset,scene-1094_007,0.500000000,8,Car,29.958162948,6,0,0.000000000
nuscenes_mini_subset,scene-1094_007,0.500000000,9,Car,30.607883483,9,9,1.000000000
nuscenes_mini_subset,scene-1094_007,0.500000000,11,Pedestrian,22.471831367,9,9,1.000000000
nuscenes_mini_subset,scene-1094_007,0.500000000,12,Car,24.911361841,6,6,1.000000000
nuscenes_mini_subset,scene-1094_007,0.500000000,13,Car,27.153894996,62,62,1.000000000
nuscenes_mini_subset,scene-1094_007,0.500000000,15,Pedestrian,21.008347027,7,7,1.000000000
nuscenes_mini_subset,scene-1094_007,1.000000000,0,Car,21.613016157,65,38,0.584615385
nuscenes_mini_subset,scene-1094_007,1.000000000,2,Pedestrian,24.665797397,6,5,0.833333333
nuscenes_mini_subset,scene-1094_007,1.000000000,4,Car,8.242892851,462,454,0.982683983
nuscenes_mini_subset,scene-1094_007,1.000000000,8,Car,29.958162948,6,0,0.000000000
nuscenes_mini_subset,scene-1094_007,1.000000000,9,Car,30.607883483,9,9,1.000000000
nuscenes_mini_subset,scene-1094_007,1.000000000,11,Pedestrian,22.471831367,9,5,0.555555556
nuscenes_mini_subset,scene-1094_007,1.000000000,12,Car,24.911361841,6,6,1.000000000
nuscenes_mini_subset,scene-1094_007,1.000000000,13,Car,27.153894996,62,59,0.951612903
nuscenes_mini_subset,scene-1094_007,1.000000000,15,Pedestrian,21.008347027,7,2,0.285714286
nuscenes_mini_subset,scene-1094_007,2.000000000,0,Car,21.613016157,65,31,0.476923077
nuscenes_mini_subset,scene-1094_007,2.000000000,2,Pedestrian,24.665797397,6,0,0.000000000
nuscenes_mini_subset,scene-1094_007,2.000000000,4,Car,8.242892851,462,434,0.939393939
nuscenes_mini_subset,scene-1094_007,2.000000000,8,Car,29.958162948,6,0,0.000000000
nuscenes_mini_subset,scene-1094_007,2.000000000,9,Car,30.607883483,9,9,1.000000000
nuscenes_mini_subset,scene-1094_007,2.000000000,11,Pedestrian,22.471831367,9,0,0.000000000
nuscenes_mini_subset,scene-1094_007,2.000000000,12,Car,24.911361841,6,6,1.000000000
nuscenes_mini_subset,scene-1094_007,2.000000000,13,Car,27.153894996,62,53,0.854838710
nuscenes_mini_subset,scene-1094_007,2.000000000,15,Pedestrian,21.008347027,7,0,0.000000000
nuscenes_mini_subset,scene-1094_007,3.000000000,0,Car,21.613016157,65,25,0.384615385
nuscenes_mini_subset,scene-1094_007,3.000000000,2,Pedestrian,24.665797397,6,0,0.000000000
nuscenes_mini_subset,scene-1094_007,3.000000000,4,Car,8.242892851,462,414,0.896103896
nuscenes_mini_subset,scene-1094_007,3.000000000,8,Car,29.958162948,6,0,0.000000000
nuscenes_mini_subset,scene-1094_007,3.000000000,9,Car,30.607883483,9,8,0.888888889
nuscenes_mini_subset,scene-1094_007,3.000000000,11,Pedestrian,22.471831367,9,0,0.000000000
nuscenes_mini_subset,scene-1094_007,3.000000000,12,Car,24.911361841,6,6,1.000000000
nuscenes_mini_subset,scene-1094_007,3.000000000,13,Car,27.153894996,62,47,0.758064516
nuscenes_mini_subset,scene-1094_007,3.000000000,15,Pedestrian,21.008347027,7,0,0.000000000
nuscenes_mini_subset,scene-1094_008,-3.000000000,0,Car,20.501190406,72,60,0.833333333
nuscenes_mini_subset,scene-1094_008,-3.000000000,1,Pedestrian,20.253641851,8,0,0.000000000
nuscenes_mini_subset,scene-1094_008,-3.000000000,4,Car,8.123413660,481,464,0.964656965
nuscenes_mini_subset,scene-1094_008,-3.000000000,8,Car,29.233802873,18,17,0.944444444
nuscenes_mini_subset,scene-1094_008,-3.000000000,10,Pedestrian,21.548888220,6,0,0.000000000
nuscenes_mini_subset,scene-1094_008,-3.000000000,12,Car,25.892706129,62,57,0.919354839
nuscenes_mini_subset,scene-1094_008,-3.000000000,13,Pedestrian,12.395103335,20,6,0.300000000
nuscenes_mini_subset,scene-1094_008,-3.000000000,14,Pedestrian,20.256441311,7,0,0.000000000
nuscenes_mini_subset,scene-1094_008,-2.000000000,0,Car,20.501190406,72,54,0.750000000
nuscenes_mini_subset,scene-1094_008,-2.000000000,1,Pedestrian,20.253641851,8,0,0.000000000
nuscenes_mini_subset,scene-1094_008,-2.000000000,4,Car,8.123413660,481,479,0.995841996
nuscenes_mini_subset,scene-1094_008,-2.000000000,8,Car,29.233802873,18,17,0.944444444
nuscenes_mini_subset,scene-1094_008,-2.000000000,10,Pedestrian,21.548888220,6,0,0.000000000
nuscenes_mini_subset,scene-1094_008,-2.000000000,12,Car,25.892706129,62,60,0.967741935
nuscenes_mini_subset,scene-1094_008,-2.000000000,13,Pedestrian,12.395103335,20,17,0.850000000
nuscenes_mini_subset,scene-1094_008,-2.000000000,14,Pedestrian,20.256441311,7,0,0.000000000
nuscenes_mini_subset,scene-1094_008,-1.000000000,0,Car,20.501190406,72,42,0.583333333
nuscenes_mini_subset,scene-1094_008,-1.000000000,1,Pedestrian,20.253641851,8,2,0.250000000
nuscenes_mini_subset,scene-1094_008,-1.000000000,4,Car,8.123413660,481,481,1.000000000
nuscenes_mini_subset,scene-1094_008,-1.000000000,8,Car,29.233802873,18,18,1.000000000
nuscenes_mini_subset,scene-1094_008,-1.000000000,10,Pedestrian,21.548888220,6,6,1.000000000
nuscenes_mini_subset,scene-1094_008,-1.000000000,12,Car,25.892706129,62,62,1.000000000
nuscenes_mini_subset,scene-1094_008,-1.000000000,13,Pedestrian,12.395103335,20,20,1.000000000
nuscenes_mini_subset,scene-1094_008,-1.000000000,14,Pedestrian,20.256441311,7,1,0.142857143
nuscenes_mini_subset,scene-1094_008,-0.500000000,0,Car,20.501190406,72,34,0.472222222
nuscenes_mini_subset,scene-1094_008,-0.500000000,1,Pedestrian,20.253641851,8,6,0.750000000
nuscenes_mini_subset,scene-1094_008,-0.500000000,4,Car,8.123413660,481,481,1.000000000
nuscenes_mini_subset,scene-1094_008,-0.500000000,8,Car,29.233802873,18,18,1.000000000
nuscenes_mini_subset,scene-1094_008,-0.500000000,10,Pedestrian,21.548888220,6,6,1.000000000
nuscenes_mini_subset,scene-1094_008,-0.500000000,12,Car,25.892706129,62,62,1.000000000
nuscenes_mini_subset,scene-1094_008,-0.500000000,13,Pedestrian,12.395103335,20,20,1.000000000
nuscenes_mini_subset,scene-1094_008,-0.500000000,14,Pedestrian,20.256441311,7,6,0.857142857
nuscenes_mini_subset,scene-1094_008,0.000000000,0,Car,20.501190406,72,31,0.430555556
nuscenes_mini_subset,scene-1094_008,0.000000000,1,Pedestrian,20.253641851,8,8,1.000000000
nuscenes_mini_subset,scene-1094_008,0.000000000,4,Car,8.123413660,481,481,1.000000000
nuscenes_mini_subset,scene-1094_008,0.000000000,8,Car,29.233802873,18,18,1.000000000
nuscenes_mini_subset,scene-1094_008,0.000000000,10,Pedestrian,21.548888220,6,6,1.000000000
nuscenes_mini_subset,scene-1094_008,0.000000000,12,Car,25.892706129,62,62,1.000000000
nuscenes_mini_subset,scene-1094_008,0.000000000,13,Pedestrian,12.395103335,20,20,1.000000000
nuscenes_mini_subset,scene-1094_008,0.000000000,14,Pedestrian,20.256441311,7,7,1.000000000
nuscenes_mini_subset,scene-1094_008,0.500000000,0,Car,20.501190406,72,26,0.361111111
nuscenes_mini_subset,scene-1094_008,0.500000000,1,Pedestrian,20.253641851,8,7,0.875000000
nuscenes_mini_subset,scene-1094_008,0.500000000,4,Car,8.123413660,481,480,0.997920998
nuscenes_mini_subset,scene-1094_008,0.500000000,8,Car,29.233802873,18,18,1.000000000
nuscenes_mini_subset,scene-1094_008,0.500000000,10,Pedestrian,21.548888220,6,6,1.000000000
nuscenes_mini_subset,scene-1094_008,0.500000000,12,Car,25.892706129,62,62,1.000000000
nuscenes_mini_subset,scene-1094_008,0.500000000,13,Pedestrian,12.395103335,20,20,1.000000000
nuscenes_mini_subset,scene-1094_008,0.500000000,14,Pedestrian,20.256441311,7,6,0.857142857
nuscenes_mini_subset,scene-1094_008,1.000000000,0,Car,20.501190406,72,23,0.319444444
nuscenes_mini_subset,scene-1094_008,1.000000000,1,Pedestrian,20.253641851,8,6,0.750000000
nuscenes_mini_subset,scene-1094_008,1.000000000,4,Car,8.123413660,481,474,0.985446985
nuscenes_mini_subset,scene-1094_008,1.000000000,8,Car,29.233802873,18,16,0.888888889
nuscenes_mini_subset,scene-1094_008,1.000000000,10,Pedestrian,21.548888220,6,4,0.666666667
nuscenes_mini_subset,scene-1094_008,1.000000000,12,Car,25.892706129,62,61,0.983870968
nuscenes_mini_subset,scene-1094_008,1.000000000,13,Pedestrian,12.395103335,20,20,1.000000000
nuscenes_mini_subset,scene-1094_008,1.000000000,14,Pedestrian,20.256441311,7,3,0.428571429
nuscenes_mini_subset,scene-1094_008,2.000000000,0,Car,20.501190406,72,14,0.194444444
nuscenes_mini_subset,scene-1094_008,2.000000000,1,Pedestrian,20.253641851,8,0,0.000000000
nuscenes_mini_subset,scene-1094_008,2.000000000,4,Car,8.123413660,481,455,0.945945946
nuscenes_mini_subset,scene-1094_008,2.000000000,8,Car,29.233802873,18,11,0.611111111
nuscenes_mini_subset,scene-1094_008,2.000000000,10,Pedestrian,21.548888220,6,0,0.000000000
nuscenes_mini_subset,scene-1094_008,2.000000000,12,Car,25.892706129,62,58,0.935483871
nuscenes_mini_subset,scene-1094_008,2.000000000,13,Pedestrian,12.395103335,20,18,0.900000000
nuscenes_mini_subset,scene-1094_008,2.000000000,14,Pedestrian,20.256441311,7,0,0.000000000
nuscenes_mini_subset,scene-1094_008,3.000000000,0,Car,20.501190406,72,7,0.097222222
nuscenes_mini_subset,scene-1094_008,3.000000000,1,Pedestrian,20.253641851,8,0,0.000000000
nuscenes_mini_subset,scene-1094_008,3.000000000,4,Car,8.123413660,481,436,0.906444906
nuscenes_mini_subset,scene-1094_008,3.000000000,8,Car,29.233802873,18,6,0.333333333
nuscenes_mini_subset,scene-1094_008,3.000000000,10,Pedestrian,21.548888220,6,0,0.000000000
nuscenes_mini_subset,scene-1094_008,3.000000000,12,Car,25.892706129,62,52,0.838709677
nuscenes_mini_subset,scene-1094_008,3.000000000,13,Pedestrian,12.395103335,20,8,0.400000000
nuscenes_mini_subset,scene-1094_008,3.000000000,14,Pedestrian,20.256441311,7,0,0.000000000
nuscenes_mini_subset,scene-1094_009,-3.000000000,0,Car,19.378786050,19,6,0.315789474
nuscenes_mini_subset,scene-1094_009,-3.000000000,1,Pedestrian,19.472175964,6,0,0.000000000
nuscenes_mini_subset,scene-1094_009,-3.000000000,4,Car,8.311532009,473,346,0.731501057
nuscenes_mini_subset,scene-1094_009,-3.000000000,5,Pedestrian,27.160203790,6,0,0.000000000
nuscenes_mini_subset,scene-1094_009,-3.000000000,7,Pedestrian,26.176050611,5,0,0.000000000
nuscenes_mini_subset,scene-1094_009,-3.000000000,9,Car,27.833351525,11,11,1.000000000
nuscenes_mini_subset,scene-1094_009,-3.000000000,11,Pedestrian,20.647161657,7,0,0.000000000
nuscenes_mini_subset,scene-1094_009,-3.000000000,13,Car,24.610374500,84,71,0.845238095
nuscenes_mini_subset,scene-1094_009,-3.000000000,14,Pedestrian,11.369734076,26,17,0.653846154
nuscenes_mini_subset,scene-1094_009,-3.000000000,15,Pedestrian,19.527323346,9,0,0.000000000
nuscenes_mini_subset,scene-1094_009,-2.000000000,0,Car,19.378786050,19,3,0.157894737
nuscenes_mini_subset,scene-1094_009,-2.000000000,1,Pedestrian,19.472175964,6,0,0.000000000
nuscenes_mini_subset,scene-1094_009,-2.000000000,4,Car,8.311532009,473,339,0.716701903
nuscenes_mini_subset,scene-1094_009,-2.000000000,5,Pedestrian,27.160203790,6,0,0.000000000
nuscenes_mini_subset,scene-1094_009,-2.000000000,7,Pedestrian,26.176050611,5,0,0.000000000
nuscenes_mini_subset,scene-1094_009,-2.000000000,9,Car,27.833351525,11,11,1.000000000
nuscenes_mini_subset,scene-1094_009,-2.000000000,11,Pedestrian,20.647161657,7,0,0.000000000
nuscenes_mini_subset,scene-1094_009,-2.000000000,13,Car,24.610374500,84,76,0.904761905
nuscenes_mini_subset,scene-1094_009,-2.000000000,14,Pedestrian,11.369734076,26,23,0.884615385
nuscenes_mini_subset,scene-1094_009,-2.000000000,15,Pedestrian,19.527323346,9,0,0.000000000
nuscenes_mini_subset,scene-1094_009,-1.000000000,0,Car,19.378786050,19,1,0.052631579
nuscenes_mini_subset,scene-1094_009,-1.000000000,1,Pedestrian,19.472175964,6,3,0.500000000
nuscenes_mini_subset,scene-1094_009,-1.000000000,4,Car,8.311532009,473,327,0.691331924
nuscenes_mini_subset,scene-1094_009,-1.000000000,5,Pedestrian,27.160203790,6,1,0.166666667
nuscenes_mini_subset,scene-1094_009,-1.000000000,7,Pedestrian,26.176050611,5,5,1.000000000
nuscenes_mini_subset,scene-1094_009,-1.000000000,9,Car,27.833351525,11,11,1.000000000
nuscenes_mini_subset,scene-1094_009,-1.000000000,11,Pedestrian,20.647161657,7,3,0.428571429
nuscenes_mini_subset,scene-1094_009,-1.000000000,13,Car,24.610374500,84,82,0.976190476
nuscenes_mini_subset,scene-1094_009,-1.000000000,14,Pedestrian,11.369734076,26,25,0.961538462
nuscenes_mini_subset,scene-1094_009,-1.000000000,15,Pedestrian,19.527323346,9,6,0.666666667
nuscenes_mini_subset,scene-1094_009,-0.500000000,0,Car,19.378786050,19,0,0.000000000
nuscenes_mini_subset,scene-1094_009,-0.500000000,1,Pedestrian,19.472175964,6,6,1.000000000
nuscenes_mini_subset,scene-1094_009,-0.500000000,4,Car,8.311532009,473,313,0.661733615
nuscenes_mini_subset,scene-1094_009,-0.500000000,5,Pedestrian,27.160203790,6,5,0.833333333
nuscenes_mini_subset,scene-1094_009,-0.500000000,7,Pedestrian,26.176050611,5,5,1.000000000
nuscenes_mini_subset,scene-1094_009,-0.500000000,9,Car,27.833351525,11,11,1.000000000
nuscenes_mini_subset,scene-1094_009,-0.500000000,11,Pedestrian,20.647161657,7,6,0.857142857
nuscenes_mini_subset,scene-1094_009,-0.500000000,13,Car,24.610374500,84,84,1.000000000
nuscenes_mini_subset,scene-1094_009,-0.500000000,14,Pedestrian,11.369734076,26,26,1.000000000
nuscenes_mini_subset,scene-1094_009,-0.500000000,15,Pedestrian,19.527323346,9,9,1.000000000
nuscenes_mini_subset,scene-1094_009,0.000000000,0,Car,19.378786050,19,0,0.000000000
nuscenes_mini_subset,scene-1094_009,0.000000000,1,Pedestrian,19.472175964,6,6,1.000000000
nuscenes_mini_subset,scene-1094_009,0.000000000,4,Car,8.311532009,473,300,0.634249471
nuscenes_mini_subset,scene-1094_009,0.000000000,5,Pedestrian,27.160203790,6,6,1.000000000
nuscenes_mini_subset,scene-1094_009,0.000000000,7,Pedestrian,26.176050611,5,5,1.000000000
nuscenes_mini_subset,scene-1094_009,0.000000000,9,Car,27.833351525,11,11,1.000000000
nuscenes_mini_subset,scene-1094_009,0.000000000,11,Pedestrian,20.647161657,7,7,1.000000000
nuscenes_mini_subset,scene-1094_009,0.000000000,13,Car,24.610374500,84,84,1.000000000
nuscenes_mini_subset,scene-1094_009,0.000000000,14,Pedestrian,11.369734076,26,26,1.000000000
nuscenes_mini_subset,scene-1094_009,0.000000000,15,Pedestrian,19.527323346,9,9,1.000000000
nuscenes_mini_subset,scene-1094_009,0.500000000,0,Car,19.378786050,19,0,0.000000000
nuscenes_mini_subset,scene-1094_009,0.500000000,1,Pedestrian,19.472175964,6,5,0.833333333
nuscenes_mini_subset,scene-1094_009,0.500000000,4,Car,8.311532009,473,288,0.608879493
nuscenes_mini_subset,scene-1094_009,0.500000000,5,Pedestrian,27.160203790,6,5,0.833333333
nuscenes_mini_subset,scene-1094_009,0.500000000,7,Pedestrian,26.176050611,5,5,1.000000000
nuscenes_mini_subset,scene-1094_009,0.500000000,9,Car,27.833351525,11,11,1.000000000
nuscenes_mini_subset,scene-1094_009,0.500000000,11,Pedestrian,20.647161657,7,7,1.000000000
nuscenes_mini_subset,scene-1094_009,0.500000000,13,Car,24.610374500,84,84,1.000000000
nuscenes_mini_subset,scene-1094_009,0.500000000,14,Pedestrian,11.369734076,26,26,1.000000000
nuscenes_mini_subset,scene-1094_009,0.500000000,15,Pedestrian,19.527323346,9,8,0.888888889
nuscenes_mini_subset,scene-1094_009,1.000000000,0,Car,19.378786050,19,0,0.000000000
nuscenes_mini_subset,scene-1094_009,1.000000000,1,Pedestrian,19.472175964,6,4,0.666666667
nuscenes_mini_subset,scene-1094_009,1.000000000,4,Car,8.311532009,473,279,0.589852008
nuscenes_mini_subset,scene-1094_009,1.000000000,5,Pedestrian,27.160203790,6,3,0.500000000
nuscenes_mini_subset,scene-1094_009,1.000000000,7,Pedestrian,26.176050611,5,4,0.800000000
nuscenes_mini_subset,scene-1094_009,1.000000000,9,Car,27.833351525,11,10,0.909090909
nuscenes_mini_subset,scene-1094_009,1.000000000,11,Pedestrian,20.647161657,7,6,0.857142857
nuscenes_mini_subset,scene-1094_009,1.000000000,13,Car,24.610374500,84,83,0.988095238
nuscenes_mini_subset,scene-1094_009,1.000000000,14,Pedestrian,11.369734076,26,26,1.000000000
nuscenes_mini_subset,scene-1094_009,1.000000000,15,Pedestrian,19.527323346,9,2,0.222222222
nuscenes_mini_subset,scene-1094_009,2.000000000,0,Car,19.378786050,19,0,0.000000000
nuscenes_mini_subset,scene-1094_009,2.000000000,1,Pedestrian,19.472175964,6,0,0.000000000
nuscenes_mini_subset,scene-1094_009,2.000000000,4,Car,8.311532009,473,248,0.524312896
nuscenes_mini_subset,scene-1094_009,2.000000000,5,Pedestrian,27.160203790,6,0,0.000000000
nuscenes_mini_subset,scene-1094_009,2.000000000,7,Pedestrian,26.176050611,5,0,0.000000000
nuscenes_mini_subset,scene-1094_009,2.000000000,9,Car,27.833351525,11,7,0.636363636
nuscenes_mini_subset,scene-1094_009,2.000000000,11,Pedestrian,20.647161657,7,2,0.285714286
nuscenes_mini_subset,scene-1094_009,2.000000000,13,Car,24.610374500,84,77,0.916666667
nuscenes_mini_subset,scene-1094_009,2.000000000,14,Pedestrian,11.369734076,26,24,0.923076923
nuscenes_mini_subset,scene-1094_009,2.000000000,15,Pedestrian,19.527323346,9,0,0.000000000
nuscenes_mini_subset,scene-1094_009,3.000000000,0,Car,19.378786050,19,0,0.000000000
nuscenes_mini_subset,scene-1094_009,3.000000000,1,Pedestrian,19.472175964,6,0,0.000000000
nuscenes_mini_subset,scene-1094_009,3.000000000,4,Car,8.311532009,473,217,0.458773784
nuscenes_mini_subset,scene-1094_009,3.000000000,5,Pedestrian,27.160203790,6,0,0.000000000
nuscenes_mini_subset,scene-1094_009,3.000000000,7,Pedestrian,26.176050611,5,0,0.000000000
nuscenes_mini_subset,scene-1094_009,3.000000000,9,Car,27.833351525,11,4,0.363636364
nuscenes_mini_subset,scene-1094_009,3.000000000,11,Pedestrian,20.647161657,7,0,0.000000000
nuscenes_mini_subset,scene-1094_009,3.000000000,13,Car,24.610374500,84,71,0.845238095
nuscenes_mini_subset,scene-1094_009,3.000000000,14,Pedestrian,11.369734076,26,10,0.384615385
nuscenes_mini_subset,scene-1094_009,3.000000000,15,Pedestrian,19.527323346,9,0,0.000000000
nuscenes_mini_subset,scene-1094_010,-3.000000000,0,Car,18.265580503,13,10,0.769230769
nuscenes_mini_subset,scene-1094_010,-3.000000000,4,Car,8.810894665,422,162,0.383886256
nuscenes_mini_subset,scene-1094_010,-3.000000000,5,Pedestrian,18.838941464,7,0,0.000000000
nuscenes_mini_subset,scene-1094_010,-3.000000000,7,Pedestrian,29.388872265,5,0,0.000000000
nuscenes_mini_subset,scene-1094_010,-3.000000000,8,Car,26.462555423,24,22,0.916666667
nuscenes_mini_subset,scene-1094_010,-3.000000000,9,Pedestrian,19.937040263,11,0,0.000000000
nuscenes_mini_subset,scene-1094_010,-3.000000000,10,Car,21.223817222,32,22,0.687500000
nuscenes_mini_subset,scene-1094_010,-3.000000000,11,Car,23.338637774,115,102,0.886956522
nuscenes_mini_subset,scene-1094_010,-3.000000000,12,Pedestrian,10.423435069,36,25,0.694444444
nuscenes_mini_subset,scene-1094_010,-3.000000000,13,Pedestrian,18.670793172,6,0,0.000000000
nuscenes_mini_subset,scene-1094_010,-3.000000000,15,Bicycle,22.795803599,5,1,0.200000000
nuscenes_mini_subset,scene-1094_010,-2.000000000,0,Car,18.265580503,13,7,0.538461538
nuscenes_mini_subset,scene-1094_010,-2.000000000,4,Car,8.810894665,422,153,0.362559242
nuscenes_mini_subset,scene-1094_010,-2.000000000,5,Pedestrian,18.838941464,7,0,0.000000000
nuscenes_mini_subset,scene-1094_010,-2.000000000,7,Pedestrian,29.388872265,5,0,0.000000000
nuscenes_mini_subset,scene-1094_010,-2.000000000,8,Car,26.462555423,24,24,1.000000000
nuscenes_mini_subset,scene-1094_010,-2.000000000,9,Pedestrian,19.937040263,11,0,0.000000000
nuscenes_mini_subset,scene-1094_010,-2.000000000,10,Car,21.223817222,32,27,0.843750000
nuscenes_mini_subset,scene-1094_010,-2.000000000,11,Car,23.338637774,115,106,0.921739130
nuscenes_mini_subset,scene-1094_010,-2.000000000,12,Pedestrian,10.423435069,36,31,0.861111111
nuscenes_mini_subset,scene-1094_010,-2.000000000,13,Pedestrian,18.670793172,6,0,0.000000000
nuscenes_mini_subset,scene-1094_010,-2.000000000,15,Bicycle,22.795803599,5,3,0.600000000
nuscenes_mini_subset,scene-1094_010,-1.000000000,0,Car,18.265580503,13,4,0.307692308
nuscenes_mini_subset,scene-1094_010,-1.000000000,4,Car,8.810894665,422,137,0.324644550
nuscenes_mini_subset,scene-1094_010,-1.000000000,5,Pedestrian,18.838941464,7,2,0.285714286
nuscenes_mini_subset,scene-1094_010,-1.000000000,7,Pedestrian,29.388872265,5,3,0.600000000
nuscenes_mini_subset,scene-1094_010,-1.000000000,8,Car,26.462555423,24,24,1.000000000
nuscenes_mini_subset,scene-1094_010,-1.000000000,9,Pedestrian,19.937040263,11,7,0.636363636
nuscenes_mini_subset,scene-1094_010,-1.000000000,10,Car,21.223817222,32,30,0.937500000
nuscenes_mini_subset,scene-1094_010,-1.000000000,11,Car,23.338637774,115,111,0.965217391
nuscenes_mini_subset,scene-1094_010,-1.000000000,12,Pedestrian,10.423435069,36,36,1.000000000
nuscenes_mini_subset,scene-1094_010,-1.000000000,13,Pedestrian,18.670793172,6,3,0.500000000
nuscenes_mini_subset,scene-1094_010,-1.000000000,15,Bicycle,22.795803599,5,4,0.800000000
nuscenes_mini_subset,scene-1094_010,-0.500000000,0,Car,18.265580503,13,2,0.153846154
nuscenes_mini_subset,scene-1094_010,-0.500000000,4,Car,8.810894665,422,126,0.298578199
nuscenes_mini_subset,scene-1094_010,-0.500000000,5,Pedestrian,18.838941464,7,4,0.571428571
nuscenes_mini_subset,scene-1094_010,-0.500000000,7,Pedestrian,29.388872265,5,5,1.000000000
nuscenes_mini_subset,scene-1094_010,-0.500000000,8,Car,26.462555423,24,24,1.000000000
nuscenes_mini_subset,scene-1094_010,-0.500000000,9,Pedestrian,19.937040263,11,10,0.909090909
nuscenes_mini_subset,scene-1094_010,-0.500000000,10,Car,21.223817222,32,32,1.000000000
nuscenes_mini_subset,scene-1094_010,-0.500000000,11,Car,23.338637774,115,113,0.982608696
nuscenes_mini_subset,scene-1094_010,-0.500000000,12,Pedestrian,10.423435069,36,36,1.000000000
nuscenes_mini_subset,scene-1094_010,-0.500000000,13,Pedestrian,18.670793172,6,5,0.833333333
nuscenes_mini_subset,scene-1094_010,-0.500000000,15,Bicycle,22.795803599,5,5,1.000000000
nuscenes_mini_subset,scene-1094_010,0.000000000,0,Car,18.265580503,13,2,0.153846154
nuscenes_mini_subset,scene-1094_010,0.000000000,4,Car,8.810894665,422,114,0.270142180
nuscenes_mini_subset,scene-1094_010,0.000000000,5,Pedestrian,18.838941464,7,7,1.000000000
nuscenes_mini_subset,scene-1094_010,0.000000000,7,Pedestrian,29.388872265,5,5,1.000000000
nuscenes_mini_subset,scene-1094_010,0.000000000,8,Car,26.462555423,24,24,1.000000000
nuscenes_mini_subset,scene-1094_010,0.000000000,9,Pedestrian,19.937040263,11,11,1.000000000
nuscenes_mini_subset,scene-1094_010,0.000000000,10,Car,21.223817222,32,32,1.000000000
nuscenes_mini_subset,scene-1094_010,0.000000000,11,Car,23.338637774,115,115,1.000000000
nuscenes_mini_subset,scene-1094_010,0.000000000,12,Pedestrian,10.423435069,36,36,1.000000000
nuscenes_mini_subset,scene-1094_010,0.000000000,13,Pedestrian,18.670793172,6,6,1.000000000
nuscenes_mini_subset,scene-1094_010,0.000000000,15,Bicycle,22.795803599,5,5,1.000000000
nuscenes_mini_subset,scene-1094_010,0.500000000,0,Car,18.265580503,13,1,0.076923077
nuscenes_mini_subset,scene-1094_010,0.500000000,4,Car,8.810894665,422,102,0.241706161
nuscenes_mini_subset,scene-1094_010,0.500000000,5,Pedestrian,18.838941464,7,7,1.000000000
nuscenes_mini_subset,scene-1094_010,0.500000000,7,Pedestrian,29.388872265,5,5,1.000000000
nuscenes_mini_subset,scene-1094_010,0.500000000,8,Car,26.462555423,24,24,1.000000000
nuscenes_mini_subset,scene-1094_010,0.500000000,9,Pedestrian,19.937040263,11,11,1.000000000
nuscenes_mini_subset,scene-1094_010,0.500000000,10,Car,21.223817222,32,32,1.000000000
nuscenes_mini_subset,scene-1094_010,0.500000000,11,Car,23.338637774,115,115,1.000000000
nuscenes_mini_subset,scene-1094_010,0.500000000,12,Pedestrian,10.423435069,36,36,1.000000000
nuscenes_mini_subset,scene-1094_010,0.500000000,13,Pedestrian,18.670793172,6,6,1.000000000
nuscenes_mini_subset,scene-1094_010,0.500000000,15,Bicycle,22.795803599,5,5,1.000000000
nuscenes_mini_subset,scene-1094_010,1.000000000,0,Car,18.265580503,13,1,0.076923077
nuscenes_mini_subset,scene-1094_010,1.000000000,4,Car,8.810894665,422,90,0.213270142
nuscenes_mini_subset,scene-1094_010,1.000000000,5,Pedestrian,18.838941464,7,5,0.714285714
nuscenes_mini_subset,scene-1094_010,1.000000000,7,Pedestrian,29.388872265,5,2,0.400000000
nuscenes_mini_subset,scene-1094_010,1.000000000,8,Car,26.462555423,24,24,1.000000000
nuscenes_mini_subset,scene-1094_010,1.000000000,9,Pedestrian,19.937040263,11,11,1.000000000
nuscenes_mini_subset,scene-1094_010,1.000000000,10,Car,21.223817222,32,32,1.000000000
nuscenes_mini_subset,scene-1094_010,1.000000000,11,Car,23.338637774,115,115,1.000000000
nuscenes_mini_subset,scene-1094_010,1.000000000,12,Pedestrian,10.423435069,36,36,1.000000000
nuscenes_mini_subset,scene-1094_010,1.000000000,13,Pedestrian,18.670793172,6,3,0.500000000
nuscenes_mini_subset,scene-1094_010,1.000000000,15,Bicycle,22.795803599,5,5,1.000000000
nuscenes_mini_subset,scene-1094_010,2.000000000,0,Car,18.265580503,13,1,0.076923077
nuscenes_mini_subset,scene-1094_010,2.000000000,4,Car,8.810894665,422,66,0.156398104
nuscenes_mini_subset,scene-1094_010,2.000000000,5,Pedestrian,18.838941464,7,0,0.000000000
nuscenes_mini_subset,scene-1094_010,2.000000000,7,Pedestrian,29.388872265,5,0,0.000000000
nuscenes_mini_subset,scene-1094_010,2.000000000,8,Car,26.462555423,24,22,0.916666667
nuscenes_mini_subset,scene-1094_010,2.000000000,9,Pedestrian,19.937040263,11,4,0.363636364
nuscenes_mini_subset,scene-1094_010,2.000000000,10,Car,21.223817222,32,32,1.000000000
nuscenes_mini_subset,scene-1094_010,2.000000000,11,Car,23.338637774,115,110,0.956521739
nuscenes_mini_subset,scene-1094_010,2.000000000,12,Pedestrian,10.423435069,36,33,0.916666667
nuscenes_mini_subset,scene-1094_010,2.000000000,13,Pedestrian,18.670793172,6,0,0.000000000
nuscenes_mini_subset,scene-1094_010,2.000000000,15,Bicycle,22.795803599,5,2,0.400000000
nuscenes_mini_subset,scene-1094_010,3.000000000,0,Car,18.265580503,13,0,0.000000000
nuscenes_mini_subset,scene-1094_010,3.000000000,4,Car,8.810894665,422,43,0.101895735
nuscenes_mini_subset,scene-1094_010,3.000000000,5,Pedestrian,18.838941464,7,0,0.000000000
nuscenes_mini_subset,scene-1094_010,3.000000000,7,Pedestrian,29.388872265,5,0,0.000000000
nuscenes_mini_subset,scene-1094_010,3.000000000,8,Car,26.462555423,24,16,0.666666667
nuscenes_mini_subset,scene-1094_010,3.000000000,9,Pedestrian,19.937040263,11,0,0.000000000
nuscenes_mini_subset,scene-1094_010,3.000000000,10,Car,21.223817222,32,32,1.000000000
nuscenes_mini_subset,scene-1094_010,3.000000000,11,Car,23.338637774,115,105,0.913043478
nuscenes_mini_subset,scene-1094_010,3.000000000,12,Pedestrian,10.423435069,36,19,0.527777778
nuscenes_mini_subset,scene-1094_010,3.000000000,13,Pedestrian,18.670793172,6,0,0.000000000
nuscenes_mini_subset,scene-1094_010,3.000000000,15,Bicycle,22.795803599,5,2,0.400000000
nuscenes_mini_subset,scene-1094_011,-3.000000000,0,Car,17.117079289,89,74,0.831460674
nuscenes_mini_subset,scene-1094_011,-3.000000000,1,Pedestrian,17.810764303,7,0,0.000000000
nuscenes_mini_subset,scene-1094_011,-3.000000000,4,Car,9.674371849,317,31,0.097791798
nuscenes_mini_subset,scene-1094_011,-3.000000000,5,Pedestrian,18.038376075,8,0,0.000000000
nuscenes_mini_subset,scene-1094_011,-3.000000000,9,Car,25.146568275,33,31,0.939393939
nuscenes_mini_subset,scene-1094_011,-3.000000000,10,Car,19.972043910,25,22,0.880000000
nuscenes_mini_subset,scene-1094_011,-3.000000000,11,Car,22.056964531,121,109,0.900826446
nuscenes_mini_subset,scene-1094_011,-3.000000000,12,Pedestrian,9.532594081,40,36,0.900000000
nuscenes_mini_subset,scene-1094_011,-3.000000000,14,Bicycle,21.608519414,6,2,0.333333333
nuscenes_mini_subset,scene-1094_011,-2.000000000,0,Car,17.117079289,89,84,0.943820225
nuscenes_mini_subset,scene-1094_011,-2.000000000,1,Pedestrian,17.810764303,7,0,0.000000000
nuscenes_mini_subset,scene-1094_011,-2.000000000,4,Car,9.674371849,317,32,0.100946372
nuscenes_mini_subset,scene-1094_011,-2.000000000,5,Pedestrian,18.038376075,8,0,0.000000000
nuscenes_mini_subset,scene-1094_011,-2.000000000,9,Car,25.146568275,33,33,1.000000000
nuscenes_mini_subset,scene-1094_011,-2.000000000,10,Car,19.972043910,25,23,0.920000000
nuscenes_mini_subset,scene-1094_011,-2.000000000,11,Car,22.056964531,121,115,0.950413223
nuscenes_mini_subset,scene-1094_011,-2.000000000,12,Pedestrian,9.532594081,40,39,0.975000000
nuscenes_mini_subset,scene-1094_011,-2.000000000,14,Bicycle,21.608519414,6,3,0.500000000
nuscenes_mini_subset,scene-1094_011,-1.000000000,0,Car,17.117079289,89,89,1.000000000
nuscenes_mini_subset,scene-1094_011,-1.000000000,1,Pedestrian,17.810764303,7,5,0.714285714
nuscenes_mini_subset,scene-1094_011,-1.000000000,4,Car,9.674371849,317,28,0.088328076
nuscenes_mini_subset,scene-1094_011,-1.000000000,5,Pedestrian,18.038376075,8,2,0.250000000
nuscenes_mini_subset,scene-1094_011,-1.000000000,9,Car,25.146568275,33,33,1.000000000
nuscenes_mini_subset,scene-1094_011,-1.000000000,10,Car,19.972043910,25,25,1.000000000
nuscenes_mini_subset,scene-1094_011,-1.000000000,11,Car,22.056964531,121,121,1.000000000
nuscenes_mini_subset,scene-1094_011,-1.000000000,12,Pedestrian,9.532594081,40,40,1.000000000
nuscenes_mini_subset,scene-1094_011,-1.000000000,14,Bicycle,21.608519414,6,6,1.000000000
nuscenes_mini_subset,scene-1094_011,-0.500000000,0,Car,17.117079289,89,89,1.000000000
nuscenes_mini_subset,scene-1094_011,-0.500000000,1,Pedestrian,17.810764303,7,7,1.000000000
nuscenes_mini_subset,scene-1094_011,-0.500000000,4,Car,9.674371849,317,15,0.047318612
nuscenes_mini_subset,scene-1094_011,-0.500000000,5,Pedestrian,18.038376075,8,7,0.875000000
nuscenes_mini_subset,scene-1094_011,-0.500000000,9,Car,25.146568275,33,33,1.000000000
nuscenes_mini_subset,scene-1094_011,-0.500000000,10,Car,19.972043910,25,25,1.000000000
nuscenes_mini_subset,scene-1094_011,-0.500000000,11,Car,22.056964531,121,121,1.000000000
nuscenes_mini_subset,scene-1094_011,-0.500000000,12,Pedestrian,9.532594081,40,40,1.000000000
nuscenes_mini_subset,scene-1094_011,-0.500000000,14,Bicycle,21.608519414,6,6,1.000000000
nuscenes_mini_subset,scene-1094_011,0.000000000,0,Car,17.117079289,89,88,0.988764045
nuscenes_mini_subset,scene-1094_011,0.000000000,1,Pedestrian,17.810764303,7,7,1.000000000
nuscenes_mini_subset,scene-1094_011,0.000000000,4,Car,9.674371849,317,8,0.025236593
nuscenes_mini_subset,scene-1094_011,0.000000000,5,Pedestrian,18.038376075,8,8,1.000000000
nuscenes_mini_subset,scene-1094_011,0.000000000,9,Car,25.146568275,33,33,1.000000000
nuscenes_mini_subset,scene-1094_011,0.000000000,10,Car,19.972043910,25,25,1.000000000
nuscenes_mini_subset,scene-1094_011,0.000000000,11,Car,22.056964531,121,121,1.000000000
nuscenes_mini_subset,scene-1094_011,0.000000000,12,Pedestrian,9.532594081,40,40,1.000000000
nuscenes_mini_subset,scene-1094_011,0.000000000,14,Bicycle,21.608519414,6,6,1.000000000
nuscenes_mini_subset,scene-1094_011,0.500000000,0,Car,17.117079289,89,84,0.943820225
nuscenes_mini_subset,scene-1094_011,0.500000000,1,Pedestrian,17.810764303,7,5,0.714285714
nuscenes_mini_subset,scene-1094_011,0.500000000,4,Car,9.674371849,317,1,0.003154574
nuscenes_mini_subset,scene-1094_011,0.500000000,5,Pedestrian,18.038376075,8,8,1.000000000
nuscenes_mini_subset,scene-1094_011,0.500000000,9,Car,25.146568275,33,33,1.000000000
nuscenes_mini_subset,scene-1094_011,0.500000000,10,Car,19.972043910,25,25,1.000000000
nuscenes_mini_subset,scene-1094_011,0.500000000,11,Car,22.056964531,121,121,1.000000000
nuscenes_mini_subset,scene-1094_011,0.500000000,12,Pedestrian,9.532594081,40,40,1.000000000
nuscenes_mini_subset,scene-1094_011,0.500000000,14,Bicycle,21.608519414,6,6,1.000000000
nuscenes_mini_subset,scene-1094_011,1.000000000,0,Car,17.117079289,89,79,0.887640449
nuscenes_mini_subset,scene-1094_011,1.000000000,1,Pedestrian,17.810764303,7,4,0.571428571
nuscenes_mini_subset,scene-1094_011,1.000000000,4,Car,9.674371849,317,0,0.000000000
nuscenes_mini_subset,scene-1094_011,1.000000000,5,Pedestrian,18.038376075,8,8,1.000000000
nuscenes_mini_subset,scene-1094_011,1.000000000,9,Car,25.146568275,33,33,1.000000000
nuscenes_mini_subset,scene-1094_011,1.000000000,10,Car,19.972043910,25,25,1.000000000
nuscenes_mini_subset,scene-1094_011,1.000000000,11,Car,22.056964531,121,119,0.983471074
nuscenes_mini_subset,scene-1094_011,1.000000000,12,Pedestrian,9.532594081,40,39,0.975000000
nuscenes_mini_subset,scene-1094_011,1.000000000,14,Bicycle,21.608519414,6,4,0.666666667
nuscenes_mini_subset,scene-1094_011,2.000000000,0,Car,17.117079289,89,68,0.764044944
nuscenes_mini_subset,scene-1094_011,2.000000000,1,Pedestrian,17.810764303,7,0,0.000000000
nuscenes_mini_subset,scene-1094_011,2.000000000,4,Car,9.674371849,317,0,0.000000000
nuscenes_mini_subset,scene-1094_011,2.000000000,5,Pedestrian,18.038376075,8,0,0.000000000
nuscenes_mini_subset,scene-1094_011,2.000000000,9,Car,25.146568275,33,29,0.878787879
nuscenes_mini_subset,scene-1094_011,2.000000000,10,Car,19.972043910,25,25,1.000000000
nuscenes_mini_subset,scene-1094_011,2.000000000,11,Car,22.056964531,121,114,0.942148760
nuscenes_mini_subset,scene-1094_011,2.000000000,12,Pedestrian,9.532594081,40,32,0.800000000
nuscenes_mini_subset,scene-1094_011,2.000000000,14,Bicycle,21.608519414,6,4,0.666666667
nuscenes_mini_subset,scene-1094_011,3.000000000,0,Car,17.117079289,89,61,0.685393258
nuscenes_mini_subset,scene-1094_011,3.000000000,1,Pedestrian,17.810764303,7,0,0.000000000
nuscenes_mini_subset,scene-1094_011,3.000000000,4,Car,9.674371849,317,0,0.000000000
nuscenes_mini_subset,scene-1094_011,3.000000000,5,Pedestrian,18.038376075,8,0,0.000000000
nuscenes_mini_subset,scene-1094_011,3.000000000,9,Car,25.146568275,33,24,0.727272727
nuscenes_mini_subset,scene-1094_011,3.000000000,10,Car,19.972043910,25,25,1.000000000
nuscenes_mini_subset,scene-1094_011,3.000000000,11,Car,22.056964531,121,108,0.892561983
nuscenes_mini_subset,scene-1094_011,3.000000000,12,Pedestrian,9.532594081,40,15,0.375000000
nuscenes_mini_subset,scene-1094_011,3.000000000,14,Bicycle,21.608519414,6,2,0.333333333
nuscenes_mini_subset,scene-1094_012,-3.000000000,0,Car,15.931653326,137,115,0.839416058
nuscenes_mini_subset,scene-1094_012,-3.000000000,3,Pedestrian,17.211140555,8,0,0.000000000
nuscenes_mini_subset,scene-1094_012,-3.000000000,6,Car,10.848793421,238,45,0.189075630
nuscenes_mini_subset,scene-1094_012,-3.000000000,7,Pedestrian,17.350681818,6,0,0.000000000
nuscenes_mini_subset,scene-1094_012,-3.000000000,9,Car,24.487940908,15,15,1.000000000
nuscenes_mini_subset,scene-1094_012,-3.000000000,10,Car,23.927829280,31,26,0.838709677
nuscenes_mini_subset,scene-1094_012,-3.000000000,11,Car,18.703548382,34,27,0.794117647
nuscenes_mini_subset,scene-1094_012,-3.000000000,12,Car,20.775914599,121,106,0.876033058
nuscenes_mini_subset,scene-1094_012,-3.000000000,13,Pedestrian,8.824232698,49,42,0.857142857
nuscenes_mini_subset,scene-1094_012,-3.000000000,14,Pedestrian,17.230129013,8,0,0.000000000
nuscenes_mini_subset,scene-1094_012,-2.000000000,0,Car,15.931653326,137,127,0.927007299
nuscenes_mini_subset,scene-1094_012,-2.000000000,3,Pedestrian,17.211140555,8,0,0.000000000
nuscenes_mini_subset,scene-1094_012,-2.000000000,6,Car,10.848793421,238,43,0.180672269
nuscenes_mini_subset,scene-1094_012,-2.000000000,7,Pedestrian,17.350681818,6,0,0.000000000
nuscenes_mini_subset,scene-1094_012,-2.000000000,9,Car,24.487940908,15,15,1.000000000
nuscenes_mini_subset,scene-1094_012,-2.000000000,10,Car,23.927829280,31,28,0.903225806
nuscenes_mini_subset,scene-1094_012,-2.000000000,11,Car,18.703548382,34,31,0.911764706
nuscenes_mini_subset,scene-1094_012,-2.000000000,12,Car,20.775914599,121,111,0.917355372
nuscenes_mini_subset,scene-1094_012,-2.000000000,13,Pedestrian,8.824232698,49,46,0.938775510
nuscenes_mini_subset,scene-1094_012,-2.000000000,14,Pedestrian,17.230129013,8,0,0.000000000
nuscenes_mini_subset,scene-1094_012,-1.000000000,0,Car,15.931653326,137,136,0.992700730
nuscenes_mini_subset,scene-1094_012,-1.000000000,3,Pedestrian,17.211140555,8,3,0.375000000
nuscenes_mini_subset,scene-1094_012,-1.000000000,6,Car,10.848793421,238,38,0.159663866
nuscenes_mini_subset,scene-1094_012,-1.000000000,7,Pedestrian,17.350681818,6,1,0.166666667
nuscenes_mini_subset,scene-1094_012,-1.000000000,9,Car,24.487940908,15,15,1.000000000
nuscenes_mini_subset,scene-1094_012,-1.000000000,10,Car,23.927829280,31,31,1.000000000
nuscenes_mini_subset,scene-1094_012,-1.000000000,11,Car,18.703548382,34,33,0.970588235
nuscenes_mini_subset,scene-1094_012,-1.000000000,12,Car,20.775914599,121,117,0.966942149
nuscenes_mini_subset,scene-1094_012,-1.000000000,13,Pedestrian,8.824232698,49,49,1.000000000
nuscenes_mini_subset,scene-1094_012,-1.000000000,14,Pedestrian,17.230129013,8,5,0.625000000
nuscenes_mini_subset,scene-1094_012,-0.500000000,0,Car,15.931653326,137,137,1.000000000
nuscenes_mini_subset,scene-1094_012,-0.500000000,3,Pedestrian,17.211140555,8,8,1.000000000
nuscenes_mini_subset,scene-1094_012,-0.500000000,6,Car,10.848793421,238,29,0.121848739
nuscenes_mini_subset,scene-1094_012,-0.500000000,7,Pedestrian,17.350681818,6,5,0.833333333
nuscenes_mini_subset,scene-1094_012,-0.500000000,9,Car,24.487940908,15,15,1.000000000
nuscenes_mini_subset,scene-1094_012,-0.500000000,10,Car,23.927829280,31,31,1.000000000
nuscenes_mini_subset,scene-1094_012,-0.500000000,11,Car,18.703548382,34,34,1.000000000
nuscenes_mini_subset,scene-1094_012,-0.500000000,12,Car,20.775914599,121,119,0.983471074
nuscenes_mini_subset,scene-1094_012,-0.500000000,13,Pedestrian,8.824232698,49,49,1.000000000
nuscenes_mini_subset,scene-1094_012,-0.500000000,14,Pedestrian,17.230129013,8,8,1.000000000
nuscenes_mini_subset,scene-1094_012,0.000000000,0,Car,15.931653326,137,137,1.000000000
nuscenes_mini_subset,scene-1094_012,0.000000000,3,Pedestrian,17.211140555,8,8,1.000000000
nuscenes_mini_subset,scene-1094_012,0.000000000,6,Car,10.848793421,238,20,0.084033613
nuscenes_mini_subset,scene-1094_012,0.000000000,7,Pedestrian,17.350681818,6,6,1.000000000
nuscenes_mini_subset,scene-1094_012,0.000000000,9,Car,24.487940908,15,15,1.000000000
nuscenes_mini_subset,scene-1094_012,0.000000000,10,Car,23.927829280,31,31,1.000000000
nuscenes_mini_subset,scene-1094_012,0.000000000,11,Car,18.703548382,34,34,1.000000000
nuscenes_mini_subset,scene-1094_012,0.000000000,12,Car,20.775914599,121,121,1.000000000
nuscenes_mini_subset,scene-1094_012,0.000000000,13,Pedestrian,8.824232698,49,49,1.000000000
nuscenes_mini_subset,scene-1094_012,0.000000000,14,Pedestrian,17.230129013,8,8,1.000000000
nuscenes_mini_subset,scene-1094_012,0.500000000,0,Car,15.931653326,137,136,0.992700730
nuscenes_mini_subset,scene-1094_012,0.500000000,3,Pedestrian,17.211140555,8,8,1.000000000
nuscenes_mini_subset,scene-1094_012,0.500000000,6,Car,10.848793421,238,11,0.046218487
nuscenes_mini_subset,scene-1094_012,0.500000000,7,Pedestrian,17.350681818,6,6,1.000000000
nuscenes_mini_subset,scene-1094_012,0.500000000,9,Car,24.487940908,15,15,1.000000000
nuscenes_mini_subset,scene-1094_012,0.500000000,10,Car,23.927829280,31,31,1.000000000
nuscenes_mini_subset,scene-1094_012,0.500000000,11,Car,18.703548382,34,34,1.000000000
nuscenes_mini_subset,scene-1094_012,0.500000000,12,Car,20.775914599,121,121,1.000000000
nuscenes_mini_subset,scene-1094_012,0.500000000,13,Pedestrian,8.824232698,49,49,1.000000000
nuscenes_mini_subset,scene-1094_012,0.500000000,14,Pedestrian,17.230129013,8,7,0.875000000
nuscenes_mini_subset,scene-1094_012,1.000000000,0,Car,15.931653326,137,133,0.970802920
nuscenes_mini_subset,scene-1094_012,1.000000000,3,Pedestrian,17.211140555,8,6,0.750000000
nuscenes_mini_subset,scene-1094_012,1.000000000,6,Car,10.848793421,238,5,0.021008403
nuscenes_mini_subset,scene-1094_012,1.000000000,7,Pedestrian,17.350681818,6,5,0.833333333
nuscenes_mini_subset,scene-1094_012,1.000000000,9,Car,24.487940908,15,14,0.933333333
nuscenes_mini_subset,scene-1094_012,1.000000000,10,Car,23.927829280,31,31,1.000000000
nuscenes_mini_subset,scene-1094_012,1.000000000,11,Car,18.703548382,34,34,1.000000000
nuscenes_mini_subset,scene-1094_012,1.000000000,12,Car,20.775914599,121,121,1.000000000
nuscenes_mini_subset,scene-1094_012,1.000000000,13,Pedestrian,8.824232698,49,49,1.000000000
nuscenes_mini_subset,scene-1094_012,1.000000000,14,Pedestrian,17.230129013,8,3,0.375000000
nuscenes_mini_subset,scene-1094_012,2.000000000,0,Car,15.931653326,137,119,0.868613139
nuscenes_mini_subset,scene-1094_012,2.000000000,3,Pedestrian,17.211140555,8,0,0.000000000
nuscenes_mini_subset,scene-1094_012,2.000000000,6,Car,10.848793421,238,0,0.000000000
nuscenes_mini_subset,scene-1094_012,2.000000000,7,Pedestrian,17.350681818,6,1,0.166666667
nuscenes_mini_subset,scene-1094_012,2.000000000,9,Car,24.487940908,15,9,0.600000000
nuscenes_mini_subset,scene-1094_012,2.000000000,10,Car,23.927829280,31,29,0.935483871
nuscenes_mini_subset,scene-1094_012,2.000000000,11,Car,18.703548382,34,34,1.000000000
nuscenes_mini_subset,scene-1094_012,2.000000000,12,Car,20.775914599,121,118,0.975206612
nuscenes_mini_subset,scene-1094_012,2.000000000,13,Pedestrian,8.824232698,49,45,0.918367347
nuscenes_mini_subset,scene-1094_012,2.000000000,14,Pedestrian,17.230129013,8,0,0.000000000
nuscenes_mini_subset,scene-1094_012,3.000000000,0,Car,15.931653326,137,101,0.737226277
nuscenes_mini_subset,scene-1094_012,3.000000000,3,Pedestrian,17.211140555,8,0,0.000000000
nuscenes_mini_subset,scene-1094_012,3.000000000,6,Car,10.848793421,238,0,0.000000000
nuscenes_mini_subset,scene-1094_012,3.000000000,7,Pedestrian,17.350681818,6,0,0.000000000
nuscenes_mini_subset,scene-1094_012,3.000000000,9,Car,24.487940908,15,6,0.400000000
nuscenes_mini_subset,scene-1094_012,3.000000000,10,Car,23.927829280,31,24,0.774193548
nuscenes_mini_subset,scene-1094_012,3.000000000,11,Car,18.703548382,34,34,1.000000000
nuscenes_mini_subset,scene-1094_012,3.000000000,12,Car,20.775914599,121,111,0.917355372
nuscenes_mini_subset,scene-1094_012,3.000000000,13,Pedestrian,8.824232698,49,33,0.673469388
nuscenes_mini_subset,scene-1094_012,3.000000000,14,Pedestrian,17.230129013,8,0,0.000000000
nuscenes_mini_subset,scene-1094_013,-3.000000000,0,Car,14.502451548,126,100,0.793650794
nuscenes_mini_subset,scene-1094_013,-3.000000000,1,Car,29.830243094,6,1,0.166666667
nuscenes_mini_subset,scene-1094_013,-3.000000000,2,Car,34.020689808,10,4,0.400000000
nuscenes_mini_subset,scene-1094_013,-3.000000000,3,Pedestrian,16.546448394,10,0,0.000000000
nuscenes_mini_subset,scene-1094_013,-3.000000000,4,Car,39.999043259,15,8,0.533333333
nuscenes_mini_subset,scene-1094_013,-3.000000000,5,Car,12.131979961,127,79,0.622047244
nuscenes_mini_subset,scene-1094_013,-3.000000000,6,Pedestrian,16.754721298,5,0,0.000000000
nuscenes_mini_subset,scene-1094_013,-3.000000000,8,Car,23.080369529,14,14,1.000000000
nuscenes_mini_subset,scene-1094_013,-3.000000000,10,Car,22.753984871,28,24,0.857142857
nuscenes_mini_subset,scene-1094_013,-3.000000000,11,Car,17.324733212,35,26,0.742857143
nuscenes_mini_subset,scene-1094_013,-3.000000000,12,Car,19.414733326,168,153,0.910714286
nuscenes_mini_subset,scene-1094_013,-2.000000000,0,Car,14.502451548,126,113,0.896825397
nuscenes_mini_subset,scene-1094_013,-2.000000000,1,Car,29.830243094,6,4,0.666666667
nuscenes_mini_subset,scene-1094_013,-2.000000000,2,Car,34.020689808,10,9,0.900000000
nuscenes_mini_subset,scene-1094_013,-2.000000000,3,Pedestrian,16.546448394,10,0,0.000000000
nuscenes_mini_subset,scene-1094_013,-2.000000000,4,Car,39.999043259,15,11,0.733333333
nuscenes_mini_subset,scene-1094_013,-2.000000000,5,Car,12.131979961,127,84,0.661417323
nuscenes_mini_subset,scene-1094_013,-2.000000000,6,Pedestrian,16.754721298,5,0,0.000000000
nuscenes_mini_subset,scene-1094_013,-2.000000000,8,Car,23.080369529,14,14,1.000000000
nuscenes_mini_subset,scene-1094_013,-2.000000000,10,Car,22.753984871,28,26,0.928571429
nuscenes_mini_subset,scene-1094_013,-2.000000000,11,Car,17.324733212,35,31,0.885714286
nuscenes_mini_subset,scene-1094_013,-2.000000000,12,Car,19.414733326,168,159,0.946428571
nuscenes_mini_subset,scene-1094_013,-1.000000000,0,Car,14.502451548,126,123,0.976190476
nuscenes_mini_subset,scene-1094_013,-1.000000000,1,Car,29.830243094,6,6,1.000000000
nuscenes_mini_subset,scene-1094_013,-1.000000000,2,Car,34.020689808,10,10,1.000000000
nuscenes_mini_subset,scene-1094_013,-1.000000000,3,Pedestrian,16.546448394,10,0,0.000000000
nuscenes_mini_subset,scene-1094_013,-1.000000000,4,Car,39.999043259,15,14,0.933333333
nuscenes_mini_subset,scene-1094_013,-1.000000000,5,Car,12.131979961,127,83,0.653543307
nuscenes_mini_subset,scene-1094_013,-1.000000000,6,Pedestrian,16.754721298,5,0,0.000000000
nuscenes_mini_subset,scene-1094_013,-1.000000000,8,Car,23.080369529,14,14,1.000000000
nuscenes_mini_subset,scene-1094_013,-1.000000000,10,Car,22.753984871,28,27,0.964285714
nuscenes_mini_subset,scene-1094_013,-1.000000000,11,Car,17.324733212,35,34,0.971428571
nuscenes_mini_subset,scene-1094_013,-1.000000000,12,Car,19.414733326,168,164,0.976190476
nuscenes_mini_subset,scene-1094_013,-0.500000000,0,Car,14.502451548,126,126,1.000000000
nuscenes_mini_subset,scene-1094_013,-0.500000000,1,Car,29.830243094,6,6,1.000000000
nuscenes_mini_subset,scene-1094_013,-0.500000000,2,Car,34.020689808,10,10,1.000000000
nuscenes_mini_subset,scene-1094_013,-0.500000000,3,Pedestrian,16.546448394,10,0,0.000000000
nuscenes_mini_subset,scene-1094_013,-0.500000000,4,Car,39.999043259,15,15,1.000000000
nuscenes_mini_subset,scene-1094_013,-0.500000000,5,Car,12.131979961,127,81,0.637795276
nuscenes_mini_subset,scene-1094_013,-0.500000000,6,Pedestrian,16.754721298,5,3,0.600000000
nuscenes_mini_subset,scene-1094_013,-0.500000000,8,Car,23.080369529,14,14,1.000000000
nuscenes_mini_subset,scene-1094_013,-0.500000000,10,Car,22.753984871,28,28,1.000000000
nuscenes_mini_subset,scene-1094_013,-0.500000000,11,Car,17.324733212,35,35,1.000000000
nuscenes_mini_subset,scene-1094_013,-0.500000000,12,Car,19.414733326,168,168,1.000000000
nuscenes_mini_subset,scene-1094_013,0.000000000,0,Car,14.502451548,126,126,1.000000000
nuscenes_mini_subset,scene-1094_013,0.000000000,1,Car,29.830243094,6,6,1.000000000
nuscenes_mini_subset,scene-1094_013,0.000000000,2,Car,34.020689808,10,10,1.000000000
nuscenes_mini_subset,scene-1094_013,0.000000000,3,Pedestrian,16.546448394,10,0,0.000000000
nuscenes_mini_subset,scene-1094_013,0.000000000,4,Car,39.999043259,15,15,1.000000000
nuscenes_mini_subset,scene-1094_013,0.000000000,5,Car,12.131979961,127,75,0.590551181
nuscenes_mini_subset,scene-1094_013,0.000000000,6,Pedestrian,16.754721298,5,5,1.000000000
nuscenes_mini_subset,scene-1094_013,0.000000000,8,Car,23.080369529,14,14,1.000000000
nuscenes_mini_subset,scene-1094_013,0.000000000,10,Car,22.753984871,28,28,1.000000000
nuscenes_mini_subset,scene-1094_013,0.000000000,11,Car,17.324733212,35,35,1.000000000
nuscenes_mini_subset,scene-1094_013,0.000000000,12,Car,19.414733326,168,168,1.000000000
nuscenes_mini_subset,scene-1094_013,0.500000000,0,Car,14.502451548,126,126,1.000000000
nuscenes_mini_subset,scene-1094_013,0.500000000,1,Car,29.830243094,6,6,1.000000000
nuscenes_mini_subset,scene-1094_013,0.500000000,2,Car,34.020689808,10,10,1.000000000
nuscenes_mini_subset,scene-1094_013,0.500000000,3,Pedestrian,16.546448394,10,2,0.200000000
nuscenes_mini_subset,scene-1094_013,0.500000000,4,Car,39.999043259,15,15,1.000000000
nuscenes_mini_subset,scene-1094_013,0.500000000,5,Car,12.131979961,127,68,0.535433071
nuscenes_mini_subset,scene-1094_013,0.500000000,6,Pedestrian,16.754721298,5,5,1.000000000
nuscenes_mini_subset,scene-1094_013,0.500000000,8,Car,23.080369529,14,14,1.000000000
nuscenes_mini_subset,scene-1094_013,0.500000000,10,Car,22.753984871,28,28,1.000000000
nuscenes_mini_subset,scene-1094_013,0.500000000,11,Car,17.324733212,35,35,1.000000000
nuscenes_mini_subset,scene-1094_013,0.500000000,12,Car,19.414733326,168,168,1.000000000
nuscenes_mini_subset,scene-1094_013,1.000000000,0,Car,14.502451548,126,123,0.976190476
nuscenes_mini_subset,scene-1094_013,1.000000000,1,Car,29.830243094,6,6,1.000000000
nuscenes_mini_subset,scene-1094_013,1.000000000,2,Car,34.020689808,10,10,1.000000000
nuscenes_mini_subset,scene-1094_013,1.000000000,3,Pedestrian,16.546448394,10,1,0.100000000
nuscenes_mini_subset,scene-1094_013,1.000000000,4,Car,39.999043259,15,14,0.933333333
nuscenes_mini_subset,scene-1094_013,1.000000000,5,Car,12.131979961,127,61,0.480314961
nuscenes_mini_subset,scene-1094_013,1.000000000,6,Pedestrian,16.754721298,5,5,1.000000000
nuscenes_mini_subset,scene-1094_013,1.000000000,8,Car,23.080369529,14,13,0.928571429
nuscenes_mini_subset,scene-1094_013,1.000000000,10,Car,22.753984871,28,28,1.000000000
nuscenes_mini_subset,scene-1094_013,1.000000000,11,Car,17.324733212,35,35,1.000000000
nuscenes_mini_subset,scene-1094_013,1.000000000,12,Car,19.414733326,168,168,1.000000000
nuscenes_mini_subset,scene-1094_013,2.000000000,0,Car,14.502451548,126,110,0.873015873
nuscenes_mini_subset,scene-1094_013,2.000000000,1,Car,29.830243094,6,6,1.000000000
nuscenes_mini_subset,scene-1094_013,2.000000000,2,Car,34.020689808,10,8,0.800000000
nuscenes_mini_subset,scene-1094_013,2.000000000,3,Pedestrian,16.546448394,10,1,0.100000000
nuscenes_mini_subset,scene-1094_013,2.000000000,4,Car,39.999043259,15,8,0.533333333
nuscenes_mini_subset,scene-1094_013,2.000000000,5,Car,12.131979961,127,47,0.370078740
nuscenes_mini_subset,scene-1094_013,2.000000000,6,Pedestrian,16.754721298,5,2,0.400000000
nuscenes_mini_subset,scene-1094_013,2.000000000,8,Car,23.080369529,14,9,0.642857143
nuscenes_mini_subset,scene-1094_013,2.000000000,10,Car,22.753984871,28,25,0.892857143
nuscenes_mini_subset,scene-1094_013,2.000000000,11,Car,17.324733212,35,35,1.000000000
nuscenes_mini_subset,scene-1094_013,2.000000000,12,Car,19.414733326,168,165,0.982142857
nuscenes_mini_subset,scene-1094_013,3.000000000,0,Car,14.502451548,126,96,0.761904762
nuscenes_mini_subset,scene-1094_013,3.000000000,1,Car,29.830243094,6,6,1.000000000
nuscenes_mini_subset,scene-1094_013,3.000000000,2,Car,34.020689808,10,2,0.200000000
nuscenes_mini_subset,scene-1094_013,3.000000000,3,Pedestrian,16.546448394,10,0,0.000000000
nuscenes_mini_subset,scene-1094_013,3.000000000,4,Car,39.999043259,15,5,0.333333333
nuscenes_mini_subset,scene-1094_013,3.000000000,5,Car,12.131979961,127,33,0.259842520
nuscenes_mini_subset,scene-1094_013,3.000000000,6,Pedestrian,16.754721298,5,0,0.000000000
nuscenes_mini_subset,scene-1094_013,3.000000000,8,Car,23.080369529,14,5,0.357142857
nuscenes_mini_subset,scene-1094_013,3.000000000,10,Car,22.753984871,28,20,0.714285714
nuscenes_mini_subset,scene-1094_013,3.000000000,11,Car,17.324733212,35,35,1.000000000
nuscenes_mini_subset,scene-1094_013,3.000000000,12,Car,19.414733326,168,156,0.928571429
nuscenes_mini_subset,scene-1094_014,-3.000000000,0,Car,12.870286036,180,159,0.883333333
nuscenes_mini_subset,scene-1094_014,-3.000000000,1,Car,28.183294101,14,6,0.428571429
nuscenes_mini_subset,scene-1094_014,-3.000000000,2,Car,32.379578725,11,6,0.545454545
nuscenes_mini_subset,scene-1094_014,-3.000000000,3,Car,38.353631128,16,10,0.625000000
nuscenes_mini_subset,scene-1094_014,-3.000000000,4,Car,13.476549032,99,65,0.656565657
nuscenes_mini_subset,scene-1094_014,-3.000000000,6,Car,21.424375550,11,11,1.000000000
nuscenes_mini_subset,scene-1094_014,-3.000000000,8,Car,15.777398720,48,39,0.812500000
nuscenes_mini_subset,scene-1094_014,-3.000000000,9,Car,17.934989296,199,180,0.904522613
nuscenes_mini_subset,scene-1094_014,-2.000000000,0,Car,12.870286036,180,171,0.950000000
nuscenes_mini_subset,scene-1094_014,-2.000000000,1,Car,28.183294101,14,8,0.571428571
nuscenes_mini_subset,scene-1094_014,-2.000000000,2,Car,32.379578725,11,11,1.000000000
nuscenes_mini_subset,scene-1094_014,-2.000000000,3,Car,38.353631128,16,13,0.812500000
nuscenes_mini_subset,scene-1094_014,-2.000000000,4,Car,13.476549032,99,77,0.777777778
nuscenes_mini_subset,scene-1094_014,-2.000000000,6,Car,21.424375550,11,11,1.000000000
nuscenes_mini_subset,scene-1094_014,-2.000000000,8,Car,15.777398720,48,44,0.916666667
nuscenes_mini_subset,scene-1094_014,-2.000000000,9,Car,17.934989296,199,190,0.954773869
nuscenes_mini_subset,scene-1094_014,-1.000000000,0,Car,12.870286036,180,180,1.000000000
nuscenes_mini_subset,scene-1094_014,-1.000000000,1,Car,28.183294101,14,12,0.857142857
nuscenes_mini_subset,scene-1094_014,-1.000000000,2,Car,32.379578725,11,11,1.000000000
nuscenes_mini_subset,scene-1094_014,-1.000000000,3,Car,38.353631128,16,16,1.000000000
nuscenes_mini_subset,scene-1094_014,-1.000000000,4,Car,13.476549032,99,91,0.919191919
nuscenes_mini_subset,scene-1094_014,-1.000000000,6,Car,21.424375550,11,11,1.000000000
nuscenes_mini_subset,scene-1094_014,-1.000000000,8,Car,15.777398720,48,48,1.000000000
nuscenes_mini_subset,scene-1094_014,-1.000000000,9,Car,17.934989296,199,196,0.984924623
nuscenes_mini_subset,scene-1094_014,-0.500000000,0,Car,12.870286036,180,180,1.000000000
nuscenes_mini_subset,scene-1094_014,-0.500000000,1,Car,28.183294101,14,14,1.000000000
nuscenes_mini_subset,scene-1094_014,-0.500000000,2,Car,32.379578725,11,11,1.000000000
nuscenes_mini_subset,scene-1094_014,-0.500000000,3,Car,38.353631128,16,16,1.000000000
nuscenes_mini_subset,scene-1094_014,-0.500000000,4,Car,13.476549032,99,98,0.989898990
nuscenes_mini_subset,scene-1094_014,-0.500000000,6,Car,21.424375550,11,11,1.000000000
nuscenes_mini_subset,scene-1094_014,-0.500000000,8,Car,15.777398720,48,48,1.000000000
nuscenes_mini_subset,scene-1094_014,-0.500000000,9,Car,17.934989296,199,199,1.000000000
nuscenes_mini_subset,scene-1094_014,0.000000000,0,Car,12.870286036,180,180,1.000000000
nuscenes_mini_subset,scene-1094_014,0.000000000,1,Car,28.183294101,14,14,1.000000000
nuscenes_mini_subset,scene-1094_014,0.000000000,2,Car,32.379578725,11,11,1.000000000
nuscenes_mini_subset,scene-1094_014,0.000000000,3,Car,38.353631128,16,16,1.000000000
nuscenes_mini_subset,scene-1094_014,0.000000000,4,Car,13.476549032,99,99,1.000000000
nuscenes_mini_subset,scene-1094_014,0.000000000,6,Car,21.424375550,11,11,1.000000000
nuscenes_mini_subset,scene-1094_014,0.000000000,8,Car,15.777398720,48,48,1.000000000
nuscenes_mini_subset,scene-1094_014,0.000000000,9,Car,17.934989296,199,199,1.000000000
nuscenes_mini_subset,scene-1094_014,0.500000000,0,Car,12.870286036,180,180,1.000000000
nuscenes_mini_subset,scene-1094_014,0.500000000,1,Car,28.183294101,14,14,1.000000000
nuscenes_mini_subset,scene-1094_014,0.500000000,2,Car,32.379578725,11,11,1.000000000
nuscenes_mini_subset,scene-1094_014,0.500000000,3,Car,38.353631128,16,16,1.000000000
nuscenes_mini_subset,scene-1094_014,0.500000000,4,Car,13.476549032,99,99,1.000000000
nuscenes_mini_subset,scene-1094_014,0.500000000,6,Car,21.424375550,11,11,1.000000000
nuscenes_mini_subset,scene-1094_014,0.500000000,8,Car,15.777398720,48,48,1.000000000
nuscenes_mini_subset,scene-1094_014,0.500000000,9,Car,17.934989296,199,199,1.000000000
nuscenes_mini_subset,scene-1094_014,1.000000000,0,Car,12.870286036,180,176,0.977777778
nuscenes_mini_subset,scene-1094_014,1.000000000,1,Car,28.183294101,14,14,1.000000000
nuscenes_mini_subset,scene-1094_014,1.000000000,2,Car,32.379578725,11,11,1.000000000
nuscenes_mini_subset,scene-1094_014,1.000000000,3,Car,38.353631128,16,15,0.937500000
nuscenes_mini_subset,scene-1094_014,1.000000000,4,Car,13.476549032,99,95,0.959595960
nuscenes_mini_subset,scene-1094_014,1.000000000,6,Car,21.424375550,11,10,0.909090909
nuscenes_mini_subset,scene-1094_014,1.000000000,8,Car,15.777398720,48,48,1.000000000
nuscenes_mini_subset,scene-1094_014,1.000000000,9,Car,17.934989296,199,199,1.000000000
nuscenes_mini_subset,scene-1094_014,2.000000000,0,Car,12.870286036,180,161,0.894444444
nuscenes_mini_subset,scene-1094_014,2.000000000,1,Car,28.183294101,14,13,0.928571429
nuscenes_mini_subset,scene-1094_014,2.000000000,2,Car,32.379578725,11,7,0.636363636
nuscenes_mini_subset,scene-1094_014,2.000000000,3,Car,38.353631128,16,8,0.500000000
nuscenes_mini_subset,scene-1094_014,2.000000000,4,Car,13.476549032,99,82,0.828282828
nuscenes_mini_subset,scene-1094_014,2.000000000,6,Car,21.424375550,11,8,0.727272727
nuscenes_mini_subset,scene-1094_014,2.000000000,8,Car,15.777398720,48,48,1.000000000
nuscenes_mini_subset,scene-1094_014,2.000000000,9,Car,17.934989296,199,195,0.979899497
nuscenes_mini_subset,scene-1094_014,3.000000000,0,Car,12.870286036,180,143,0.794444444
nuscenes_mini_subset,scene-1094_014,3.000000000,1,Car,28.183294101,14,11,0.785714286
nuscenes_mini_subset,scene-1094_014,3.000000000,2,Car,32.379578725,11,1,0.090909091
nuscenes_mini_subset,scene-1094_014,3.000000000,3,Car,38.353631128,16,5,0.312500000
nuscenes_mini_subset,scene-1094_014,3.000000000,4,Car,13.476549032,99,74,0.747474747
nuscenes_mini_subset,scene-1094_014,3.000000000,6,Car,21.424375550,11,5,0.454545455
nuscenes_mini_subset,scene-1094_014,3.000000000,8,Car,15.777398720,48,48,1.000000000
nuscenes_mini_subset,scene-1094_014,3.000000000,9,Car,17.934989296,199,187,0.939698492
nuscenes_mini_subset,scene-1094_015,-3.000000000,0,Car,11.089388756,288,219,0.760416667
nuscenes_mini_subset,scene-1094_015,-3.000000000,1,Car,26.253262255,18,11,0.611111111
nuscenes_mini_subset,scene-1094_015,-3.000000000,2,Car,30.479600284,13,7,0.538461538
nuscenes_mini_subset,scene-1094_015,-3.000000000,3,Car,36.414323116,16,10,0.625000000
nuscenes_mini_subset,scene-1094_015,-3.000000000,4,Car,14.789047270,86,60,0.697674419
nuscenes_mini_subset,scene-1094_015,-3.000000000,5,Car,19.553429762,28,28,1.000000000
nuscenes_mini_subset,scene-1094_015,-3.000000000,8,Car,14.150722409,58,0,0.000000000
nuscenes_mini_subset,scene-1094_015,-3.000000000,9,Car,16.434991927,264,12,0.045454545
nuscenes_mini_subset,scene-1094_015,-2.000000000,0,Car,11.089388756,288,239,0.829861111
nuscenes_mini_subset,scene-1094_015,-2.000000000,1,Car,26.253262255,18,14,0.777777778
nuscenes_mini_subset,scene-1094_015,-2.000000000,2,Car,30.479600284,13,12,0.923076923
nuscenes_mini_subset,scene-1094_015,-2.000000000,3,Car,36.414323116,16,13,0.812500000
nuscenes_mini_subset,scene-1094_015,-2.000000000,4,Car,14.789047270,86,71,0.825581395
nuscenes_mini_subset,scene-1094_015,-2.000000000,5,Car,19.553429762,28,28,1.000000000
nuscenes_mini_subset,scene-1094_015,-2.000000000,8,Car,14.150722409,58,0,0.000000000
nuscenes_mini_subset,scene-1094_015,-2.000000000,9,Car,16.434991927,264,20,0.075757576
nuscenes_mini_subset,scene-1094_015,-1.000000000,0,Car,11.089388756,288,257,0.892361111
nuscenes_mini_subset,scene-1094_015,-1.000000000,1,Car,26.253262255,18,17,0.944444444
nuscenes_mini_subset,scene-1094_015,-1.000000000,2,Car,30.479600284,13,13,1.000000000
nuscenes_mini_subset,scene-1094_015,-1.000000000,3,Car,36.414323116,16,16,1.000000000
nuscenes_mini_subset,scene-1094_015,-1.000000000,4,Car,14.789047270,86,82,0.953488372
nuscenes_mini_subset,scene-1094_015,-1.000000000,5,Car,19.553429762,28,28,1.000000000
nuscenes_mini_subset,scene-1094_015,-1.000000000,8,Car,14.150722409,58,0,0.000000000
nuscenes_mini_subset,scene-1094_015,-1.000000000,9,Car,16.434991927,264,31,0.117424242
nuscenes_mini_subset,scene-1094_015,-0.500000000,0,Car,11.089388756,288,268,0.930555556
nuscenes_mini_subset,scene-1094_015,-0.500000000,1,Car,26.253262255,18,18,1.000000000
nuscenes_mini_subset,scene-1094_015,-0.500000000,2,Car,30.479600284,13,13,1.000000000
nuscenes_mini_subset,scene-1094_015,-0.500000000,3,Car,36.414323116,16,16,1.000000000
nuscenes_mini_subset,scene-1094_015,-0.500000000,4,Car,14.789047270,86,85,0.988372093
nuscenes_mini_subset,scene-1094_015,-0.500000000,5,Car,19.553429762,28,28,1.000000000
nuscenes_mini_subset,scene-1094_015,-0.500000000,8,Car,14.150722409,58,1,0.017241379
nuscenes_mini_subset,scene-1094_015,-0.500000000,9,Car,16.434991927,264,39,0.147727273
nuscenes_mini_subset,scene-1094_015,0.000000000,0,Car,11.089388756,288,275,0.954861111
nuscenes_mini_subset,scene-1094_015,0.000000000,1,Car,26.253262255,18,18,1.000000000
nuscenes_mini_subset,scene-1094_015,0.000000000,2,Car,30.479600284,13,13,1.000000000
nuscenes_mini_subset,scene-1094_015,0.000000000,3,Car,36.414323116,16,16,1.000000000
nuscenes_mini_subset,scene-1094_015,0.000000000,4,Car,14.789047270,86,86,1.000000000
nuscenes_mini_subset,scene-1094_015,0.000000000,5,Car,19.553429762,28,28,1.000000000
nuscenes_mini_subset,scene-1094_015,0.000000000,8,Car,14.150722409,58,1,0.017241379
nuscenes_mini_subset,scene-1094_015,0.000000000,9,Car,16.434991927,264,43,0.162878788
nuscenes_mini_subset,scene-1094_015,0.500000000,0,Car,11.089388756,288,285,0.989583333
nuscenes_mini_subset,scene-1094_015,0.500000000,1,Car,26.253262255,18,18,1.000000000
nuscenes_mini_subset,scene-1094_015,0.500000000,2,Car,30.479600284,13,13,1.000000000
nuscenes_mini_subset,scene-1094_015,0.500000000,3,Car,36.414323116,16,16,1.000000000
nuscenes_mini_subset,scene-1094_015,0.500000000,4,Car,14.789047270,86,84,0.976744186
nuscenes_mini_subset,scene-1094_015,0.500000000,5,Car,19.553429762,28,26,0.928571429
nuscenes_mini_subset,scene-1094_015,0.500000000,8,Car,14.150722409,58,3,0.051724138
nuscenes_mini_subset,scene-1094_015,0.500000000,9,Car,16.434991927,264,51,0.193181818
nuscenes_mini_subset,scene-1094_015,1.000000000,0,Car,11.089388756,288,285,0.989583333
nuscenes_mini_subset,scene-1094_015,1.000000000,1,Car,26.253262255,18,18,1.000000000
nuscenes_mini_subset,scene-1094_015,1.000000000,2,Car,30.479600284,13,13,1.000000000
nuscenes_mini_subset,scene-1094_015,1.000000000,3,Car,36.414323116,16,15,0.937500000
nuscenes_mini_subset,scene-1094_015,1.000000000,4,Car,14.789047270,86,78,0.906976744
nuscenes_mini_subset,scene-1094_015,1.000000000,5,Car,19.553429762,28,24,0.857142857
nuscenes_mini_subset,scene-1094_015,1.000000000,8,Car,14.150722409,58,6,0.103448276
nuscenes_mini_subset,scene-1094_015,1.000000000,9,Car,16.434991927,264,55,0.208333333
nuscenes_mini_subset,scene-1094_015,2.000000000,0,Car,11.089388756,288,272,0.944444444
nuscenes_mini_subset,scene-1094_015,2.000000000,1,Car,26.253262255,18,16,0.888888889
nuscenes_mini_subset,scene-1094_015,2.000000000,2,Car,30.479600284,13,12,0.923076923
nuscenes_mini_subset,scene-1094_015,2.000000000,3,Car,36.414323116,16,9,0.562500000
nuscenes_mini_subset,scene-1094_015,2.000000000,4,Car,14.789047270,86,76,0.883720930
nuscenes_mini_subset,scene-1094_015,2.000000000,5,Car,19.553429762,28,20,0.714285714
nuscenes_mini_subset,scene-1094_015,2.000000000,8,Car,14.150722409,58,15,0.258620690
nuscenes_mini_subset,scene-1094_015,2.000000000,9,Car,16.434991927,264,62,0.234848485
nuscenes_mini_subset,scene-1094_015,3.000000000,0,Car,11.089388756,288,254,0.881944444
nuscenes_mini_subset,scene-1094_015,3.000000000,1,Car,26.253262255,18,15,0.833333333
nuscenes_mini_subset,scene-1094_015,3.000000000,2,Car,30.479600284,13,6,0.461538462
nuscenes_mini_subset,scene-1094_015,3.000000000,3,Car,36.414323116,16,6,0.375000000
nuscenes_mini_subset,scene-1094_015,3.000000000,4,Car,14.789047270,86,64,0.744186047
nuscenes_mini_subset,scene-1094_015,3.000000000,5,Car,19.553429762,28,14,0.500000000
nuscenes_mini_subset,scene-1094_015,3.000000000,8,Car,14.150722409,58,23,0.396551724
nuscenes_mini_subset,scene-1094_015,3.000000000,9,Car,16.434991927,264,63,0.238636364
nuscenes_mini_subset,scene-1094_016,-3.000000000,0,Car,9.310124504,481,0,0.000000000
nuscenes_mini_subset,scene-1094_016,-3.000000000,1,Car,24.075655651,22,17,0.772727273
nuscenes_mini_subset,scene-1094_016,-3.000000000,2,Car,28.370944530,20,12,0.600000000
nuscenes_mini_subset,scene-1094_016,-3.000000000,3,Car,34.218839301,17,13,0.764705882
nuscenes_mini_subset,scene-1094_016,-3.000000000,4,Car,15.978050787,72,44,0.611111111
nuscenes_mini_subset,scene-1094_016,-3.000000000,5,Car,17.551291160,23,13,0.565217391
nuscenes_mini_subset,scene-1094_016,-3.000000000,6,Car,31.643564122,7,1,0.142857143
nuscenes_mini_subset,scene-1094_016,-2.000000000,0,Car,9.310124504,481,0,0.000000000
nuscenes_mini_subset,scene-1094_016,-2.000000000,1,Car,24.075655651,22,21,0.954545455
nuscenes_mini_subset,scene-1094_016,-2.000000000,2,Car,28.370944530,20,18,0.900000000
nuscenes_mini_subset,scene-1094_016,-2.000000000,3,Car,34.218839301,17,16,0.941176471
nuscenes_mini_subset,scene-1094_016,-2.000000000,4,Car,15.978050787,72,56,0.777777778
nuscenes_mini_subset,scene-1094_016,-2.000000000,5,Car,17.551291160,23,21,0.913043478
nuscenes_mini_subset,scene-1094_016,-2.000000000,6,Car,31.643564122,7,4,0.571428571
nuscenes_mini_subset,scene-1094_016,-1.000000000,0,Car,9.310124504,481,0,0.000000000
nuscenes_mini_subset,scene-1094_016,-1.000000000,1,Car,24.075655651,22,22,1.000000000
nuscenes_mini_subset,scene-1094_016,-1.000000000,2,Car,28.370944530,20,20,1.000000000
nuscenes_mini_subset,scene-1094_016,-1.000000000,3,Car,34.218839301,17,17,1.000000000
nuscenes_mini_subset,scene-1094_016,-1.000000000,4,Car,15.978050787,72,68,0.944444444
nuscenes_mini_subset,scene-1094_016,-1.000000000,5,Car,17.551291160,23,23,1.000000000
nuscenes_mini_subset,scene-1094_016,-1.000000000,6,Car,31.643564122,7,7,1.000000000
nuscenes_mini_subset,scene-1094_016,-0.500000000,0,Car,9.310124504,481,5,0.010395010
nuscenes_mini_subset,scene-1094_016,-0.500000000,1,Car,24.075655651,22,22,1.000000000
nuscenes_mini_subset,scene-1094_016,-0.500000000,2,Car,28.370944530,20,20,1.000000000
nuscenes_mini_subset,scene-1094_016,-0.500000000,3,Car,34.218839301,17,17,1.000000000
nuscenes_mini_subset,scene-1094_016,-0.500000000,4,Car,15.978050787,72,71,0.986111111
nuscenes_mini_subset,scene-1094_016,-0.500000000,5,Car,17.551291160,23,23,1.000000000
nuscenes_mini_subset,scene-1094_016,-0.500000000,6,Car,31.643564122,7,7,1.000000000
nuscenes_mini_subset,scene-1094_016,0.000000000,0,Car,9.310124504,481,15,0.031185031
nuscenes_mini_subset,scene-1094_016,0.000000000,1,Car,24.075655651,22,22,1.000000000
nuscenes_mini_subset,scene-1094_016,0.000000000,2,Car,28.370944530,20,20,1.000000000
nuscenes_mini_subset,scene-1094_016,0.000000000,3,Car,34.218839301,17,17,1.000000000
nuscenes_mini_subset,scene-1094_016,0.000000000,4,Car,15.978050787,72,72,1.000000000
nuscenes_mini_subset,scene-1094_016,0.000000000,5,Car,17.551291160,23,23,1.000000000
nuscenes_mini_subset,scene-1094_016,0.000000000,6,Car,31.643564122,7,7,1.000000000
nuscenes_mini_subset,scene-1094_016,0.500000000,0,Car,9.310124504,481,22,0.045738046
nuscenes_mini_subset,scene-1094_016,0.500000000,1,Car,24.075655651,22,22,1.000000000
nuscenes_mini_subset,scene-1094_016,0.500000000,2,Car,28.370944530,20,20,1.000000000
nuscenes_mini_subset,scene-1094_016,0.500000000,3,Car,34.218839301,17,17,1.000000000
nuscenes_mini_subset,scene-1094_016,0.500000000,4,Car,15.978050787,72,71,0.986111111
nuscenes_mini_subset,scene-1094_016,0.500000000,5,Car,17.551291160,23,23,1.000000000
nuscenes_mini_subset,scene-1094_016,0.500000000,6,Car,31.643564122,7,7,1.000000000
nuscenes_mini_subset,scene-1094_016,1.000000000,0,Car,9.310124504,481,18,0.037422037
nuscenes_mini_subset,scene-1094_016,1.000000000,1,Car,24.075655651,22,22,1.000000000
nuscenes_mini_subset,scene-1094_016,1.000000000,2,Car,28.370944530,20,20,1.000000000
nuscenes_mini_subset,scene-1094_016,1.000000000,3,Car,34.218839301,17,14,0.823529412
nuscenes_mini_subset,scene-1094_016,1.000000000,4,Car,15.978050787,72,68,0.944444444
nuscenes_mini_subset,scene-1094_016,1.000000000,5,Car,17.551291160,23,23,1.000000000
nuscenes_mini_subset,scene-1094_016,1.000000000,6,Car,31.643564122,7,7,1.000000000
nuscenes_mini_subset,scene-1094_016,2.000000000,0,Car,9.310124504,481,24,0.049896050
nuscenes_mini_subset,scene-1094_016,2.000000000,1,Car,24.075655651,22,19,0.863636364
nuscenes_mini_subset,scene-1094_016,2.000000000,2,Car,28.370944530,20,19,0.950000000
nuscenes_mini_subset,scene-1094_016,2.000000000,3,Car,34.218839301,17,9,0.529411765
nuscenes_mini_subset,scene-1094_016,2.000000000,4,Car,15.978050787,72,61,0.847222222
nuscenes_mini_subset,scene-1094_016,2.000000000,5,Car,17.551291160,23,22,0.956521739
nuscenes_mini_subset,scene-1094_016,2.000000000,6,Car,31.643564122,7,7,1.000000000
nuscenes_mini_subset,scene-1094_016,3.000000000,0,Car,9.310124504,481,31,0.064449064
nuscenes_mini_subset,scene-1094_016,3.000000000,1,Car,24.075655651,22,16,0.727272727
nuscenes_mini_subset,scene-1094_016,3.000000000,2,Car,28.370944530,20,11,0.550000000
nuscenes_mini_subset,scene-1094_016,3.000000000,3,Car,34.218839301,17,6,0.352941176
nuscenes_mini_subset,scene-1094_016,3.000000000,4,Car,15.978050787,72,53,0.736111111
nuscenes_mini_subset,scene-1094_016,3.000000000,5,Car,17.551291160,23,22,0.956521739
nuscenes_mini_subset,scene-1094_016,3.000000000,6,Car,31.643564122,7,4,0.571428571
nuscenes_mini_subset,scene-1094_017,-3.000000000,0,Car,21.679500516,27,21,0.777777778
nuscenes_mini_subset,scene-1094_017,-3.000000000,1,Car,26.078964417,22,14,0.636363636
nuscenes_mini_subset,scene-1094_017,-3.000000000,2,Car,31.779279313,16,11,0.687500000
nuscenes_mini_subset,scene-1094_017,-3.000000000,3,Car,17.197334234,64,34,0.531250000
nuscenes_mini_subset,scene-1094_017,-3.000000000,4,Car,15.394098775,67,0,0.000000000
nuscenes_mini_subset,scene-1094_017,-3.000000000,5,Car,29.123664267,6,3,0.500000000
nuscenes_mini_subset,scene-1094_017,-2.000000000,0,Car,21.679500516,27,24,0.888888889
nuscenes_mini_subset,scene-1094_017,-2.000000000,1,Car,26.078964417,22,19,0.863636364
nuscenes_mini_subset,scene-1094_017,-2.000000000,2,Car,31.779279313,16,14,0.875000000
nuscenes_mini_subset,scene-1094_017,-2.000000000,3,Car,17.197334234,64,44,0.687500000
nuscenes_mini_subset,scene-1094_017,-2.000000000,4,Car,15.394098775,67,0,0.000000000
nuscenes_mini_subset,scene-1094_017,-2.000000000,5,Car,29.123664267,6,5,0.833333333
nuscenes_mini_subset,scene-1094_017,-1.000000000,0,Car,21.679500516,27,26,0.962962963
nuscenes_mini_subset,scene-1094_017,-1.000000000,1,Car,26.078964417,22,22,1.000000000
nuscenes_mini_subset,scene-1094_017,-1.000000000,2,Car,31.779279313,16,16,1.000000000
nuscenes_mini_subset,scene-1094_017,-1.000000000,3,Car,17.197334234,64,55,0.859375000
nuscenes_mini_subset,scene-1094_017,-1.000000000,4,Car,15.394098775,67,1,0.014925373
nuscenes_mini_subset,scene-1094_017,-1.000000000,5,Car,29.123664267,6,5,0.833333333
nuscenes_mini_subset,scene-1094_017,-0.500000000,0,Car,21.679500516,27,27,1.000000000
nuscenes_mini_subset,scene-1094_017,-0.500000000,1,Car,26.078964417,22,22,1.000000000
nuscenes_mini_subset,scene-1094_017,-0.500000000,2,Car,31.779279313,16,16,1.000000000
nuscenes_mini_subset,scene-1094_017,-0.500000000,3,Car,17.197334234,64,62,0.968750000
nuscenes_mini_subset,scene-1094_017,-0.500000000,4,Car,15.394098775,67,2,0.029850746
nuscenes_mini_subset,scene-1094_017,-0.500000000,5,Car,29.123664267,6,6,1.000000000
nuscenes_mini_subset,scene-1094_017,0.000000000,0,Car,21.679500516,27,27,1.000000000
nuscenes_mini_subset,scene-1094_017,0.000000000,1,Car,26.078964417,22,22,1.000000000
nuscenes_mini_subset,scene-1094_017,0.000000000,2,Car,31.779279313,16,16,1.000000000
nuscenes_mini_subset,scene-1094_017,0.000000000,3,Car,17.197334234,64,64,1.000000000
nuscenes_mini_subset,scene-1094_017,0.000000000,4,Car,15.394098775,67,7,0.104477612
nuscenes_mini_subset,scene-1094_017,0.000000000,5,Car,29.123664267,6,6,1.000000000
nuscenes_mini_subset,scene-1094_017,0.500000000,0,Car,21.679500516,27,27,1.000000000
nuscenes_mini_subset,scene-1094_017,0.500000000,1,Car,26.078964417,22,22,1.000000000
nuscenes_mini_subset,scene-1094_017,0.500000000,2,Car,31.779279313,16,16,1.000000000
nuscenes_mini_subset,scene-1094_017,0.500000000,3,Car,17.197334234,64,63,0.984375000
nuscenes_mini_subset,scene-1094_017,0.500000000,4,Car,15.394098775,67,10,0.149253731
nuscenes_mini_subset,scene-1094_017,0.500000000,5,Car,29.123664267,6,6,1.000000000
nuscenes_mini_subset,scene-1094_017,1.000000000,0,Car,21.679500516,27,27,1.000000000
nuscenes_mini_subset,scene-1094_017,1.000000000,1,Car,26.078964417,22,22,1.000000000
nuscenes_mini_subset,scene-1094_017,1.000000000,2,Car,31.779279313,16,16,1.000000000
nuscenes_mini_subset,scene-1094_017,1.000000000,3,Car,17.197334234,64,56,0.875000000
nuscenes_mini_subset,scene-1094_017,1.000000000,4,Car,15.394098775,67,13,0.194029851
nuscenes_mini_subset,scene-1094_017,1.000000000,5,Car,29.123664267,6,6,1.000000000
nuscenes_mini_subset,scene-1094_017,2.000000000,0,Car,21.679500516,27,24,0.888888889
nuscenes_mini_subset,scene-1094_017,2.000000000,1,Car,26.078964417,22,21,0.954545455
nuscenes_mini_subset,scene-1094_017,2.000000000,2,Car,31.779279313,16,14,0.875000000
nuscenes_mini_subset,scene-1094_017,2.000000000,3,Car,17.197334234,64,52,0.812500000
nuscenes_mini_subset,scene-1094_017,2.000000000,4,Car,15.394098775,67,16,0.238805970
nuscenes_mini_subset,scene-1094_017,2.000000000,5,Car,29.123664267,6,6,1.000000000
nuscenes_mini_subset,scene-1094_017,3.000000000,0,Car,21.679500516,27,21,0.777777778
nuscenes_mini_subset,scene-1094_017,3.000000000,1,Car,26.078964417,22,17,0.772727273
nuscenes_mini_subset,scene-1094_017,3.000000000,2,Car,31.779279313,16,9,0.562500000
nuscenes_mini_subset,scene-1094_017,3.000000000,3,Car,17.197334234,64,40,0.625000000
nuscenes_mini_subset,scene-1094_017,3.000000000,4,Car,15.394098775,67,16,0.238805970
nuscenes_mini_subset,scene-1094_017,3.000000000,5,Car,29.123664267,6,3,0.500000000
nuscenes_mini_subset,scene-1094_018,-3.000000000,0,Car,19.164509219,52,25,0.480769231
nuscenes_mini_subset,scene-1094_018,-3.000000000,1,Car,23.695117834,23,0,0.000000000
nuscenes_mini_subset,scene-1094_018,-3.000000000,2,Car,29.185268332,10,10,1.000000000
nuscenes_mini_subset,scene-1094_018,-3.000000000,3,Car,18.198266900,43,23,0.534883721
nuscenes_mini_subset,scene-1094_018,-2.000000000,0,Car,19.164509219,52,32,0.615384615
nuscenes_mini_subset,scene-1094_018,-2.000000000,1,Car,23.695117834,23,0,0.000000000
nuscenes_mini_subset,scene-1094_018,-2.000000000,2,Car,29.185268332,10,10,1.000000000
nuscenes_mini_subset,scene-1094_018,-2.000000000,3,Car,18.198266900,43,31,0.720930233
nuscenes_mini_subset,scene-1094_018,-1.000000000,0,Car,19.164509219,52,36,0.692307692
nuscenes_mini_subset,scene-1094_018,-1.000000000,1,Car,23.695117834,23,0,0.000000000
nuscenes_mini_subset,scene-1094_018,-1.000000000,2,Car,29.185268332,10,10,1.000000000
nuscenes_mini_subset,scene-1094_018,-1.000000000,3,Car,18.198266900,43,39,0.906976744
nuscenes_mini_subset,scene-1094_018,-0.500000000,0,Car,19.164509219,52,39,0.750000000
nuscenes_mini_subset,scene-1094_018,-0.500000000,1,Car,23.695117834,23,0,0.000000000
nuscenes_mini_subset,scene-1094_018,-0.500000000,2,Car,29.185268332,10,10,1.000000000
nuscenes_mini_subset,scene-1094_018,-0.500000000,3,Car,18.198266900,43,43,1.000000000
nuscenes_mini_subset,scene-1094_018,0.000000000,0,Car,19.164509219,52,42,0.807692308
nuscenes_mini_subset,scene-1094_018,0.000000000,1,Car,23.695117834,23,2,0.086956522
nuscenes_mini_subset,scene-1094_018,0.000000000,2,Car,29.185268332,10,10,1.000000000
nuscenes_mini_subset,scene-1094_018,0.000000000,3,Car,18.198266900,43,43,1.000000000
nuscenes_mini_subset,scene-1094_018,0.500000000,0,Car,19.164509219,52,44,0.846153846
nuscenes_mini_subset,scene-1094_018,0.500000000,1,Car,23.695117834,23,3,0.130434783
nuscenes_mini_subset,scene-1094_018,0.500000000,2,Car,29.185268332,10,10,1.000000000
nuscenes_mini_subset,scene-1094_018,0.500000000,3,Car,18.198266900,43,40,0.930232558
nuscenes_mini_subset,scene-1094_018,1.000000000,0,Car,19.164509219,52,47,0.903846154
nuscenes_mini_subset,scene-1094_018,1.000000000,1,Car,23.695117834,23,5,0.217391304
nuscenes_mini_subset,scene-1094_018,1.000000000,2,Car,29.185268332,10,8,0.800000000
nuscenes_mini_subset,scene-1094_018,1.000000000,3,Car,18.198266900,43,40,0.930232558
nuscenes_mini_subset,scene-1094_018,2.000000000,0,Car,19.164509219,52,49,0.942307692
nuscenes_mini_subset,scene-1094_018,2.000000000,1,Car,23.695117834,23,11,0.478260870
nuscenes_mini_subset,scene-1094_018,2.000000000,2,Car,29.185268332,10,8,0.800000000
nuscenes_mini_subset,scene-1094_018,2.000000000,3,Car,18.198266900,43,32,0.744186047
nuscenes_mini_subset,scene-1094_018,3.000000000,0,Car,19.164509219,52,46,0.884615385
nuscenes_mini_subset,scene-1094_018,3.000000000,1,Car,23.695117834,23,16,0.695652174
nuscenes_mini_subset,scene-1094_018,3.000000000,2,Car,29.185268332,10,5,0.500000000
nuscenes_mini_subset,scene-1094_018,3.000000000,3,Car,18.198266900,43,22,0.511627907
nuscenes_mini_subset,scene-1094_019,-3.000000000,0,Car,16.507258980,90,5,0.055555556
nuscenes_mini_subset,scene-1094_019,-3.000000000,1,Car,26.372598787,36,32,0.888888889
nuscenes_mini_subset,scene-1094_019,-3.000000000,2,Car,19.203883688,43,26,0.604651163
nuscenes_mini_subset,scene-1094_019,-3.000000000,3,Car,23.543073559,14,8,0.571428571
nuscenes_mini_subset,scene-1094_019,-2.000000000,0,Car,16.507258980,90,11,0.122222222
nuscenes_mini_subset,scene-1094_019,-2.000000000,1,Car,26.372598787,36,35,0.972222222
nuscenes_mini_subset,scene-1094_019,-2.000000000,2,Car,19.203883688,43,34,0.790697674
nuscenes_mini_subset,scene-1094_019,-2.000000000,3,Car,23.543073559,14,11,0.785714286
nuscenes_mini_subset,scene-1094_019,-1.000000000,0,Car,16.507258980,90,16,0.177777778
nuscenes_mini_subset,scene-1094_019,-1.000000000,1,Car,26.372598787,36,36,1.000000000
nuscenes_mini_subset,scene-1094_019,-1.000000000,2,Car,19.203883688,43,40,0.930232558
nuscenes_mini_subset,scene-1094_019,-1.000000000,3,Car,23.543073559,14,14,1.000000000
nuscenes_mini_subset,scene-1094_019,-0.500000000,0,Car,16.507258980,90,19,0.211111111
nuscenes_mini_subset,scene-1094_019,-0.500000000,1,Car,26.372598787,36,36,1.000000000
nuscenes_mini_subset,scene-1094_019,-0.500000000,2,Car,19.203883688,43,42,0.976744186
nuscenes_mini_subset,scene-1094_019,-0.500000000,3,Car,23.543073559,14,14,1.000000000
nuscenes_mini_subset,scene-1094_019,0.000000000,0,Car,16.507258980,90,20,0.222222222
nuscenes_mini_subset,scene-1094_019,0.000000000,1,Car,26.372598787,36,36,1.000000000
nuscenes_mini_subset,scene-1094_019,0.000000000,2,Car,19.203883688,43,43,1.000000000
nuscenes_mini_subset,scene-1094_019,0.000000000,3,Car,23.543073559,14,14,1.000000000
nuscenes_mini_subset,scene-1094_019,0.500000000,0,Car,16.507258980,90,23,0.255555556
nuscenes_mini_subset,scene-1094_019,0.500000000,1,Car,26.372598787,36,36,1.000000000
nuscenes_mini_subset,scene-1094_019,0.500000000,2,Car,19.203883688,43,39,0.906976744
nuscenes_mini_subset,scene-1094_019,0.500000000,3,Car,23.543073559,14,14,1.000000000
nuscenes_mini_subset,scene-1094_019,1.000000000,0,Car,16.507258980,90,24,0.266666667
nuscenes_mini_subset,scene-1094_019,1.000000000,1,Car,26.372598787,36,35,0.972222222
nuscenes_mini_subset,scene-1094_019,1.000000000,2,Car,19.203883688,43,37,0.860465116
nuscenes_mini_subset,scene-1094_019,1.000000000,3,Car,23.543073559,14,12,0.857142857
nuscenes_mini_subset,scene-1094_019,2.000000000,0,Car,16.507258980,90,32,0.355555556
nuscenes_mini_subset,scene-1094_019,2.000000000,1,Car,26.372598787,36,32,0.888888889
nuscenes_mini_subset,scene-1094_019,2.000000000,2,Car,19.203883688,43,28,0.651162791
nuscenes_mini_subset,scene-1094_019,2.000000000,3,Car,23.543073559,14,11,0.785714286
nuscenes_mini_subset,scene-1094_019,3.000000000,0,Car,16.507258980,90,35,0.388888889
nuscenes_mini_subset,scene-1094_019,3.000000000,1,Car,26.372598787,36,26,0.722222222
nuscenes_mini_subset,scene-1094_019,3.000000000,2,Car,19.203883688,43,17,0.395348837
nuscenes_mini_subset,scene-1094_019,3.000000000,3,Car,23.543073559,14,11,0.785714286
nuscenes_mini_subset,scene-1094_020,-3.000000000,1,Car,23.876407242,37,4,0.108108108
nuscenes_mini_subset,scene-1094_020,-3.000000000,3,Car,20.057363622,37,19,0.513513514
nuscenes_mini_subset,scene-1094_020,-3.000000000,4,Car,20.938290454,25,18,0.720000000
nuscenes_mini_subset,scene-1094_020,-2.000000000,1,Car,23.876407242,37,8,0.216216216
nuscenes_mini_subset,scene-1094_020,-2.000000000,3,Car,20.057363622,37,27,0.729729730
nuscenes_mini_subset,scene-1094_020,-2.000000000,4,Car,20.938290454,25,21,0.840000000
nuscenes_mini_subset,scene-1094_020,-1.000000000,1,Car,23.876407242,37,13,0.351351351
nuscenes_mini_subset,scene-1094_020,-1.000000000,3,Car,20.057363622,37,35,0.945945946
nuscenes_mini_subset,scene-1094_020,-1.000000000,4,Car,20.938290454,25,24,0.960000000
nuscenes_mini_subset,scene-1094_020,-0.500000000,1,Car,23.876407242,37,15,0.405405405
nuscenes_mini_subset,scene-1094_020,-0.500000000,3,Car,20.057363622,37,37,1.000000000
nuscenes_mini_subset,scene-1094_020,-0.500000000,4,Car,20.938290454,25,25,1.000000000
nuscenes_mini_subset,scene-1094_020,0.000000000,1,Car,23.876407242,37,21,0.567567568
nuscenes_mini_subset,scene-1094_020,0.000000000,3,Car,20.057363622,37,37,1.000000000
nuscenes_mini_subset,scene-1094_020,0.000000000,4,Car,20.938290454,25,25,1.000000000
nuscenes_mini_subset,scene-1094_020,0.500000000,1,Car,23.876407242,37,24,0.648648649
nuscenes_mini_subset,scene-1094_020,0.500000000,3,Car,20.057363622,37,34,0.918918919
nuscenes_mini_subset,scene-1094_020,0.500000000,4,Car,20.938290454,25,25,1.000000000
nuscenes_mini_subset,scene-1094_020,1.000000000,1,Car,23.876407242,37,29,0.783783784
nuscenes_mini_subset,scene-1094_020,1.000000000,3,Car,20.057363622,37,31,0.837837838
nuscenes_mini_subset,scene-1094_020,1.000000000,4,Car,20.938290454,25,25,1.000000000
nuscenes_mini_subset,scene-1094_020,2.000000000,1,Car,23.876407242,37,31,0.837837838
nuscenes_mini_subset,scene-1094_020,2.000000000,3,Car,20.057363622,37,22,0.594594595
nuscenes_mini_subset,scene-1094_020,2.000000000,4,Car,20.938290454,25,23,0.920000000
nuscenes_mini_subset,scene-1094_020,3.000000000,1,Car,23.876407242,37,31,0.837837838
nuscenes_mini_subset,scene-1094_020,3.000000000,3,Car,20.057363622,37,16,0.432432432
nuscenes_mini_subset,scene-1094_020,3.000000000,4,Car,20.938290454,25,20,0.800000000
nuscenes_mini_subset,scene-1094_021,-3.000000000,1,Car,21.031292547,66,0,0.000000000
nuscenes_mini_subset,scene-1094_021,-3.000000000,3,Car,21.010400511,40,19,0.475000000
nuscenes_mini_subset,scene-1094_021,-3.000000000,4,Car,17.932861243,51,4,0.078431373
nuscenes_mini_subset,scene-1094_021,-2.000000000,1,Car,21.031292547,66,0,0.000000000
nuscenes_mini_subset,scene-1094_021,-2.000000000,3,Car,21.010400511,40,28,0.700000000
nuscenes_mini_subset,scene-1094_021,-2.000000000,4,Car,17.932861243,51,13,0.254901961
nuscenes_mini_subset,scene-1094_021,-1.000000000,1,Car,21.031292547,66,0,0.000000000
nuscenes_mini_subset,scene-1094_021,-1.000000000,3,Car,21.010400511,40,35,0.875000000
nuscenes_mini_subset,scene-1094_021,-1.000000000,4,Car,17.932861243,51,20,0.392156863
nuscenes_mini_subset,scene-1094_021,-0.500000000,1,Car,21.031292547,66,0,0.000000000
nuscenes_mini_subset,scene-1094_021,-0.500000000,3,Car,21.010400511,40,40,1.000000000
nuscenes_mini_subset,scene-1094_021,-0.500000000,4,Car,17.932861243,51,22,0.431372549
nuscenes_mini_subset,scene-1094_021,0.000000000,1,Car,21.031292547,66,0,0.000000000
nuscenes_mini_subset,scene-1094_021,0.000000000,3,Car,21.010400511,40,40,1.000000000
nuscenes_mini_subset,scene-1094_021,0.000000000,4,Car,17.932861243,51,24,0.470588235
nuscenes_mini_subset,scene-1094_021,0.500000000,1,Car,21.031292547,66,0,0.000000000
nuscenes_mini_subset,scene-1094_021,0.500000000,3,Car,21.010400511,40,36,0.900000000
nuscenes_mini_subset,scene-1094_021,0.500000000,4,Car,17.932861243,51,27,0.529411765
nuscenes_mini_subset,scene-1094_021,1.000000000,1,Car,21.031292547,66,2,0.030303030
nuscenes_mini_subset,scene-1094_021,1.000000000,3,Car,21.010400511,40,33,0.825000000
nuscenes_mini_subset,scene-1094_021,1.000000000,4,Car,17.932861243,51,29,0.568627451
nuscenes_mini_subset,scene-1094_021,2.000000000,1,Car,21.031292547,66,2,0.030303030
nuscenes_mini_subset,scene-1094_021,2.000000000,3,Car,21.010400511,40,24,0.600000000
nuscenes_mini_subset,scene-1094_021,2.000000000,4,Car,17.932861243,51,23,0.450980392
nuscenes_mini_subset,scene-1094_021,3.000000000,1,Car,21.031292547,66,3,0.045454545
nuscenes_mini_subset,scene-1094_021,3.000000000,3,Car,21.010400511,40,15,0.375000000
nuscenes_mini_subset,scene-1094_021,3.000000000,4,Car,17.932861243,51,19,0.372549020
nuscenes_mini_subset,scene-1094_022,-3.000000000,3,Car,21.882884877,23,10,0.434782609
nuscenes_mini_subset,scene-1094_022,-3.000000000,6,Pedestrian,25.275434573,5,0,0.000000000
nuscenes_mini_subset,scene-1094_022,-3.000000000,8,Car,20.584698935,25,18,0.720000000
nuscenes_mini_subset,scene-1094_022,-2.000000000,3,Car,21.882884877,23,16,0.695652174
nuscenes_mini_subset,scene-1094_022,-2.000000000,6,Pedestrian,25.275434573,5,0,0.000000000
nuscenes_mini_subset,scene-1094_022,-2.000000000,8,Car,20.584698935,25,23,0.920000000
nuscenes_mini_subset,scene-1094_022,-1.000000000,3,Car,21.882884877,23,21,0.913043478
nuscenes_mini_subset,scene-1094_022,-1.000000000,6,Pedestrian,25.275434573,5,1,0.200000000
nuscenes_mini_subset,scene-1094_022,-1.000000000,8,Car,20.584698935,25,24,0.960000000
nuscenes_mini_subset,scene-1094_022,-0.500000000,3,Car,21.882884877,23,23,1.000000000
nuscenes_mini_subset,scene-1094_022,-0.500000000,6,Pedestrian,25.275434573,5,4,0.800000000
nuscenes_mini_subset,scene-1094_022,-0.500000000,8,Car,20.584698935,25,24,0.960000000
nuscenes_mini_subset,scene-1094_022,0.000000000,3,Car,21.882884877,23,23,1.000000000
nuscenes_mini_subset,scene-1094_022,0.000000000,6,Pedestrian,25.275434573,5,5,1.000000000
nuscenes_mini_subset,scene-1094_022,0.000000000,8,Car,20.584698935,25,24,0.960000000
nuscenes_mini_subset,scene-1094_022,0.500000000,3,Car,21.882884877,23,20,0.869565217
nuscenes_mini_subset,scene-1094_022,0.500000000,6,Pedestrian,25.275434573,5,4,0.800000000
nuscenes_mini_subset,scene-1094_022,0.500000000,8,Car,20.584698935,25,24,0.960000000
nuscenes_mini_subset,scene-1094_022,1.000000000,3,Car,21.882884877,23,20,0.869565217
nuscenes_mini_subset,scene-1094_022,1.000000000,6,Pedestrian,25.275434573,5,2,0.400000000
nuscenes_mini_subset,scene-1094_022,1.000000000,8,Car,20.584698935,25,24,0.960000000
nuscenes_mini_subset,scene-1094_022,2.000000000,3,Car,21.882884877,23,15,0.652173913
nuscenes_mini_subset,scene-1094_022,2.000000000,6,Pedestrian,25.275434573,5,0,0.000000000
nuscenes_mini_subset,scene-1094_022,2.000000000,8,Car,20.584698935,25,24,0.960000000
nuscenes_mini_subset,scene-1094_022,3.000000000,3,Car,21.882884877,23,9,0.391304348
nuscenes_mini_subset,scene-1094_022,3.000000000,6,Pedestrian,25.275434573,5,0,0.000000000
nuscenes_mini_subset,scene-1094_022,3.000000000,8,Car,20.584698935,25,21,0.840000000
nuscenes_mini_subset,scene-1094_023,-3.000000000,3,Car,22.911345973,18,8,0.444444444
nuscenes_mini_subset,scene-1094_023,-3.000000000,6,Pedestrian,20.411539572,6,0,0.000000000
nuscenes_mini_subset,scene-1094_023,-3.000000000,8,Car,16.591908821,58,0,0.000000000
nuscenes_mini_subset,scene-1094_023,-2.000000000,3,Car,22.911345973,18,11,0.611111111
nuscenes_mini_subset,scene-1094_023,-2.000000000,6,Pedestrian,20.411539572,6,0,0.000000000
nuscenes_mini_subset,scene-1094_023,-2.000000000,8,Car,16.591908821,58,0,0.000000000
nuscenes_mini_subset,scene-1094_023,-1.000000000,3,Car,22.911345973,18,15,0.833333333
nuscenes_mini_subset,scene-1094_023,-1.000000000,6,Pedestrian,20.411539572,6,2,0.333333333
nuscenes_mini_subset,scene-1094_023,-1.000000000,8,Car,16.591908821,58,3,0.051724138
nuscenes_mini_subset,scene-1094_023,-0.500000000,3,Car,22.911345973,18,17,0.944444444
nuscenes_mini_subset,scene-1094_023,-0.500000000,6,Pedestrian,20.411539572,6,4,0.666666667
nuscenes_mini_subset,scene-1094_023,-0.500000000,8,Car,16.591908821,58,7,0.120689655
nuscenes_mini_subset,scene-1094_023,0.000000000,3,Car,22.911345973,18,18,1.000000000
nuscenes_mini_subset,scene-1094_023,0.000000000,6,Pedestrian,20.411539572,6,6,1.000000000
nuscenes_mini_subset,scene-1094_023,0.000000000,8,Car,16.591908821,58,10,0.172413793
nuscenes_mini_subset,scene-1094_023,0.500000000,3,Car,22.911345973,18,16,0.888888889
nuscenes_mini_subset,scene-1094_023,0.500000000,6,Pedestrian,20.411539572,6,6,1.000000000
nuscenes_mini_subset,scene-1094_023,0.500000000,8,Car,16.591908821,58,12,0.206896552
nuscenes_mini_subset,scene-1094_023,1.000000000,3,Car,22.911345973,18,15,0.833333333
nuscenes_mini_subset,scene-1094_023,1.000000000,6,Pedestrian,20.411539572,6,5,0.833333333
nuscenes_mini_subset,scene-1094_023,1.000000000,8,Car,16.591908821,58,16,0.275862069
nuscenes_mini_subset,scene-1094_023,2.000000000,3,Car,22.911345973,18,10,0.555555556
nuscenes_mini_subset,scene-1094_023,2.000000000,6,Pedestrian,20.411539572,6,0,0.000000000
nuscenes_mini_subset,scene-1094_023,2.000000000,8,Car,16.591908821,58,17,0.293103448
nuscenes_mini_subset,scene-1094_023,3.000000000,3,Car,22.911345973,18,7,0.388888889
nuscenes_mini_subset,scene-1094_023,3.000000000,6,Pedestrian,20.411539572,6,0,0.000000000
nuscenes_mini_subset,scene-1094_023,3.000000000,8,Car,16.591908821,58,17,0.293103448
nuscenes_mini_subset,scene-1094_024,-3.000000000,3,Car,23.562980785,30,10,0.333333333
nuscenes_mini_subset,scene-1094_024,-3.000000000,6,Pedestrian,15.903613293,15,0,0.000000000
nuscenes_mini_subset,scene-1094_024,-2.000000000,3,Car,23.562980785,30,18,0.600000000
nuscenes_mini_subset,scene-1094_024,-2.000000000,6,Pedestrian,15.903613293,15,2,0.133333333
nuscenes_mini_subset,scene-1094_024,-1.000000000,3,Car,23.562980785,30,26,0.866666667
nuscenes_mini_subset,scene-1094_024,-1.000000000,6,Pedestrian,15.903613293,15,9,0.600000000
nuscenes_mini_subset,scene-1094_024,-0.500000000,3,Car,23.562980785,30,29,0.966666667
nuscenes_mini_subset,scene-1094_024,-0.500000000,6,Pedestrian,15.903613293,15,13,0.866666667
nuscenes_mini_subset,scene-1094_024,0.000000000,3,Car,23.562980785,30,30,1.000000000
nuscenes_mini_subset,scene-1094_024,0.000000000,6,Pedestrian,15.903613293,15,15,1.000000000
nuscenes_mini_subset,scene-1094_024,0.500000000,3,Car,23.562980785,30,29,0.966666667
nuscenes_mini_subset,scene-1094_024,0.500000000,6,Pedestrian,15.903613293,15,14,0.933333333
nuscenes_mini_subset,scene-1094_024,1.000000000,3,Car,23.562980785,30,26,0.866666667
nuscenes_mini_subset,scene-1094_024,1.000000000,6,Pedestrian,15.903613293,15,12,0.800000000
nuscenes_mini_subset,scene-1094_024,2.000000000,3,Car,23.562980785,30,18,0.600000000
nuscenes_mini_subset,scene-1094_024,2.000000000,6,Pedestrian,15.903613293,15,4,0.266666667
nuscenes_mini_subset,scene-1094_024,3.000000000,3,Car,23.562980785,30,10,0.333333333
nuscenes_mini_subset,scene-1094_024,3.000000000,6,Pedestrian,15.903613293,15,0,0.000000000
nuscenes_mini_subset,scene-1094_025,-3.000000000,0,Pedestrian,29.056269735,6,0,0.000000000
nuscenes_mini_subset,scene-1094_025,-3.000000000,4,Car,24.326542011,42,13,0.309523810
nuscenes_mini_subset,scene-1094_025,-3.000000000,7,Pedestrian,11.372465181,19,1,0.052631579
nuscenes_mini_subset,scene-1094_025,-2.000000000,0,Pedestrian,29.056269735,6,0,0.000000000
nuscenes_mini_subset,scene-1094_025,-2.000000000,4,Car,24.326542011,42,25,0.595238095
nuscenes_mini_subset,scene-1094_025,-2.000000000,7,Pedestrian,11.372465181,19,7,0.368421053
nuscenes_mini_subset,scene-1094_025,-1.000000000,0,Pedestrian,29.056269735,6,3,0.500000000
nuscenes_mini_subset,scene-1094_025,-1.000000000,4,Car,24.326542011,42,37,0.880952381
nuscenes_mini_subset,scene-1094_025,-1.000000000,7,Pedestrian,11.372465181,19,16,0.842105263
nuscenes_mini_subset,scene-1094_025,-0.500000000,0,Pedestrian,29.056269735,6,6,1.000000000
nuscenes_mini_subset,scene-1094_025,-0.500000000,4,Car,24.326542011,42,39,0.928571429
nuscenes_mini_subset,scene-1094_025,-0.500000000,7,Pedestrian,11.372465181,19,19,1.000000000
nuscenes_mini_subset,scene-1094_025,0.000000000,0,Pedestrian,29.056269735,6,6,1.000000000
nuscenes_mini_subset,scene-1094_025,0.000000000,4,Car,24.326542011,42,42,1.000000000
nuscenes_mini_subset,scene-1094_025,0.000000000,7,Pedestrian,11.372465181,19,19,1.000000000
nuscenes_mini_subset,scene-1094_025,0.500000000,0,Pedestrian,29.056269735,6,5,0.833333333
nuscenes_mini_subset,scene-1094_025,0.500000000,4,Car,24.326542011,42,39,0.928571429
nuscenes_mini_subset,scene-1094_025,0.500000000,7,Pedestrian,11.372465181,19,19,1.000000000
nuscenes_mini_subset,scene-1094_025,1.000000000,0,Pedestrian,29.056269735,6,3,0.500000000
nuscenes_mini_subset,scene-1094_025,1.000000000,4,Car,24.326542011,42,36,0.857142857
nuscenes_mini_subset,scene-1094_025,1.000000000,7,Pedestrian,11.372465181,19,18,0.947368421
nuscenes_mini_subset,scene-1094_025,2.000000000,0,Pedestrian,29.056269735,6,0,0.000000000
nuscenes_mini_subset,scene-1094_025,2.000000000,4,Car,24.326542011,42,25,0.595238095
nuscenes_mini_subset,scene-1094_025,2.000000000,7,Pedestrian,11.372465181,19,11,0.578947368
nuscenes_mini_subset,scene-1094_025,3.000000000,0,Pedestrian,29.056269735,6,0,0.000000000
nuscenes_mini_subset,scene-1094_025,3.000000000,4,Car,24.326542011,42,13,0.309523810
nuscenes_mini_subset,scene-1094_025,3.000000000,7,Pedestrian,11.372465181,19,2,0.105263158
nuscenes_mini_subset,scene-1094_026,-3.000000000,0,Pedestrian,25.134841653,5,0,0.000000000
nuscenes_mini_subset,scene-1094_026,-3.000000000,4,Car,25.029732102,30,7,0.233333333
nuscenes_mini_subset,scene-1094_026,-3.000000000,5,Pedestrian,18.052615555,5,0,0.000000000
nuscenes_mini_subset,scene-1094_026,-3.000000000,6,Car,42.328752616,6,1,0.166666667
nuscenes_mini_subset,scene-1094_026,-3.000000000,7,Pedestrian,19.066290929,6,0,0.000000000
nuscenes_mini_subset,scene-1094_026,-2.000000000,0,Pedestrian,25.134841653,5,0,0.000000000
nuscenes_mini_subset,scene-1094_026,-2.000000000,4,Car,25.029732102,30,15,0.500000000
nuscenes_mini_subset,scene-1094_026,-2.000000000,5,Pedestrian,18.052615555,5,0,0.000000000
nuscenes_mini_subset,scene-1094_026,-2.000000000,6,Car,42.328752616,6,3,0.500000000
nuscenes_mini_subset,scene-1094_026,-2.000000000,7,Pedestrian,19.066290929,6,0,0.000000000
nuscenes_mini_subset,scene-1094_026,-1.000000000,0,Pedestrian,25.134841653,5,4,0.800000000
nuscenes_mini_subset,scene-1094_026,-1.000000000,4,Car,25.029732102,30,24,0.800000000
nuscenes_mini_subset,scene-1094_026,-1.000000000,5,Pedestrian,18.052615555,5,2,0.400000000
nuscenes_mini_subset,scene-1094_026,-1.000000000,6,Car,42.328752616,6,6,1.000000000
nuscenes_mini_subset,scene-1094_026,-1.000000000,7,Pedestrian,19.066290929,6,5,0.833333333
nuscenes_mini_subset,scene-1094_026,-0.500000000,0,Pedestrian,25.134841653,5,5,1.000000000
nuscenes_mini_subset,scene-1094_026,-0.500000000,4,Car,25.029732102,30,28,0.933333333
nuscenes_mini_subset,scene-1094_026,-0.500000000,5,Pedestrian,18.052615555,5,4,0.800000000
nuscenes_mini_subset,scene-1094_026,-0.500000000,6,Car,42.328752616,6,6,1.000000000
nuscenes_mini_subset,scene-1094_026,-0.500000000,7,Pedestrian,19.066290929,6,6,1.000000000
nuscenes_mini_subset,scene-1094_026,0.000000000,0,Pedestrian,25.134841653,5,5,1.000000000
nuscenes_mini_subset,scene-1094_026,0.000000000,4,Car,25.029732102,30,30,1.000000000
nuscenes_mini_subset,scene-1094_026,0.000000000,5,Pedestrian,18.052615555,5,5,1.000000000
nuscenes_mini_subset,scene-1094_026,0.000000000,6,Car,42.328752616,6,6,1.000000000
nuscenes_mini_subset,scene-1094_026,0.000000000,7,Pedestrian,19.066290929,6,6,1.000000000
nuscenes_mini_subset,scene-1094_026,0.500000000,0,Pedestrian,25.134841653,5,5,1.000000000
nuscenes_mini_subset,scene-1094_026,0.500000000,4,Car,25.029732102,30,28,0.933333333
nuscenes_mini_subset,scene-1094_026,0.500000000,5,Pedestrian,18.052615555,5,5,1.000000000
nuscenes_mini_subset,scene-1094_026,0.500000000,6,Car,42.328752616,6,5,0.833333333
nuscenes_mini_subset,scene-1094_026,0.500000000,7,Pedestrian,19.066290929,6,6,1.000000000
nuscenes_mini_subset,scene-1094_026,1.000000000,0,Pedestrian,25.134841653,5,2,0.400000000
nuscenes_mini_subset,scene-1094_026,1.000000000,4,Car,25.029732102,30,27,0.900000000
nuscenes_mini_subset,scene-1094_026,1.000000000,5,Pedestrian,18.052615555,5,5,1.000000000
nuscenes_mini_subset,scene-1094_026,1.000000000,6,Car,42.328752616,6,5,0.833333333
nuscenes_mini_subset,scene-1094_026,1.000000000,7,Pedestrian,19.066290929,6,5,0.833333333
nuscenes_mini_subset,scene-1094_026,2.000000000,0,Pedestrian,25.134841653,5,0,0.000000000
nuscenes_mini_subset,scene-1094_026,2.000000000,4,Car,25.029732102,30,20,0.666666667
nuscenes_mini_subset,scene-1094_026,2.000000000,5,Pedestrian,18.052615555,5,0,0.000000000
nuscenes_mini_subset,scene-1094_026,2.000000000,6,Car,42.328752616,6,4,0.666666667
nuscenes_mini_subset,scene-1094_026,2.000000000,7,Pedestrian,19.066290929,6,0,0.000000000
nuscenes_mini_subset,scene-1094_026,3.000000000,0,Pedestrian,25.134841653,5,0,0.000000000
nuscenes_mini_subset,scene-1094_026,3.000000000,4,Car,25.029732102,30,11,0.366666667
nuscenes_mini_subset,scene-1094_026,3.000000000,5,Pedestrian,18.052615555,5,0,0.000000000
nuscenes_mini_subset,scene-1094_026,3.000000000,6,Car,42.328752616,6,1,0.166666667
nuscenes_mini_subset,scene-1094_026,3.000000000,7,Pedestrian,19.066290929,6,0,0.000000000
nuscenes_mini_subset,scene-1094_027,-3.000000000,0,Pedestrian,21.115229780,6,0,0.000000000
nuscenes_mini_subset,scene-1094_027,-3.000000000,4,Car,25.794453213,29,6,0.206896552
nuscenes_mini_subset,scene-1094_027,-3.000000000,6,Pedestrian,13.035774871,13,0,0.000000000
nuscenes_mini_subset,scene-1094_027,-3.000000000,7,Car,34.707656368,5,2,0.400000000
nuscenes_mini_subset,scene-1094_027,-3.000000000,8,Pedestrian,14.204311976,22,2,0.090909091
nuscenes_mini_subset,scene-1094_027,-2.000000000,0,Pedestrian,21.115229780,6,0,0.000000000
nuscenes_mini_subset,scene-1094_027,-2.000000000,4,Car,25.794453213,29,15,0.517241379
nuscenes_mini_subset,scene-1094_027,-2.000000000,6,Pedestrian,13.035774871,13,0,0.000000000
nuscenes_mini_subset,scene-1094_027,-2.000000000,7,Car,34.707656368,5,3,0.600000000
nuscenes_mini_subset,scene-1094_027,-2.000000000,8,Pedestrian,14.204311976,22,7,0.318181818
nuscenes_mini_subset,scene-1094_027,-1.000000000,0,Pedestrian,21.115229780,6,4,0.666666667
nuscenes_mini_subset,scene-1094_027,-1.000000000,4,Car,25.794453213,29,23,0.793103448
nuscenes_mini_subset,scene-1094_027,-1.000000000,6,Pedestrian,13.035774871,13,5,0.384615385
nuscenes_mini_subset,scene-1094_027,-1.000000000,7,Car,34.707656368,5,5,1.000000000
nuscenes_mini_subset,scene-1094_027,-1.000000000,8,Pedestrian,14.204311976,22,17,0.772727273
nuscenes_mini_subset,scene-1094_027,-0.500000000,0,Pedestrian,21.115229780,6,6,1.000000000
nuscenes_mini_subset,scene-1094_027,-0.500000000,4,Car,25.794453213,29,27,0.931034483
nuscenes_mini_subset,scene-1094_027,-0.500000000,6,Pedestrian,13.035774871,13,11,0.846153846
nuscenes_mini_subset,scene-1094_027,-0.500000000,7,Car,34.707656368,5,5,1.000000000
nuscenes_mini_subset,scene-1094_027,-0.500000000,8,Pedestrian,14.204311976,22,21,0.954545455
nuscenes_mini_subset,scene-1094_027,0.000000000,0,Pedestrian,21.115229780,6,6,1.000000000
nuscenes_mini_subset,scene-1094_027,0.000000000,4,Car,25.794453213,29,29,1.000000000
nuscenes_mini_subset,scene-1094_027,0.000000000,6,Pedestrian,13.035774871,13,13,1.000000000
nuscenes_mini_subset,scene-1094_027,0.000000000,7,Car,34.707656368,5,5,1.000000000
nuscenes_mini_subset,scene-1094_027,0.000000000,8,Pedestrian,14.204311976,22,22,1.000000000
nuscenes_mini_subset,scene-1094_027,0.500000000,0,Pedestrian,21.115229780,6,6,1.000000000
nuscenes_mini_subset,scene-1094_027,0.500000000,4,Car,25.794453213,29,27,0.931034483
nuscenes_mini_subset,scene-1094_027,0.500000000,6,Pedestrian,13.035774871,13,13,1.000000000
nuscenes_mini_subset,scene-1094_027,0.500000000,7,Car,34.707656368,5,5,1.000000000
nuscenes_mini_subset,scene-1094_027,0.500000000,8,Pedestrian,14.204311976,22,22,1.000000000
nuscenes_mini_subset,scene-1094_027,1.000000000,0,Pedestrian,21.115229780,6,3,0.500000000
nuscenes_mini_subset,scene-1094_027,1.000000000,4,Car,25.794453213,29,25,0.862068966
nuscenes_mini_subset,scene-1094_027,1.000000000,6,Pedestrian,13.035774871,13,13,1.000000000
nuscenes_mini_subset,scene-1094_027,1.000000000,7,Car,34.707656368,5,4,0.800000000
nuscenes_mini_subset,scene-1094_027,1.000000000,8,Pedestrian,14.204311976,22,20,0.909090909
nuscenes_mini_subset,scene-1094_027,2.000000000,0,Pedestrian,21.115229780,6,0,0.000000000
nuscenes_mini_subset,scene-1094_027,2.000000000,4,Car,25.794453213,29,17,0.586206897
nuscenes_mini_subset,scene-1094_027,2.000000000,6,Pedestrian,13.035774871,13,6,0.461538462
nuscenes_mini_subset,scene-1094_027,2.000000000,7,Car,34.707656368,5,3,0.600000000
nuscenes_mini_subset,scene-1094_027,2.000000000,8,Pedestrian,14.204311976,22,13,0.590909091
nuscenes_mini_subset,scene-1094_027,3.000000000,0,Pedestrian,21.115229780,6,0,0.000000000
nuscenes_mini_subset,scene-1094_027,3.000000000,4,Car,25.794453213,29,9,0.310344828
nuscenes_mini_subset,scene-1094_027,3.000000000,6,Pedestrian,13.035774871,13,0,0.000000000
nuscenes_mini_subset,scene-1094_027,3.000000000,7,Car,34.707656368,5,2,0.400000000
nuscenes_mini_subset,scene-1094_027,3.000000000,8,Pedestrian,14.204311976,22,4,0.181818182
nuscenes_mini_subset,scene-1094_028,-3.000000000,0,Pedestrian,17.079714571,9,0,0.000000000
nuscenes_mini_subset,scene-1094_028,-3.000000000,2,Car,25.267372923,7,3,0.428571429
nuscenes_mini_subset,scene-1094_028,-3.000000000,4,Car,26.640495403,9,2,0.222222222
nuscenes_mini_subset,scene-1094_028,-3.000000000,6,Pedestrian,8.066009034,49,9,0.183673469
nuscenes_mini_subset,scene-1094_028,-3.000000000,7,Car,27.385168472,9,4,0.444444444
nuscenes_mini_subset,scene-1094_028,-2.000000000,0,Pedestrian,17.079714571,9,3,0.333333333
nuscenes_mini_subset,scene-1094_028,-2.000000000,2,Car,25.267372923,7,4,0.571428571
nuscenes_mini_subset,scene-1094_028,-2.000000000,4,Car,26.640495403,9,3,0.333333333
nuscenes_mini_subset,scene-1094_028,-2.000000000,6,Pedestrian,8.066009034,49,19,0.387755102
nuscenes_mini_subset,scene-1094_028,-2.000000000,7,Car,27.385168472,9,6,0.666666667
nuscenes_mini_subset,scene-1094_028,-1.000000000,0,Pedestrian,17.079714571,9,9,1.000000000
nuscenes_mini_subset,scene-1094_028,-1.000000000,2,Car,25.267372923,7,7,1.000000000
nuscenes_mini_subset,scene-1094_028,-1.000000000,4,Car,26.640495403,9,7,0.777777778
nuscenes_mini_subset,scene-1094_028,-1.000000000,6,Pedestrian,8.066009034,49,41,0.836734694
nuscenes_mini_subset,scene-1094_028,-1.000000000,7,Car,27.385168472,9,9,1.000000000
nuscenes_mini_subset,scene-1094_028,-0.500000000,0,Pedestrian,17.079714571,9,9,1.000000000
nuscenes_mini_subset,scene-1094_028,-0.500000000,2,Car,25.267372923,7,7,1.000000000
nuscenes_mini_subset,scene-1094_028,-0.500000000,4,Car,26.640495403,9,9,1.000000000
nuscenes_mini_subset,scene-1094_028,-0.500000000,6,Pedestrian,8.066009034,49,47,0.959183673
nuscenes_mini_subset,scene-1094_028,-0.500000000,7,Car,27.385168472,9,9,1.000000000
nuscenes_mini_subset,scene-1094_028,0.000000000,0,Pedestrian,17.079714571,9,9,1.000000000
nuscenes_mini_subset,scene-1094_028,0.000000000,2,Car,25.267372923,7,7,1.000000000
nuscenes_mini_subset,scene-1094_028,0.000000000,4,Car,26.640495403,9,9,1.000000000
nuscenes_mini_subset,scene-1094_028,0.000000000,6,Pedestrian,8.066009034,49,49,1.000000000
nuscenes_mini_subset,scene-1094_028,0.000000000,7,Car,27.385168472,9,9,1.000000000
nuscenes_mini_subset,scene-1094_028,0.500000000,0,Pedestrian,17.079714571,9,9,1.000000000
nuscenes_mini_subset,scene-1094_028,0.500000000,2,Car,25.267372923,7,7,1.000000000
nuscenes_mini_subset,scene-1094_028,0.500000000,4,Car,26.640495403,9,8,0.888888889
nuscenes_mini_subset,scene-1094_028,0.500000000,6,Pedestrian,8.066009034,49,49,1.000000000
nuscenes_mini_subset,scene-1094_028,0.500000000,7,Car,27.385168472,9,9,1.000000000
nuscenes_mini_subset,scene-1094_028,1.000000000,0,Pedestrian,17.079714571,9,8,0.888888889
nuscenes_mini_subset,scene-1094_028,1.000000000,2,Car,25.267372923,7,7,1.000000000
nuscenes_mini_subset,scene-1094_028,1.000000000,4,Car,26.640495403,9,7,0.777777778
nuscenes_mini_subset,scene-1094_028,1.000000000,6,Pedestrian,8.066009034,49,46,0.938775510
nuscenes_mini_subset,scene-1094_028,1.000000000,7,Car,27.385168472,9,9,1.000000000
nuscenes_mini_subset,scene-1094_028,2.000000000,0,Pedestrian,17.079714571,9,1,0.111111111
nuscenes_mini_subset,scene-1094_028,2.000000000,2,Car,25.267372923,7,7,1.000000000
nuscenes_mini_subset,scene-1094_028,2.000000000,4,Car,26.640495403,9,6,0.666666667
nuscenes_mini_subset,scene-1094_028,2.000000000,6,Pedestrian,8.066009034,49,43,0.877551020
nuscenes_mini_subset,scene-1094_028,2.000000000,7,Car,27.385168472,9,9,1.000000000
nuscenes_mini_subset,scene-1094_028,3.000000000,0,Pedestrian,17.079714571,9,0,0.000000000
nuscenes_mini_subset,scene-1094_028,3.000000000,2,Car,25.267372923,7,6,0.857142857
nuscenes_mini_subset,scene-1094_028,3.000000000,4,Car,26.640495403,9,3,0.333333333
nuscenes_mini_subset,scene-1094_028,3.000000000,6,Pedestrian,8.066009034,49,34,0.693877551
nuscenes_mini_subset,scene-1094_028,3.000000000,7,Car,27.385168472,9,8,0.888888889
nuscenes_mini_subset,scene-1094_029,-3.000000000,0,Pedestrian,13.047892441,19,3,0.157894737
nuscenes_mini_subset,scene-1094_029,-3.000000000,1,Bus,50.466887139,6,6,1.000000000
nuscenes_mini_subset,scene-1094_029,-3.000000000,2,Car,17.056318671,23,2,0.086956522
nuscenes_mini_subset,scene-1094_029,-3.000000000,3,Car,27.360594493,19,3,0.157894737
nuscenes_mini_subset,scene-1094_029,-3.000000000,5,Car,20.513906807,26,0,0.000000000
nuscenes_mini_subset,scene-1094_029,-2.000000000,0,Pedestrian,13.047892441,19,15,0.789473684
nuscenes_mini_subset,scene-1094_029,-2.000000000,1,Bus,50.466887139,6,6,1.000000000
nuscenes_mini_subset,scene-1094_029,-2.000000000,2,Car,17.056318671,23,3,0.130434783
nuscenes_mini_subset,scene-1094_029,-2.000000000,3,Car,27.360594493,19,8,0.421052632
nuscenes_mini_subset,scene-1094_029,-2.000000000,5,Car,20.513906807,26,0,0.000000000
nuscenes_mini_subset,scene-1094_029,-1.000000000,0,Pedestrian,13.047892441,19,19,1.000000000
nuscenes_mini_subset,scene-1094_029,-1.000000000,1,Bus,50.466887139,6,6,1.000000000
nuscenes_mini_subset,scene-1094_029,-1.000000000,2,Car,17.056318671,23,5,0.217391304
nuscenes_mini_subset,scene-1094_029,-1.000000000,3,Car,27.360594493,19,16,0.842105263
nuscenes_mini_subset,scene-1094_029,-1.000000000,5,Car,20.513906807,26,0,0.000000000
nuscenes_mini_subset,scene-1094_029,-0.500000000,0,Pedestrian,13.047892441,19,19,1.000000000
nuscenes_mini_subset,scene-1094_029,-0.500000000,1,Bus,50.466887139,6,6,1.000000000
nuscenes_mini_subset,scene-1094_029,-0.500000000,2,Car,17.056318671,23,5,0.217391304
nuscenes_mini_subset,scene-1094_029,-0.500000000,3,Car,27.360594493,19,19,1.000000000
nuscenes_mini_subset,scene-1094_029,-0.500000000,5,Car,20.513906807,26,0,0.000000000
nuscenes_mini_subset,scene-1094_029,0.000000000,0,Pedestrian,13.047892441,19,19,1.000000000
nuscenes_mini_subset,scene-1094_029,0.000000000,1,Bus,50.466887139,6,6,1.000000000
nuscenes_mini_subset,scene-1094_029,0.000000000,2,Car,17.056318671,23,6,0.260869565
nuscenes_mini_subset,scene-1094_029,0.000000000,3,Car,27.360594493,19,19,1.000000000
nuscenes_mini_subset,scene-1094_029,0.000000000,5,Car,20.513906807,26,0,0.000000000
nuscenes_mini_subset,scene-1094_029,0.500000000,0,Pedestrian,13.047892441,19,19,1.000000000
nuscenes_mini_subset,scene-1094_029,0.500000000,1,Bus,50.466887139,6,6,1.000000000
nuscenes_mini_subset,scene-1094_029,0.500000000,2,Car,17.056318671,23,8,0.347826087
nuscenes_mini_subset,scene-1094_029,0.500000000,3,Car,27.360594493,19,18,0.947368421
nuscenes_mini_subset,scene-1094_029,0.500000000,5,Car,20.513906807,26,0,0.000000000
nuscenes_mini_subset,scene-1094_029,1.000000000,0,Pedestrian,13.047892441,19,17,0.894736842
nuscenes_mini_subset,scene-1094_029,1.000000000,1,Bus,50.466887139,6,6,1.000000000
nuscenes_mini_subset,scene-1094_029,1.000000000,2,Car,17.056318671,23,12,0.521739130
nuscenes_mini_subset,scene-1094_029,1.000000000,3,Car,27.360594493,19,16,0.842105263
nuscenes_mini_subset,scene-1094_029,1.000000000,5,Car,20.513906807,26,0,0.000000000
nuscenes_mini_subset,scene-1094_029,2.000000000,0,Pedestrian,13.047892441,19,5,0.263157895
nuscenes_mini_subset,scene-1094_029,2.000000000,1,Bus,50.466887139,6,3,0.500000000
nuscenes_mini_subset,scene-1094_029,2.000000000,2,Car,17.056318671,23,16,0.695652174
nuscenes_mini_subset,scene-1094_029,2.000000000,3,Car,27.360594493,19,11,0.578947368
nuscenes_mini_subset,scene-1094_029,2.000000000,5,Car,20.513906807,26,0,0.000000000
nuscenes_mini_subset,scene-1094_029,3.000000000,0,Pedestrian,13.047892441,19,0,0.000000000
nuscenes_mini_subset,scene-1094_029,3.000000000,1,Bus,50.466887139,6,1,0.166666667
nuscenes_mini_subset,scene-1094_029,3.000000000,2,Car,17.056318671,23,19,0.826086957
nuscenes_mini_subset,scene-1094_029,3.000000000,3,Car,27.360594493,19,3,0.157894737
nuscenes_mini_subset,scene-1094_029,3.000000000,5,Car,20.513906807,26,0,0.000000000
nuscenes_mini_subset,scene-1094_030,-3.000000000,0,Pedestrian,9.056494212,42,27,0.642857143
nuscenes_mini_subset,scene-1094_030,-3.000000000,1,Bus,42.427413100,32,24,0.750000000
nuscenes_mini_subset,scene-1094_030,-3.000000000,2,Car,28.226705700,8,1,0.125000000
nuscenes_mini_subset,scene-1094_030,-2.000000000,0,Pedestrian,9.056494212,42,37,0.880952381
nuscenes_mini_subset,scene-1094_030,-2.000000000,1,Bus,42.427413100,32,27,0.843750000
nuscenes_mini_subset,scene-1094_030,-2.000000000,2,Car,28.226705700,8,4,0.500000000
nuscenes_mini_subset,scene-1094_030,-1.000000000,0,Pedestrian,9.056494212,42,41,0.976190476
nuscenes_mini_subset,scene-1094_030,-1.000000000,1,Bus,42.427413100,32,30,0.937500000
nuscenes_mini_subset,scene-1094_030,-1.000000000,2,Car,28.226705700,8,7,0.875000000
nuscenes_mini_subset,scene-1094_030,-0.500000000,0,Pedestrian,9.056494212,42,42,1.000000000
nuscenes_mini_subset,scene-1094_030,-0.500000000,1,Bus,42.427413100,32,32,1.000000000
nuscenes_mini_subset,scene-1094_030,-0.500000000,2,Car,28.226705700,8,8,1.000000000
nuscenes_mini_subset,scene-1094_030,0.000000000,0,Pedestrian,9.056494212,42,42,1.000000000
nuscenes_mini_subset,scene-1094_030,0.000000000,1,Bus,42.427413100,32,32,1.000000000
nuscenes_mini_subset,scene-1094_030,0.000000000,2,Car,28.226705700,8,8,1.000000000
nuscenes_mini_subset,scene-1094_030,0.500000000,0,Pedestrian,9.056494212,42,42,1.000000000
nuscenes_mini_subset,scene-1094_030,0.500000000,1,Bus,42.427413100,32,32,1.000000000
nuscenes_mini_subset,scene-1094_030,0.500000000,2,Car,28.226705700,8,7,0.875000000
nuscenes_mini_subset,scene-1094_030,1.000000000,0,Pedestrian,9.056494212,42,39,0.928571429
nuscenes_mini_subset,scene-1094_030,1.000000000,1,Bus,42.427413100,32,30,0.937500000
nuscenes_mini_subset,scene-1094_030,1.000000000,2,Car,28.226705700,8,7,0.875000000
nuscenes_mini_subset,scene-1094_030,2.000000000,0,Pedestrian,9.056494212,42,19,0.452380952
nuscenes_mini_subset,scene-1094_030,2.000000000,1,Bus,42.427413100,32,22,0.687500000
nuscenes_mini_subset,scene-1094_030,2.000000000,2,Car,28.226705700,8,4,0.500000000
nuscenes_mini_subset,scene-1094_030,3.000000000,0,Pedestrian,9.056494212,42,8,0.190476190
nuscenes_mini_subset,scene-1094_030,3.000000000,1,Bus,42.427413100,32,17,0.531250000
nuscenes_mini_subset,scene-1094_030,3.000000000,2,Car,28.226705700,8,1,0.125000000
nuscenes_mini_subset,scene-1094_031,-3.000000000,0,Bus,34.206601171,47,39,0.829787234
nuscenes_mini_subset,scene-1094_031,-3.000000000,1,Car,28.750168332,9,3,0.333333333
nuscenes_mini_subset,scene-1094_031,-2.000000000,0,Bus,34.206601171,47,42,0.893617021
nuscenes_mini_subset,scene-1094_031,-2.000000000,1,Car,28.750168332,9,5,0.555555556
nuscenes_mini_subset,scene-1094_031,-1.000000000,0,Bus,34.206601171,47,45,0.957446809
nuscenes_mini_subset,scene-1094_031,-1.000000000,1,Car,28.750168332,9,7,0.777777778
nuscenes_mini_subset,scene-1094_031,-0.500000000,0,Bus,34.206601171,47,47,1.000000000
nuscenes_mini_subset,scene-1094_031,-0.500000000,1,Car,28.750168332,9,9,1.000000000
nuscenes_mini_subset,scene-1094_031,0.000000000,0,Bus,34.206601171,47,47,1.000000000
nuscenes_mini_subset,scene-1094_031,0.000000000,1,Car,28.750168332,9,9,1.000000000
nuscenes_mini_subset,scene-1094_031,0.500000000,0,Bus,34.206601171,47,46,0.978723404
nuscenes_mini_subset,scene-1094_031,0.500000000,1,Car,28.750168332,9,8,0.888888889
nuscenes_mini_subset,scene-1094_031,1.000000000,0,Bus,34.206601171,47,44,0.936170213
nuscenes_mini_subset,scene-1094_031,1.000000000,1,Car,28.750168332,9,6,0.666666667
nuscenes_mini_subset,scene-1094_031,2.000000000,0,Bus,34.206601171,47,35,0.744680851
nuscenes_mini_subset,scene-1094_031,2.000000000,1,Car,28.750168332,9,3,0.333333333
nuscenes_mini_subset,scene-1094_031,3.000000000,0,Bus,34.206601171,47,27,0.574468085
nuscenes_mini_subset,scene-1094_031,3.000000000,1,Car,28.750168332,9,1,0.111111111
nuscenes_mini_subset,scene-1094_032,-3.000000000,0,Bus,26.233806137,117,89,0.760683761
nuscenes_mini_subset,scene-1094_032,-3.000000000,1,Car,29.268784397,7,1,0.142857143
nuscenes_mini_subset,scene-1094_032,-2.000000000,0,Bus,26.233806137,117,100,0.854700855
nuscenes_mini_subset,scene-1094_032,-2.000000000,1,Car,29.268784397,7,2,0.285714286
nuscenes_mini_subset,scene-1094_032,-1.000000000,0,Bus,26.233806137,117,108,0.923076923
nuscenes_mini_subset,scene-1094_032,-1.000000000,1,Car,29.268784397,7,5,0.714285714
nuscenes_mini_subset,scene-1094_032,-0.500000000,0,Bus,26.233806137,117,108,0.923076923
nuscenes_mini_subset,scene-1094_032,-0.500000000,1,Car,29.268784397,7,6,0.857142857
nuscenes_mini_subset,scene-1094_032,0.000000000,0,Bus,26.233806137,117,108,0.923076923
nuscenes_mini_subset,scene-1094_032,0.000000000,1,Car,29.268784397,7,7,1.000000000
nuscenes_mini_subset,scene-1094_032,0.500000000,0,Bus,26.233806137,117,108,0.923076923
nuscenes_mini_subset,scene-1094_032,0.500000000,1,Car,29.268784397,7,7,1.000000000
nuscenes_mini_subset,scene-1094_032,1.000000000,0,Bus,26.233806137,117,105,0.897435897
nuscenes_mini_subset,scene-1094_032,1.000000000,1,Car,29.268784397,7,6,0.857142857
nuscenes_mini_subset,scene-1094_032,2.000000000,0,Bus,26.233806137,117,99,0.846153846
nuscenes_mini_subset,scene-1094_032,2.000000000,1,Car,29.268784397,7,4,0.571428571
nuscenes_mini_subset,scene-1094_032,3.000000000,0,Bus,26.233806137,117,95,0.811965812
nuscenes_mini_subset,scene-1094_032,3.000000000,1,Car,29.268784397,7,1,0.142857143
nuscenes_mini_subset,scene-1094_033,-3.000000000,0,Bus,18.847267593,338,38,0.112426036
nuscenes_mini_subset,scene-1094_033,-3.000000000,1,Car,29.705961945,17,2,0.117647059
nuscenes_mini_subset,scene-1094_033,-3.000000000,2,Pedestrian,19.308768001,6,0,0.000000000
nuscenes_mini_subset,scene-1094_033,-2.000000000,0,Bus,18.847267593,338,47,0.139053254
nuscenes_mini_subset,scene-1094_033,-2.000000000,1,Car,29.705961945,17,8,0.470588235
nuscenes_mini_subset,scene-1094_033,-2.000000000,2,Pedestrian,19.308768001,6,0,0.000000000
nuscenes_mini_subset,scene-1094_033,-1.000000000,0,Bus,18.847267593,338,61,0.180473373
nuscenes_mini_subset,scene-1094_033,-1.000000000,1,Car,29.705961945,17,14,0.823529412
nuscenes_mini_subset,scene-1094_033,-1.000000000,2,Pedestrian,19.308768001,6,5,0.833333333
nuscenes_mini_subset,scene-1094_033,-0.500000000,0,Bus,18.847267593,338,69,0.204142012
nuscenes_mini_subset,scene-1094_033,-0.500000000,1,Car,29.705961945,17,16,0.941176471
nuscenes_mini_subset,scene-1094_033,-0.500000000,2,Pedestrian,19.308768001,6,6,1.000000000
nuscenes_mini_subset,scene-1094_033,0.000000000,0,Bus,18.847267593,338,73,0.215976331
nuscenes_mini_subset,scene-1094_033,0.000000000,1,Car,29.705961945,17,17,1.000000000
nuscenes_mini_subset,scene-1094_033,0.000000000,2,Pedestrian,19.308768001,6,6,1.000000000
nuscenes_mini_subset,scene-1094_033,0.500000000,0,Bus,18.847267593,338,83,0.245562130
nuscenes_mini_subset,scene-1094_033,0.500000000,1,Car,29.705961945,17,17,1.000000000
nuscenes_mini_subset,scene-1094_033,0.500000000,2,Pedestrian,19.308768001,6,6,1.000000000
nuscenes_mini_subset,scene-1094_033,1.000000000,0,Bus,18.847267593,338,85,0.251479290
nuscenes_mini_subset,scene-1094_033,1.000000000,1,Car,29.705961945,17,13,0.764705882
nuscenes_mini_subset,scene-1094_033,1.000000000,2,Pedestrian,19.308768001,6,6,1.000000000
nuscenes_mini_subset,scene-1094_033,2.000000000,0,Bus,18.847267593,338,90,0.266272189
nuscenes_mini_subset,scene-1094_033,2.000000000,1,Car,29.705961945,17,7,0.411764706
nuscenes_mini_subset,scene-1094_033,2.000000000,2,Pedestrian,19.308768001,6,0,0.000000000
nuscenes_mini_subset,scene-1094_033,3.000000000,0,Bus,18.847267593,338,96,0.284023669
nuscenes_mini_subset,scene-1094_033,3.000000000,1,Car,29.705961945,17,1,0.058823529
nuscenes_mini_subset,scene-1094_033,3.000000000,2,Pedestrian,19.308768001,6,0,0.000000000
nuscenes_mini_subset,scene-1094_034,-3.000000000,0,Car,30.010126006,7,0,0.000000000
nuscenes_mini_subset,scene-1094_034,-3.000000000,1,Pedestrian,13.482996124,13,0,0.000000000
nuscenes_mini_subset,scene-1094_034,-2.000000000,0,Car,30.010126006,7,3,0.428571429
nuscenes_mini_subset,scene-1094_034,-2.000000000,1,Pedestrian,13.482996124,13,6,0.461538462
nuscenes_mini_subset,scene-1094_034,-1.000000000,0,Car,30.010126006,7,6,0.857142857
nuscenes_mini_subset,scene-1094_034,-1.000000000,1,Pedestrian,13.482996124,13,13,1.000000000
nuscenes_mini_subset,scene-1094_034,-0.500000000,0,Car,30.010126006,7,7,1.000000000
nuscenes_mini_subset,scene-1094_034,-0.500000000,1,Pedestrian,13.482996124,13,13,1.000000000
nuscenes_mini_subset,scene-1094_034,0.000000000,0,Car,30.010126006,7,7,1.000000000
nuscenes_mini_subset,scene-1094_034,0.000000000,1,Pedestrian,13.482996124,13,13,1.000000000
nuscenes_mini_subset,scene-1094_034,0.500000000,0,Car,30.010126006,7,7,1.000000000
nuscenes_mini_subset,scene-1094_034,0.500000000,1,Pedestrian,13.482996124,13,13,1.000000000
nuscenes_mini_subset,scene-1094_034,1.000000000,0,Car,30.010126006,7,6,0.857142857
nuscenes_mini_subset,scene-1094_034,1.000000000,1,Pedestrian,13.482996124,13,13,1.000000000
nuscenes_mini_subset,scene-1094_034,2.000000000,0,Car,30.010126006,7,3,0.428571429
nuscenes_mini_subset,scene-1094_034,2.000000000,1,Pedestrian,13.482996124,13,7,0.538461538
nuscenes_mini_subset,scene-1094_034,3.000000000,0,Car,30.010126006,7,0,0.000000000
nuscenes_mini_subset,scene-1094_034,3.000000000,1,Pedestrian,13.482996124,13,1,0.076923077
nuscenes_mini_subset,scene-1094_035,-3.000000000,0,Car,30.010228762,8,0,0.000000000
nuscenes_mini_subset,scene-1094_035,-2.000000000,0,Car,30.010228762,8,3,0.375000000
nuscenes_mini_subset,scene-1094_035,-1.000000000,0,Car,30.010228762,8,6,0.750000000
nuscenes_mini_subset,scene-1094_035,-0.500000000,0,Car,30.010228762,8,7,0.875000000
nuscenes_mini_subset,scene-1094_035,0.000000000,0,Car,30.010228762,8,8,1.000000000
nuscenes_mini_subset,scene-1094_035,0.500000000,0,Car,30.010228762,8,8,1.000000000
nuscenes_mini_subset,scene-1094_035,1.000000000,0,Car,30.010228762,8,7,0.875000000
nuscenes_mini_subset,scene-1094_035,2.000000000,0,Car,30.010228762,8,4,0.500000000
nuscenes_mini_subset,scene-1094_035,3.000000000,0,Car,30.010228762,8,1,0.125000000
nuscenes_mini_subset,scene-1094_036,-3.000000000,0,Car,30.034763119,17,1,0.058823529
nuscenes_mini_subset,scene-1094_036,-2.000000000,0,Car,30.034763119,17,7,0.411764706
nuscenes_mini_subset,scene-1094_036,-1.000000000,0,Car,30.034763119,17,13,0.764705882
nuscenes_mini_subset,scene-1094_036,-0.500000000,0,Car,30.034763119,17,17,1.000000000
nuscenes_mini_subset,scene-1094_036,0.000000000,0,Car,30.034763119,17,17,1.000000000
nuscenes_mini_subset,scene-1094_036,0.500000000,0,Car,30.034763119,17,17,1.000000000
nuscenes_mini_subset,scene-1094_036,1.000000000,0,Car,30.034763119,17,14,0.823529412
nuscenes_mini_subset,scene-1094_036,2.000000000,0,Car,30.034763119,17,8,0.470588235
nuscenes_mini_subset,scene-1094_036,3.000000000,0,Car,30.034763119,17,2,0.117647059
nuscenes_mini_subset,scene-1094_037,-3.000000000,0,Car,30.036083246,7,0,0.000000000
nuscenes_mini_subset,scene-1094_037,-3.000000000,4,Car,30.250955746,5,2,0.400000000
nuscenes_mini_subset,scene-1094_037,-2.000000000,0,Car,30.036083246,7,2,0.285714286
nuscenes_mini_subset,scene-1094_037,-2.000000000,4,Car,30.250955746,5,2,0.400000000
nuscenes_mini_subset,scene-1094_037,-1.000000000,0,Car,30.036083246,7,5,0.714285714
nuscenes_mini_subset,scene-1094_037,-1.000000000,4,Car,30.250955746,5,3,0.600000000
nuscenes_mini_subset,scene-1094_037,-0.500000000,0,Car,30.036083246,7,7,1.000000000
nuscenes_mini_subset,scene-1094_037,-0.500000000,4,Car,30.250955746,5,4,0.800000000
nuscenes_mini_subset,scene-1094_037,0.000000000,0,Car,30.036083246,7,7,1.000000000
nuscenes_mini_subset,scene-1094_037,0.000000000,4,Car,30.250955746,5,5,1.000000000
nuscenes_mini_subset,scene-1094_037,0.500000000,0,Car,30.036083246,7,7,1.000000000
nuscenes_mini_subset,scene-1094_037,0.500000000,4,Car,30.250955746,5,4,0.800000000
nuscenes_mini_subset,scene-1094_037,1.000000000,0,Car,30.036083246,7,7,1.000000000
nuscenes_mini_subset,scene-1094_037,1.000000000,4,Car,30.250955746,5,4,0.800000000
nuscenes_mini_subset,scene-1094_037,2.000000000,0,Car,30.036083246,7,4,0.571428571
nuscenes_mini_subset,scene-1094_037,2.000000000,4,Car,30.250955746,5,4,0.800000000
nuscenes_mini_subset,scene-1094_037,3.000000000,0,Car,30.036083246,7,1,0.142857143
nuscenes_mini_subset,scene-1094_037,3.000000000,4,Car,30.250955746,5,3,0.600000000
nuscenes_mini_subset,scene-1094_038,-3.000000000,0,Car,29.993392975,18,3,0.166666667
nuscenes_mini_subset,scene-1094_038,-3.000000000,1,Pedestrian,26.350824766,5,0,0.000000000
nuscenes_mini_subset,scene-1094_038,-3.000000000,3,Car,18.938087006,42,29,0.690476190
nuscenes_mini_subset,scene-1094_038,-2.000000000,0,Car,29.993392975,18,8,0.444444444
nuscenes_mini_subset,scene-1094_038,-2.000000000,1,Pedestrian,26.350824766,5,0,0.000000000
nuscenes_mini_subset,scene-1094_038,-2.000000000,3,Car,18.938087006,42,34,0.809523810
nuscenes_mini_subset,scene-1094_038,-1.000000000,0,Car,29.993392975,18,14,0.777777778
nuscenes_mini_subset,scene-1094_038,-1.000000000,1,Pedestrian,26.350824766,5,2,0.400000000
nuscenes_mini_subset,scene-1094_038,-1.000000000,3,Car,18.938087006,42,40,0.952380952
nuscenes_mini_subset,scene-1094_038,-0.500000000,0,Car,29.993392975,18,18,1.000000000
nuscenes_mini_subset,scene-1094_038,-0.500000000,1,Pedestrian,26.350824766,5,4,0.800000000
nuscenes_mini_subset,scene-1094_038,-0.500000000,3,Car,18.938087006,42,42,1.000000000
nuscenes_mini_subset,scene-1094_038,0.000000000,0,Car,29.993392975,18,18,1.000000000
nuscenes_mini_subset,scene-1094_038,0.000000000,1,Pedestrian,26.350824766,5,5,1.000000000
nuscenes_mini_subset,scene-1094_038,0.000000000,3,Car,18.938087006,42,42,1.000000000
nuscenes_mini_subset,scene-1094_038,0.500000000,0,Car,29.993392975,18,15,0.833333333
nuscenes_mini_subset,scene-1094_038,0.500000000,1,Pedestrian,26.350824766,5,3,0.600000000
nuscenes_mini_subset,scene-1094_038,0.500000000,3,Car,18.938087006,42,42,1.000000000
nuscenes_mini_subset,scene-1094_038,1.000000000,0,Car,29.993392975,18,14,0.777777778
nuscenes_mini_subset,scene-1094_038,1.000000000,1,Pedestrian,26.350824766,5,1,0.200000000
nuscenes_mini_subset,scene-1094_038,1.000000000,3,Car,18.938087006,42,41,0.976190476
nuscenes_mini_subset,scene-1094_038,2.000000000,0,Car,29.993392975,18,8,0.444444444
nuscenes_mini_subset,scene-1094_038,2.000000000,1,Pedestrian,26.350824766,5,0,0.000000000
nuscenes_mini_subset,scene-1094_038,2.000000000,3,Car,18.938087006,42,38,0.904761905
nuscenes_mini_subset,scene-1094_038,3.000000000,0,Car,29.993392975,18,2,0.111111111
nuscenes_mini_subset,scene-1094_038,3.000000000,1,Pedestrian,26.350824766,5,0,0.000000000
nuscenes_mini_subset,scene-1094_038,3.000000000,3,Car,18.938087006,42,30,0.714285714
nuscenes_mini_subset,scene-1094_039,-3.000000000,0,Car,29.877677480,10,1,0.100000000
nuscenes_mini_subset,scene-1094_039,-3.000000000,1,Pedestrian,19.673974815,11,0,0.000000000
nuscenes_mini_subset,scene-1094_039,-3.000000000,2,Pedestrian,15.382883664,7,0,0.000000000
nuscenes_mini_subset,scene-1094_039,-2.000000000,0,Car,29.877677480,10,4,0.400000000
nuscenes_mini_subset,scene-1094_039,-2.000000000,1,Pedestrian,19.673974815,11,0,0.000000000
nuscenes_mini_subset,scene-1094_039,-2.000000000,2,Pedestrian,15.382883664,7,0,0.000000000
nuscenes_mini_subset,scene-1094_039,-1.000000000,0,Car,29.877677480,10,7,0.700000000
nuscenes_mini_subset,scene-1094_039,-1.000000000,1,Pedestrian,19.673974815,11,6,0.545454545
nuscenes_mini_subset,scene-1094_039,-1.000000000,2,Pedestrian,15.382883664,7,6,0.857142857
nuscenes_mini_subset,scene-1094_039,-0.500000000,0,Car,29.877677480,10,9,0.900000000
nuscenes_mini_subset,scene-1094_039,-0.500000000,1,Pedestrian,19.673974815,11,10,0.909090909
nuscenes_mini_subset,scene-1094_039,-0.500000000,2,Pedestrian,15.382883664,7,7,1.000000000
nuscenes_mini_subset,scene-1094_039,0.000000000,0,Car,29.877677480,10,10,1.000000000
nuscenes_mini_subset,scene-1094_039,0.000000000,1,Pedestrian,19.673974815,11,11,1.000000000
nuscenes_mini_subset,scene-1094_039,0.000000000,2,Pedestrian,15.382883664,7,7,1.000000000
nuscenes_mini_subset,scene-1094_039,0.500000000,0,Car,29.877677480,10,9,0.900000000
nuscenes_mini_subset,scene-1094_039,0.500000000,1,Pedestrian,19.673974815,11,11,1.000000000
nuscenes_mini_subset,scene-1094_039,0.500000000,2,Pedestrian,15.382883664,7,7,1.000000000
nuscenes_mini_subset,scene-1094_039,1.000000000,0,Car,29.877677480,10,8,0.800000000
nuscenes_mini_subset,scene-1094_039,1.000000000,1,Pedestrian,19.673974815,11,7,0.636363636
nuscenes_mini_subset,scene-1094_039,1.000000000,2,Pedestrian,15.382883664,7,7,1.000000000
nuscenes_mini_subset,scene-1094_039,2.000000000,0,Car,29.877677480,10,5,0.500000000
nuscenes_mini_subset,scene-1094_039,2.000000000,1,Pedestrian,19.673974815,11,0,0.000000000
nuscenes_mini_subset,scene-1094_039,2.000000000,2,Pedestrian,15.382883664,7,0,0.000000000
nuscenes_mini_subset,scene-1094_039,3.000000000,0,Car,29.877677480,10,2,0.200000000
nuscenes_mini_subset,scene-1094_039,3.000000000,1,Pedestrian,19.673974815,11,0,0.000000000
nuscenes_mini_subset,scene-1094_039,3.000000000,2,Pedestrian,15.382883664,7,0,0.000000000
